[2025-10-08T05:41:34.288+0000][120][info][gc,init] CardTable entry size: 512
[2025-10-08T05:41:34.288+0000][120][info][gc     ] Using G1
[2025-10-08T05:41:34.652+0000][120][info][gc,init] Version: 22.0.1+8-16 (release)
[2025-10-08T05:41:34.653+0000][120][info][gc,init] CPUs: 8 total, 8 available
[2025-10-08T05:41:34.653+0000][120][info][gc,init] Memory: 7837M
[2025-10-08T05:41:34.653+0000][120][info][gc,init] Large Page Support: Disabled
[2025-10-08T05:41:34.653+0000][120][info][gc,init] NUMA Support: Disabled
[2025-10-08T05:41:34.653+0000][120][info][gc,init] Compressed Oops: Enabled (32-bit)
[2025-10-08T05:41:34.653+0000][120][info][gc,init] Heap Region Size: 4M
[2025-10-08T05:41:34.653+0000][120][info][gc,init] Heap Min Capacity: 1G
[2025-10-08T05:41:34.653+0000][120][info][gc,init] Heap Initial Capacity: 1G
[2025-10-08T05:41:34.653+0000][120][info][gc,init] Heap Max Capacity: 1G
[2025-10-08T05:41:34.653+0000][120][info][gc,init] Pre-touch: Enabled
[2025-10-08T05:41:34.653+0000][120][info][gc,init] Parallel Workers: 8
[2025-10-08T05:41:34.653+0000][120][info][gc,init] Concurrent Workers: 2
[2025-10-08T05:41:34.653+0000][120][info][gc,init] Concurrent Refinement Workers: 8
[2025-10-08T05:41:34.653+0000][120][info][gc,init] Periodic GC: Disabled
[2025-10-08T05:41:34.666+0000][120][info][gc,metaspace] CDS archive(s) mapped at: [0x0000001e00000000-0x0000001e00c80000-0x0000001e00c80000), size 13107200, SharedBaseAddress: 0x0000001e00000000, ArchiveRelocationMode: 1.
[2025-10-08T05:41:34.666+0000][120][info][gc,metaspace] Compressed class space mapped at: 0x0000001e01000000-0x0000001e41000000, reserved size: 1073741824
[2025-10-08T05:41:34.666+0000][120][info][gc,metaspace] Narrow klass base: 0x0000001e00000000, Narrow klass shift: 0, Narrow klass range: 0x100000000
[2025-10-08T05:41:34.715+0000][120][info][safepoint   ] Safepoint "ICBufferFull", Time since last: 46181833 ns, Reaching safepoint: 274292 ns, Cleanup: 59458 ns, At safepoint: 15958 ns, Total: 349708 ns
[2025-10-08T05:41:34.790+0000][120][info][safepoint   ] Safepoint "ICBufferFull", Time since last: 73834167 ns, Reaching safepoint: 1298542 ns, Cleanup: 67125 ns, At safepoint: 13750 ns, Total: 1379417 ns
[2025-10-08T05:41:34.872+0000][120][info][safepoint   ] Safepoint "ICBufferFull", Time since last: 81856291 ns, Reaching safepoint: 1709 ns, Cleanup: 45750 ns, At safepoint: 7000 ns, Total: 54459 ns
[2025-10-08T05:41:34.923+0000][120][info][safepoint   ] Safepoint "ICBufferFull", Time since last: 50718292 ns, Reaching safepoint: 1291 ns, Cleanup: 73500 ns, At safepoint: 5959 ns, Total: 80750 ns
[2025-10-08T05:41:34.940+0000][120][info][gc,start    ] GC(0) Pause Young (Normal) (G1 Evacuation Pause)
[2025-10-08T05:41:34.940+0000][120][info][gc,task     ] GC(0) Using 8 workers of 8 for evacuation
[2025-10-08T05:41:34.940+0000][120][debug][gc,age      ] GC(0) Desired survivor size 4194304 bytes, new threshold 15 (max threshold 15)
[2025-10-08T05:41:34.942+0000][120][info ][gc,phases   ] GC(0)   Pre Evacuate Collection Set: 0.12ms
[2025-10-08T05:41:34.942+0000][120][info ][gc,phases   ] GC(0)   Merge Heap Roots: 0.05ms
[2025-10-08T05:41:34.942+0000][120][info ][gc,phases   ] GC(0)   Evacuate Collection Set: 1.04ms
[2025-10-08T05:41:34.942+0000][120][info ][gc,phases   ] GC(0)   Post Evacuate Collection Set: 0.28ms
[2025-10-08T05:41:34.942+0000][120][info ][gc,phases   ] GC(0)   Other: 0.15ms
[2025-10-08T05:41:34.942+0000][120][trace][gc,age      ] GC(0) Age table with threshold 15 (max threshold 15)
[2025-10-08T05:41:34.942+0000][120][trace][gc,age      ] GC(0) - age   1:    4677536 bytes,    4677536 total
[2025-10-08T05:41:34.942+0000][120][info ][gc,heap     ] GC(0) Eden regions: 12->0(22)
[2025-10-08T05:41:34.942+0000][120][info ][gc,heap     ] GC(0) Survivor regions: 0->2(2)
[2025-10-08T05:41:34.942+0000][120][info ][gc,heap     ] GC(0) Old regions: 1->1
[2025-10-08T05:41:34.942+0000][120][info ][gc,heap     ] GC(0) Humongous regions: 0->0
[2025-10-08T05:41:34.942+0000][120][info ][gc,metaspace] GC(0) Metaspace: 7236K(7488K)->7236K(7488K) NonClass: 6371K(6528K)->6371K(6528K) Class: 865K(960K)->865K(960K)
[2025-10-08T05:41:34.942+0000][120][info ][gc          ] GC(0) Pause Young (Normal) (G1 Evacuation Pause) 49M->5M(1024M) 2.250ms
[2025-10-08T05:41:34.942+0000][120][info ][gc,cpu      ] GC(0) User=0.01s Sys=0.00s Real=0.00s
[2025-10-08T05:41:34.942+0000][120][info ][safepoint   ] Safepoint "G1CollectForAllocation", Time since last: 17063250 ns, Reaching safepoint: 1208 ns, Cleanup: 18583 ns, At safepoint: 2323834 ns, Total: 2343625 ns
[2025-10-08T05:41:35.012+0000][120][info ][safepoint   ] Safepoint "ICBufferFull", Time since last: 69862666 ns, Reaching safepoint: 1500 ns, Cleanup: 76667 ns, At safepoint: 4917 ns, Total: 83084 ns
[2025-10-08T05:41:35.098+0000][120][info ][safepoint   ] Safepoint "ICBufferFull", Time since last: 86012125 ns, Reaching safepoint: 1916 ns, Cleanup: 75084 ns, At safepoint: 4458 ns, Total: 81458 ns
[2025-10-08T05:41:35.185+0000][120][info ][safepoint   ] Safepoint "ICBufferFull", Time since last: 86388667 ns, Reaching safepoint: 2750 ns, Cleanup: 106916 ns, At safepoint: 8792 ns, Total: 118458 ns
[2025-10-08T05:41:35.687+0000][120][info ][safepoint   ] Safepoint "ICBufferFull", Time since last: 502357459 ns, Reaching safepoint: 2416 ns, Cleanup: 141417 ns, At safepoint: 33583 ns, Total: 177416 ns
[2025-10-08T05:41:35.828+0000][120][info ][safepoint   ] Safepoint "ICBufferFull", Time since last: 140225000 ns, Reaching safepoint: 256167 ns, Cleanup: 70750 ns, At safepoint: 7958 ns, Total: 334875 ns
[2025-10-08T05:41:35.968+0000][120][info ][safepoint   ] Safepoint "ICBufferFull", Time since last: 139080042 ns, Reaching safepoint: 921125 ns, Cleanup: 79375 ns, At safepoint: 8208 ns, Total: 1008708 ns
[2025-10-08T05:41:36.026+0000][120][info ][gc,start    ] GC(1) Pause Young (Normal) (G1 Evacuation Pause)
[2025-10-08T05:41:36.026+0000][120][info ][gc,task     ] GC(1) Using 8 workers of 8 for evacuation
[2025-10-08T05:41:36.027+0000][120][debug][gc,age      ] GC(1) Desired survivor size 6291456 bytes, new threshold 15 (max threshold 15)
[2025-10-08T05:41:36.033+0000][120][info ][gc,phases   ] GC(1)   Pre Evacuate Collection Set: 0.13ms
[2025-10-08T05:41:36.033+0000][120][info ][gc,phases   ] GC(1)   Merge Heap Roots: 0.02ms
[2025-10-08T05:41:36.033+0000][120][info ][gc,phases   ] GC(1)   Evacuate Collection Set: 4.77ms
[2025-10-08T05:41:36.033+0000][120][info ][gc,phases   ] GC(1)   Post Evacuate Collection Set: 0.94ms
[2025-10-08T05:41:36.033+0000][120][info ][gc,phases   ] GC(1)   Other: 0.34ms
[2025-10-08T05:41:36.033+0000][120][trace][gc,age      ] GC(1) Age table with threshold 15 (max threshold 15)
[2025-10-08T05:41:36.033+0000][120][trace][gc,age      ] GC(1) - age   1:    4931624 bytes,    4931624 total
[2025-10-08T05:41:36.033+0000][120][trace][gc,age      ] GC(1) - age   2:    4605264 bytes,    9536888 total
[2025-10-08T05:41:36.033+0000][120][info ][gc,heap     ] GC(1) Eden regions: 22->0(42)
[2025-10-08T05:41:36.033+0000][120][info ][gc,heap     ] GC(1) Survivor regions: 2->3(3)
[2025-10-08T05:41:36.033+0000][120][info ][gc,heap     ] GC(1) Old regions: 1->1
[2025-10-08T05:41:36.034+0000][120][info ][gc,heap     ] GC(1) Humongous regions: 0->0
[2025-10-08T05:41:36.034+0000][120][info ][gc,metaspace] GC(1) Metaspace: 20169K(20800K)->20169K(20800K) NonClass: 17851K(18240K)->17851K(18240K) Class: 2317K(2560K)->2317K(2560K)
[2025-10-08T05:41:36.034+0000][120][info ][gc          ] GC(1) Pause Young (Normal) (G1 Evacuation Pause) 93M->10M(1024M) 7.837ms
[2025-10-08T05:41:36.034+0000][120][info ][gc,cpu      ] GC(1) User=0.03s Sys=0.00s Real=0.01s
[2025-10-08T05:41:36.034+0000][120][info ][safepoint   ] Safepoint "G1CollectForAllocation", Time since last: 57851709 ns, Reaching safepoint: 2500 ns, Cleanup: 53500 ns, At safepoint: 8095541 ns, Total: 8151541 ns
[2025-10-08T05:41:36.112+0000][120][info ][gc,start    ] GC(2) Pause Young (Concurrent Start) (Metadata GC Threshold)
[2025-10-08T05:41:36.112+0000][120][info ][gc,task     ] GC(2) Using 8 workers of 8 for evacuation
[2025-10-08T05:41:36.112+0000][120][debug][gc,age      ] GC(2) Desired survivor size 12582912 bytes, new threshold 15 (max threshold 15)
[2025-10-08T05:41:36.115+0000][120][info ][gc,phases   ] GC(2)   Pre Evacuate Collection Set: 0.12ms
[2025-10-08T05:41:36.115+0000][120][info ][gc,phases   ] GC(2)   Merge Heap Roots: 0.05ms
[2025-10-08T05:41:36.115+0000][120][info ][gc,phases   ] GC(2)   Evacuate Collection Set: 2.45ms
[2025-10-08T05:41:36.115+0000][120][info ][gc,phases   ] GC(2)   Post Evacuate Collection Set: 0.52ms
[2025-10-08T05:41:36.115+0000][120][info ][gc,phases   ] GC(2)   Other: 0.20ms
[2025-10-08T05:41:36.116+0000][120][trace][gc,age      ] GC(2) Age table with threshold 15 (max threshold 15)
[2025-10-08T05:41:36.116+0000][120][trace][gc,age      ] GC(2) - age   1:     475080 bytes,     475080 total
[2025-10-08T05:41:36.116+0000][120][trace][gc,age      ] GC(2) - age   2:    4061888 bytes,    4536968 total
[2025-10-08T05:41:36.116+0000][120][trace][gc,age      ] GC(2) - age   3:    4589136 bytes,    9126104 total
[2025-10-08T05:41:36.116+0000][120][info ][gc,heap     ] GC(2) Eden regions: 6->0(82)
[2025-10-08T05:41:36.116+0000][120][info ][gc,heap     ] GC(2) Survivor regions: 3->3(6)
[2025-10-08T05:41:36.116+0000][120][info ][gc,heap     ] GC(2) Old regions: 1->1
[2025-10-08T05:41:36.116+0000][120][info ][gc,heap     ] GC(2) Humongous regions: 0->0
[2025-10-08T05:41:36.116+0000][120][info ][gc,metaspace] GC(2) Metaspace: 20853K(21504K)->20853K(21504K) NonClass: 18426K(18816K)->18426K(18816K) Class: 2427K(2688K)->2427K(2688K)
[2025-10-08T05:41:36.116+0000][120][info ][gc          ] GC(2) Pause Young (Concurrent Start) (Metadata GC Threshold) 32M->10M(1024M) 3.912ms
[2025-10-08T05:41:36.116+0000][120][info ][gc,cpu      ] GC(2) User=0.01s Sys=0.00s Real=0.00s
[2025-10-08T05:41:36.116+0000][120][info ][gc          ] GC(3) Concurrent Mark Cycle
[2025-10-08T05:41:36.116+0000][120][info ][gc,marking  ] GC(3) Concurrent Scan Root Regions
[2025-10-08T05:41:36.116+0000][120][info ][safepoint   ] Safepoint "CollectForMetadataAllocation", Time since last: 77226292 ns, Reaching safepoint: 727292 ns, Cleanup: 51500 ns, At safepoint: 4079000 ns, Total: 4857792 ns
[2025-10-08T05:41:36.119+0000][120][info ][gc,marking  ] GC(3) Concurrent Scan Root Regions 2.737ms
[2025-10-08T05:41:36.121+0000][120][info ][gc,marking  ] GC(3) Concurrent Mark
[2025-10-08T05:41:36.121+0000][120][info ][gc,marking  ] GC(3) Concurrent Mark From Roots
[2025-10-08T05:41:36.121+0000][120][info ][gc,task     ] GC(3) Using 2 workers of 2 for marking
[2025-10-08T05:41:36.122+0000][120][info ][gc,marking  ] GC(3) Concurrent Mark From Roots 0.900ms
[2025-10-08T05:41:36.122+0000][120][info ][gc,marking  ] GC(3) Concurrent Preclean
[2025-10-08T05:41:36.122+0000][120][info ][gc,marking  ] GC(3) Concurrent Preclean 0.097ms
[2025-10-08T05:41:36.123+0000][120][info ][gc,start    ] GC(3) Pause Remark
[2025-10-08T05:41:36.124+0000][120][info ][gc          ] GC(3) Pause Remark 13M->13M(1024M) 1.522ms
[2025-10-08T05:41:36.124+0000][120][info ][gc,cpu      ] GC(3) User=0.00s Sys=0.00s Real=0.00s
[2025-10-08T05:41:36.125+0000][120][info ][safepoint   ] Safepoint "G1PauseRemark", Time since last: 5940083 ns, Reaching safepoint: 980792 ns, Cleanup: 8708 ns, At safepoint: 1618750 ns, Total: 2608250 ns
[2025-10-08T05:41:36.128+0000][120][info ][gc,marking  ] GC(3) Concurrent Mark 7.101ms
[2025-10-08T05:41:36.128+0000][120][info ][gc,marking  ] GC(3) Concurrent Rebuild Remembered Sets and Scrub Regions
[2025-10-08T05:41:36.129+0000][120][info ][gc,marking  ] GC(3) Concurrent Rebuild Remembered Sets and Scrub Regions 0.734ms
[2025-10-08T05:41:36.132+0000][120][info ][gc,start    ] GC(3) Pause Cleanup
[2025-10-08T05:41:36.132+0000][120][info ][gc          ] GC(3) Pause Cleanup 16M->16M(1024M) 0.088ms
[2025-10-08T05:41:36.132+0000][120][info ][gc,cpu      ] GC(3) User=0.00s Sys=0.00s Real=0.00s
[2025-10-08T05:41:36.132+0000][120][info ][safepoint   ] Safepoint "G1PauseCleanup", Time since last: 6332083 ns, Reaching safepoint: 899250 ns, Cleanup: 13542 ns, At safepoint: 189458 ns, Total: 1102250 ns
[2025-10-08T05:41:36.136+0000][120][info ][gc,marking  ] GC(3) Concurrent Clear Claimed Marks
[2025-10-08T05:41:36.136+0000][120][info ][gc,marking  ] GC(3) Concurrent Clear Claimed Marks 0.245ms
[2025-10-08T05:41:36.136+0000][120][info ][gc,marking  ] GC(3) Concurrent Cleanup for Next Mark
[2025-10-08T05:41:36.137+0000][120][info ][gc,marking  ] GC(3) Concurrent Cleanup for Next Mark 0.484ms
[2025-10-08T05:41:36.137+0000][120][info ][gc          ] GC(3) Concurrent Mark Cycle 20.785ms
[2025-10-08T05:41:36.249+0000][120][info ][safepoint   ] Safepoint "ICBufferFull", Time since last: 115925584 ns, Reaching safepoint: 1021750 ns, Cleanup: 65916 ns, At safepoint: 12500 ns, Total: 1100166 ns
[2025-10-08T05:41:36.415+0000][120][info ][safepoint   ] Safepoint "ICBufferFull", Time since last: 164753667 ns, Reaching safepoint: 1197750 ns, Cleanup: 111375 ns, At safepoint: 15584 ns, Total: 1324709 ns
[2025-10-08T05:41:36.590+0000][120][info ][safepoint   ] Safepoint "ICBufferFull", Time since last: 174475708 ns, Reaching safepoint: 2125 ns, Cleanup: 81250 ns, At safepoint: 4458 ns, Total: 87833 ns
[2025-10-08T05:41:36.715+0000][120][info ][safepoint   ] Safepoint "ICBufferFull", Time since last: 124151709 ns, Reaching safepoint: 1154250 ns, Cleanup: 155958 ns, At safepoint: 20000 ns, Total: 1330208 ns
[2025-10-08T05:41:36.761+0000][120][info ][gc,start    ] GC(4) Pause Young (Prepare Mixed) (G1 Evacuation Pause)
[2025-10-08T05:41:36.761+0000][120][info ][gc,task     ] GC(4) Using 8 workers of 8 for evacuation
[2025-10-08T05:41:36.761+0000][120][debug][gc,age      ] GC(4) Desired survivor size 23068672 bytes, new threshold 15 (max threshold 15)
[2025-10-08T05:41:36.766+0000][120][info ][gc,phases   ] GC(4)   Pre Evacuate Collection Set: 0.14ms
[2025-10-08T05:41:36.766+0000][120][info ][gc,phases   ] GC(4)   Merge Heap Roots: 0.08ms
[2025-10-08T05:41:36.766+0000][120][info ][gc,phases   ] GC(4)   Evacuate Collection Set: 4.09ms
[2025-10-08T05:41:36.766+0000][120][info ][gc,phases   ] GC(4)   Post Evacuate Collection Set: 0.74ms
[2025-10-08T05:41:36.766+0000][120][info ][gc,phases   ] GC(4)   Other: 0.13ms
[2025-10-08T05:41:36.766+0000][120][trace][gc,age      ] GC(4) Age table with threshold 15 (max threshold 15)
[2025-10-08T05:41:36.766+0000][120][trace][gc,age      ] GC(4) - age   1:    6740752 bytes,    6740752 total
[2025-10-08T05:41:36.766+0000][120][trace][gc,age      ] GC(4) - age   2:     424584 bytes,    7165336 total
[2025-10-08T05:41:36.766+0000][120][trace][gc,age      ] GC(4) - age   3:    4028992 bytes,   11194328 total
[2025-10-08T05:41:36.766+0000][120][trace][gc,age      ] GC(4) - age   4:    4587944 bytes,   15782272 total
[2025-10-08T05:41:36.766+0000][120][info ][gc,heap     ] GC(4) Eden regions: 82->0(148)
[2025-10-08T05:41:36.766+0000][120][info ][gc,heap     ] GC(4) Survivor regions: 3->5(11)
[2025-10-08T05:41:36.766+0000][120][info ][gc,heap     ] GC(4) Old regions: 1->1
[2025-10-08T05:41:36.766+0000][120][info ][gc,heap     ] GC(4) Humongous regions: 0->0
[2025-10-08T05:41:36.766+0000][120][info ][gc,metaspace] GC(4) Metaspace: 29007K(29824K)->29007K(29824K) NonClass: 25659K(26112K)->25659K(26112K) Class: 3347K(3712K)->3347K(3712K)
[2025-10-08T05:41:36.766+0000][120][info ][gc          ] GC(4) Pause Young (Prepare Mixed) (G1 Evacuation Pause) 338M->17M(1024M) 5.869ms
[2025-10-08T05:41:36.766+0000][120][info ][gc,cpu      ] GC(4) User=0.03s Sys=0.00s Real=0.00s
[2025-10-08T05:41:36.766+0000][120][info ][safepoint   ] Safepoint "G1CollectForAllocation", Time since last: 45371333 ns, Reaching safepoint: 2375 ns, Cleanup: 70834 ns, At safepoint: 5954833 ns, Total: 6028042 ns
[2025-10-08T05:41:36.813+0000][120][info ][safepoint   ] Safepoint "ICBufferFull", Time since last: 46449500 ns, Reaching safepoint: 2208 ns, Cleanup: 64375 ns, At safepoint: 9959 ns, Total: 76542 ns
[2025-10-08T05:41:36.996+0000][120][info ][safepoint   ] Safepoint "ICBufferFull", Time since last: 182863292 ns, Reaching safepoint: 2791 ns, Cleanup: 107209 ns, At safepoint: 16125 ns, Total: 126125 ns
[2025-10-08T05:41:37.179+0000][120][info ][safepoint   ] Safepoint "ICBufferFull", Time since last: 181759083 ns, Reaching safepoint: 1144500 ns, Cleanup: 118500 ns, At safepoint: 14417 ns, Total: 1277417 ns
[2025-10-08T05:41:37.279+0000][120][info ][safepoint   ] Safepoint "ICBufferFull", Time since last: 99439625 ns, Reaching safepoint: 7291 ns, Cleanup: 88709 ns, At safepoint: 7708 ns, Total: 103708 ns
[2025-10-08T05:41:37.335+0000][120][info ][gc,start    ] GC(5) Pause Young (Mixed) (Metadata GC Threshold)
[2025-10-08T05:41:37.336+0000][120][info ][gc,task     ] GC(5) Using 8 workers of 8 for evacuation
[2025-10-08T05:41:37.336+0000][120][debug][gc,age      ] GC(5) Desired survivor size 41943040 bytes, new threshold 15 (max threshold 15)
[2025-10-08T05:41:37.345+0000][120][info ][gc,phases   ] GC(5)   Pre Evacuate Collection Set: 0.15ms
[2025-10-08T05:41:37.345+0000][120][info ][gc,phases   ] GC(5)   Merge Heap Roots: 0.09ms
[2025-10-08T05:41:37.345+0000][120][info ][gc,phases   ] GC(5)   Evacuate Collection Set: 7.45ms
[2025-10-08T05:41:37.345+0000][120][info ][gc,phases   ] GC(5)   Post Evacuate Collection Set: 1.21ms
[2025-10-08T05:41:37.345+0000][120][info ][gc,phases   ] GC(5)   Other: 0.15ms
[2025-10-08T05:41:37.345+0000][120][trace][gc,age      ] GC(5) Age table with threshold 15 (max threshold 15)
[2025-10-08T05:41:37.345+0000][120][trace][gc,age      ] GC(5) - age   1:    8182336 bytes,    8182336 total
[2025-10-08T05:41:37.345+0000][120][trace][gc,age      ] GC(5) - age   2:    5942104 bytes,   14124440 total
[2025-10-08T05:41:37.345+0000][120][trace][gc,age      ] GC(5) - age   3:     424464 bytes,   14548904 total
[2025-10-08T05:41:37.345+0000][120][trace][gc,age      ] GC(5) - age   4:    4027456 bytes,   18576360 total
[2025-10-08T05:41:37.345+0000][120][trace][gc,age      ] GC(5) - age   5:    4587912 bytes,   23164272 total
[2025-10-08T05:41:37.345+0000][120][info ][gc,heap     ] GC(5) Eden regions: 131->0(147)
[2025-10-08T05:41:37.345+0000][120][info ][gc,heap     ] GC(5) Survivor regions: 5->6(20)
[2025-10-08T05:41:37.345+0000][120][info ][gc,heap     ] GC(5) Old regions: 1->1
[2025-10-08T05:41:37.345+0000][120][info ][gc,heap     ] GC(5) Humongous regions: 0->0
[2025-10-08T05:41:37.345+0000][120][info ][gc,metaspace] GC(5) Metaspace: 35381K(36288K)->35381K(36288K) NonClass: 31295K(31808K)->31295K(31808K) Class: 4086K(4480K)->4086K(4480K)
[2025-10-08T05:41:37.345+0000][120][info ][gc          ] GC(5) Pause Young (Mixed) (Metadata GC Threshold) 539M->24M(1024M) 9.763ms
[2025-10-08T05:41:37.345+0000][120][info ][gc,cpu      ] GC(5) User=0.04s Sys=0.00s Real=0.01s
[2025-10-08T05:41:37.345+0000][120][info ][safepoint   ] Safepoint "CollectForMetadataAllocation", Time since last: 56773042 ns, Reaching safepoint: 2625 ns, Cleanup: 37583 ns, At safepoint: 9921208 ns, Total: 9961416 ns
[2025-10-08T05:41:37.353+0000][120][info ][gc,start    ] GC(6) Pause Young (Concurrent Start) (Metadata GC Threshold)
[2025-10-08T05:41:37.353+0000][120][info ][gc,task     ] GC(6) Using 8 workers of 8 for evacuation
[2025-10-08T05:41:37.353+0000][120][debug][gc,age      ] GC(6) Desired survivor size 41943040 bytes, new threshold 15 (max threshold 15)
[2025-10-08T05:41:37.360+0000][120][info ][gc,phases   ] GC(6)   Pre Evacuate Collection Set: 0.12ms
[2025-10-08T05:41:37.360+0000][120][info ][gc,phases   ] GC(6)   Merge Heap Roots: 0.06ms
[2025-10-08T05:41:37.360+0000][120][info ][gc,phases   ] GC(6)   Evacuate Collection Set: 5.35ms
[2025-10-08T05:41:37.360+0000][120][info ][gc,phases   ] GC(6)   Post Evacuate Collection Set: 0.67ms
[2025-10-08T05:41:37.360+0000][120][info ][gc,phases   ] GC(6)   Other: 0.15ms
[2025-10-08T05:41:37.360+0000][120][trace][gc,age      ] GC(6) Age table with threshold 15 (max threshold 15)
[2025-10-08T05:41:37.360+0000][120][trace][gc,age      ] GC(6) - age   1:      64088 bytes,      64088 total
[2025-10-08T05:41:37.360+0000][120][trace][gc,age      ] GC(6) - age   2:    8166920 bytes,    8231008 total
[2025-10-08T05:41:37.360+0000][120][trace][gc,age      ] GC(6) - age   3:    5942072 bytes,   14173080 total
[2025-10-08T05:41:37.360+0000][120][trace][gc,age      ] GC(6) - age   4:     424464 bytes,   14597544 total
[2025-10-08T05:41:37.360+0000][120][trace][gc,age      ] GC(6) - age   5:    4026608 bytes,   18624152 total
[2025-10-08T05:41:37.360+0000][120][trace][gc,age      ] GC(6) - age   6:    4587816 bytes,   23211968 total
[2025-10-08T05:41:37.360+0000][120][info ][gc,heap     ] GC(6) Eden regions: 1->0(146)
[2025-10-08T05:41:37.360+0000][120][info ][gc,heap     ] GC(6) Survivor regions: 6->7(20)
[2025-10-08T05:41:37.360+0000][120][info ][gc,heap     ] GC(6) Old regions: 1->1
[2025-10-08T05:41:37.360+0000][120][info ][gc,heap     ] GC(6) Humongous regions: 0->0
[2025-10-08T05:41:37.360+0000][120][info ][gc,metaspace] GC(6) Metaspace: 35634K(36608K)->35634K(36608K) NonClass: 31511K(32064K)->31511K(32064K) Class: 4123K(4544K)->4123K(4544K)
[2025-10-08T05:41:37.360+0000][120][info ][gc          ] GC(6) Pause Young (Concurrent Start) (Metadata GC Threshold) 27M->25M(1024M) 7.023ms
[2025-10-08T05:41:37.360+0000][120][info ][gc,cpu      ] GC(6) User=0.04s Sys=0.01s Real=0.01s
[2025-10-08T05:41:37.360+0000][120][info ][gc          ] GC(7) Concurrent Mark Cycle
[2025-10-08T05:41:37.360+0000][120][info ][gc,marking  ] GC(7) Concurrent Scan Root Regions
[2025-10-08T05:41:37.360+0000][120][info ][safepoint   ] Safepoint "CollectForMetadataAllocation", Time since last: 7974709 ns, Reaching safepoint: 1958 ns, Cleanup: 1125 ns, At safepoint: 7160458 ns, Total: 7163541 ns
[2025-10-08T05:41:37.364+0000][120][info ][gc,marking  ] GC(7) Concurrent Scan Root Regions 3.067ms
[2025-10-08T05:41:37.367+0000][120][info ][gc,marking  ] GC(7) Concurrent Mark
[2025-10-08T05:41:37.367+0000][120][info ][gc,marking  ] GC(7) Concurrent Mark From Roots
[2025-10-08T05:41:37.367+0000][120][info ][gc,task     ] GC(7) Using 2 workers of 2 for marking
[2025-10-08T05:41:37.368+0000][120][info ][gc,marking  ] GC(7) Concurrent Mark From Roots 0.809ms
[2025-10-08T05:41:37.368+0000][120][info ][gc,marking  ] GC(7) Concurrent Preclean
[2025-10-08T05:41:37.368+0000][120][info ][gc,marking  ] GC(7) Concurrent Preclean 0.076ms
[2025-10-08T05:41:37.369+0000][120][info ][gc,start    ] GC(7) Pause Remark
[2025-10-08T05:41:37.371+0000][120][info ][gc          ] GC(7) Pause Remark 29M->29M(1024M) 1.949ms
[2025-10-08T05:41:37.371+0000][120][info ][gc,cpu      ] GC(7) User=0.00s Sys=0.00s Real=0.00s
[2025-10-08T05:41:37.371+0000][120][info ][safepoint   ] Safepoint "G1PauseRemark", Time since last: 7356209 ns, Reaching safepoint: 1173333 ns, Cleanup: 31167 ns, At safepoint: 2041750 ns, Total: 3246250 ns
[2025-10-08T05:41:37.371+0000][120][info ][gc,marking  ] GC(7) Concurrent Mark 4.492ms
[2025-10-08T05:41:37.371+0000][120][info ][gc,marking  ] GC(7) Concurrent Rebuild Remembered Sets and Scrub Regions
[2025-10-08T05:41:37.372+0000][120][info ][gc,marking  ] GC(7) Concurrent Rebuild Remembered Sets and Scrub Regions 0.395ms
[2025-10-08T05:41:37.373+0000][120][info ][gc,start    ] GC(7) Pause Cleanup
[2025-10-08T05:41:37.373+0000][120][info ][gc          ] GC(7) Pause Cleanup 31M->31M(1024M) 0.115ms
[2025-10-08T05:41:37.373+0000][120][info ][gc,cpu      ] GC(7) User=0.00s Sys=0.00s Real=0.00s
[2025-10-08T05:41:37.373+0000][120][info ][safepoint   ] Safepoint "G1PauseCleanup", Time since last: 647708 ns, Reaching safepoint: 1292458 ns, Cleanup: 5250 ns, At safepoint: 185750 ns, Total: 1483458 ns
[2025-10-08T05:41:37.375+0000][120][info ][gc,marking  ] GC(7) Concurrent Clear Claimed Marks
[2025-10-08T05:41:37.375+0000][120][info ][gc,marking  ] GC(7) Concurrent Clear Claimed Marks 0.065ms
[2025-10-08T05:41:37.375+0000][120][info ][gc,marking  ] GC(7) Concurrent Cleanup for Next Mark
[2025-10-08T05:41:37.375+0000][120][info ][gc,marking  ] GC(7) Concurrent Cleanup for Next Mark 0.325ms
[2025-10-08T05:41:37.375+0000][120][info ][gc          ] GC(7) Concurrent Mark Cycle 14.969ms
[2025-10-08T05:41:37.684+0000][120][info ][safepoint   ] Safepoint "ICBufferFull", Time since last: 310888750 ns, Reaching safepoint: 4917 ns, Cleanup: 73000 ns, At safepoint: 2458 ns, Total: 80375 ns
[2025-10-08T05:41:37.767+0000][120][info ][gc,start    ] GC(8) Pause Young (Normal) (G1 Evacuation Pause)
[2025-10-08T05:41:37.767+0000][120][info ][gc,task     ] GC(8) Using 8 workers of 8 for evacuation
[2025-10-08T05:41:37.767+0000][120][debug][gc,age      ] GC(8) Desired survivor size 41943040 bytes, new threshold 15 (max threshold 15)
[2025-10-08T05:41:37.774+0000][120][info ][gc,phases   ] GC(8)   Pre Evacuate Collection Set: 0.12ms
[2025-10-08T05:41:37.774+0000][120][info ][gc,phases   ] GC(8)   Merge Heap Roots: 0.05ms
[2025-10-08T05:41:37.774+0000][120][info ][gc,phases   ] GC(8)   Evacuate Collection Set: 5.37ms
[2025-10-08T05:41:37.774+0000][120][info ][gc,phases   ] GC(8)   Post Evacuate Collection Set: 0.89ms
[2025-10-08T05:41:37.774+0000][120][info ][gc,phases   ] GC(8)   Other: 0.12ms
[2025-10-08T05:41:37.774+0000][120][trace][gc,age      ] GC(8) Age table with threshold 15 (max threshold 15)
[2025-10-08T05:41:37.774+0000][120][trace][gc,age      ] GC(8) - age   1:    9752472 bytes,    9752472 total
[2025-10-08T05:41:37.774+0000][120][trace][gc,age      ] GC(8) - age   2:      45424 bytes,    9797896 total
[2025-10-08T05:41:37.774+0000][120][trace][gc,age      ] GC(8) - age   3:    8153560 bytes,   17951456 total
[2025-10-08T05:41:37.774+0000][120][trace][gc,age      ] GC(8) - age   4:    5934176 bytes,   23885632 total
[2025-10-08T05:41:37.774+0000][120][trace][gc,age      ] GC(8) - age   5:     404544 bytes,   24290176 total
[2025-10-08T05:41:37.774+0000][120][trace][gc,age      ] GC(8) - age   6:    4019672 bytes,   28309848 total
[2025-10-08T05:41:37.774+0000][120][trace][gc,age      ] GC(8) - age   7:    4581032 bytes,   32890880 total
[2025-10-08T05:41:37.774+0000][120][info ][gc,heap     ] GC(8) Eden regions: 146->0(144)
[2025-10-08T05:41:37.774+0000][120][info ][gc,heap     ] GC(8) Survivor regions: 7->9(20)
[2025-10-08T05:41:37.774+0000][120][info ][gc,heap     ] GC(8) Old regions: 1->1
[2025-10-08T05:41:37.774+0000][120][info ][gc,heap     ] GC(8) Humongous regions: 0->0
[2025-10-08T05:41:37.774+0000][120][info ][gc,metaspace] GC(8) Metaspace: 38325K(39424K)->38325K(39424K) NonClass: 33833K(34496K)->33833K(34496K) Class: 4491K(4928K)->4491K(4928K)
[2025-10-08T05:41:37.774+0000][120][info ][gc          ] GC(8) Pause Young (Normal) (G1 Evacuation Pause) 609M->35M(1024M) 7.312ms
[2025-10-08T05:41:37.775+0000][120][info ][gc,cpu      ] GC(8) User=0.03s Sys=0.01s Real=0.01s
[2025-10-08T05:41:37.775+0000][120][info ][safepoint   ] Safepoint "G1CollectForAllocation", Time since last: 82964167 ns, Reaching safepoint: 2000 ns, Cleanup: 39709 ns, At safepoint: 7390083 ns, Total: 7431792 ns
[2025-10-08T05:41:37.937+0000][120][info ][safepoint   ] Safepoint "ICBufferFull", Time since last: 162857500 ns, Reaching safepoint: 1833 ns, Cleanup: 71667 ns, At safepoint: 15708 ns, Total: 89208 ns
[2025-10-08T05:41:38.013+0000][120][info ][safepoint   ] Safepoint "ICBufferFull", Time since last: 75357042 ns, Reaching safepoint: 2583 ns, Cleanup: 68334 ns, At safepoint: 11208 ns, Total: 82125 ns
[2025-10-08T05:41:38.125+0000][120][info ][safepoint   ] Safepoint "ICBufferFull", Time since last: 112221458 ns, Reaching safepoint: 2125 ns, Cleanup: 74000 ns, At safepoint: 16792 ns, Total: 92917 ns
[2025-10-08T05:41:38.413+0000][120][info ][safepoint   ] Safepoint "ICBufferFull", Time since last: 286348792 ns, Reaching safepoint: 1389500 ns, Cleanup: 86208 ns, At safepoint: 16667 ns, Total: 1492375 ns
[2025-10-08T05:41:38.578+0000][120][info ][safepoint   ] Safepoint "ICBufferFull", Time since last: 165123583 ns, Reaching safepoint: 2542 ns, Cleanup: 85875 ns, At safepoint: 8292 ns, Total: 96709 ns
[2025-10-08T05:41:38.787+0000][120][info ][safepoint   ] Safepoint "ICBufferFull", Time since last: 209100333 ns, Reaching safepoint: 2125 ns, Cleanup: 64375 ns, At safepoint: 10708 ns, Total: 77208 ns
[2025-10-08T05:41:39.049+0000][120][info ][gc,start    ] GC(9) Pause Young (Concurrent Start) (Metadata GC Threshold)
[2025-10-08T05:41:39.049+0000][120][info ][gc,task     ] GC(9) Using 8 workers of 8 for evacuation
[2025-10-08T05:41:39.049+0000][120][debug][gc,age      ] GC(9) Desired survivor size 41943040 bytes, new threshold 15 (max threshold 15)
[2025-10-08T05:41:39.069+0000][120][info ][gc,phases   ] GC(9)   Pre Evacuate Collection Set: 0.17ms
[2025-10-08T05:41:39.070+0000][120][info ][gc,phases   ] GC(9)   Merge Heap Roots: 0.18ms
[2025-10-08T05:41:39.070+0000][120][info ][gc,phases   ] GC(9)   Evacuate Collection Set: 12.06ms
[2025-10-08T05:41:39.070+0000][120][info ][gc,phases   ] GC(9)   Post Evacuate Collection Set: 7.33ms
[2025-10-08T05:41:39.070+0000][120][info ][gc,phases   ] GC(9)   Other: 0.33ms
[2025-10-08T05:41:39.071+0000][120][trace][gc,age      ] GC(9) Age table with threshold 15 (max threshold 15)
[2025-10-08T05:41:39.071+0000][120][trace][gc,age      ] GC(9) - age   1:   10331448 bytes,   10331448 total
[2025-10-08T05:41:39.071+0000][120][trace][gc,age      ] GC(9) - age   2:    8865608 bytes,   19197056 total
[2025-10-08T05:41:39.071+0000][120][trace][gc,age      ] GC(9) - age   3:      43872 bytes,   19240928 total
[2025-10-08T05:41:39.071+0000][120][trace][gc,age      ] GC(9) - age   4:    8112984 bytes,   27353912 total
[2025-10-08T05:41:39.071+0000][120][trace][gc,age      ] GC(9) - age   5:    5748912 bytes,   33102824 total
[2025-10-08T05:41:39.071+0000][120][trace][gc,age      ] GC(9) - age   6:     400856 bytes,   33503680 total
[2025-10-08T05:41:39.071+0000][120][trace][gc,age      ] GC(9) - age   7:    3982176 bytes,   37485856 total
[2025-10-08T05:41:39.071+0000][120][trace][gc,age      ] GC(9) - age   8:    4571784 bytes,   42057640 total
[2025-10-08T05:41:39.071+0000][120][info ][gc,heap     ] GC(9) Eden regions: 137->0(142)
[2025-10-08T05:41:39.071+0000][120][info ][gc,heap     ] GC(9) Survivor regions: 9->11(20)
[2025-10-08T05:41:39.071+0000][120][info ][gc,heap     ] GC(9) Old regions: 1->1
[2025-10-08T05:41:39.071+0000][120][info ][gc,heap     ] GC(9) Humongous regions: 0->0
[2025-10-08T05:41:39.071+0000][120][info ][gc,metaspace] GC(9) Metaspace: 60030K(61440K)->60030K(61440K) NonClass: 52453K(53312K)->52453K(53312K) Class: 7576K(8128K)->7576K(8128K)
[2025-10-08T05:41:39.071+0000][120][info ][gc          ] GC(9) Pause Young (Concurrent Start) (Metadata GC Threshold) 581M->44M(1024M) 22.454ms
[2025-10-08T05:41:39.071+0000][120][info ][gc,cpu      ] GC(9) User=0.08s Sys=0.01s Real=0.03s
[2025-10-08T05:41:39.071+0000][120][info ][safepoint   ] Safepoint "CollectForMetadataAllocation", Time since last: 260935334 ns, Reaching safepoint: 2625 ns, Cleanup: 54625 ns, At safepoint: 22891875 ns, Total: 22949125 ns
[2025-10-08T05:41:39.071+0000][120][info ][gc          ] GC(10) Concurrent Mark Cycle
[2025-10-08T05:41:39.077+0000][120][info ][gc,marking  ] GC(10) Concurrent Scan Root Regions
[2025-10-08T05:41:39.085+0000][120][info ][safepoint   ] Safepoint "CollectForMetadataAllocation", Time since last: 13538958 ns, Reaching safepoint: 2542 ns, Cleanup: 2500 ns, At safepoint: 81167 ns, Total: 86209 ns
[2025-10-08T05:41:39.089+0000][120][info ][gc,marking  ] GC(10) Concurrent Scan Root Regions 12.466ms
[2025-10-08T05:41:39.093+0000][120][info ][gc,marking  ] GC(10) Concurrent Mark
[2025-10-08T05:41:39.095+0000][120][info ][gc,marking  ] GC(10) Concurrent Mark From Roots
[2025-10-08T05:41:39.096+0000][120][info ][gc,task     ] GC(10) Using 2 workers of 2 for marking
[2025-10-08T05:41:39.096+0000][120][info ][safepoint   ] Safepoint "CollectForMetadataAllocation", Time since last: 10644875 ns, Reaching safepoint: 7041 ns, Cleanup: 3625 ns, At safepoint: 243125 ns, Total: 253791 ns
[2025-10-08T05:41:39.097+0000][120][info ][gc,marking  ] GC(10) Concurrent Mark From Roots 2.604ms
[2025-10-08T05:41:39.101+0000][120][info ][gc,marking  ] GC(10) Concurrent Preclean
[2025-10-08T05:41:39.102+0000][120][info ][gc,marking  ] GC(10) Concurrent Preclean 0.811ms
[2025-10-08T05:41:39.103+0000][120][info ][gc,start    ] GC(10) Pause Remark
[2025-10-08T05:41:39.106+0000][120][info ][gc          ] GC(10) Pause Remark 50M->50M(1024M) 2.773ms
[2025-10-08T05:41:39.106+0000][120][info ][gc,cpu      ] GC(10) User=0.01s Sys=0.00s Real=0.00s
[2025-10-08T05:41:39.106+0000][120][info ][safepoint   ] Safepoint "G1PauseRemark", Time since last: 5756459 ns, Reaching safepoint: 1180500 ns, Cleanup: 2500 ns, At safepoint: 2907500 ns, Total: 4090500 ns
[2025-10-08T05:41:39.106+0000][120][info ][gc,marking  ] GC(10) Concurrent Mark 13.116ms
[2025-10-08T05:41:39.106+0000][120][info ][gc,marking  ] GC(10) Concurrent Rebuild Remembered Sets and Scrub Regions
[2025-10-08T05:41:39.107+0000][120][info ][gc,marking  ] GC(10) Concurrent Rebuild Remembered Sets and Scrub Regions 0.567ms
[2025-10-08T05:41:39.107+0000][120][info ][gc,start    ] GC(10) Pause Cleanup
[2025-10-08T05:41:39.107+0000][120][info ][gc          ] GC(10) Pause Cleanup 50M->50M(1024M) 0.088ms
[2025-10-08T05:41:39.107+0000][120][info ][gc,cpu      ] GC(10) User=0.00s Sys=0.00s Real=0.00s
[2025-10-08T05:41:39.107+0000][120][info ][safepoint   ] Safepoint "G1PauseCleanup", Time since last: 841625 ns, Reaching safepoint: 101125 ns, Cleanup: 9958 ns, At safepoint: 156750 ns, Total: 267833 ns
[2025-10-08T05:41:39.107+0000][120][info ][gc,marking  ] GC(10) Concurrent Clear Claimed Marks
[2025-10-08T05:41:39.107+0000][120][info ][gc,marking  ] GC(10) Concurrent Clear Claimed Marks 0.044ms
[2025-10-08T05:41:39.107+0000][120][info ][gc,marking  ] GC(10) Concurrent Cleanup for Next Mark
[2025-10-08T05:41:39.107+0000][120][info ][gc,marking  ] GC(10) Concurrent Cleanup for Next Mark 0.388ms
[2025-10-08T05:41:39.107+0000][120][info ][gc          ] GC(10) Concurrent Mark Cycle 36.419ms
[2025-10-08T05:41:39.848+0000][120][info ][safepoint   ] Safepoint "ICBufferFull", Time since last: 739509167 ns, Reaching safepoint: 1136917 ns, Cleanup: 189166 ns, At safepoint: 17292 ns, Total: 1343375 ns
[2025-10-08T05:41:40.070+0000][120][info ][safepoint   ] Safepoint "ICBufferFull", Time since last: 222375375 ns, Reaching safepoint: 2833 ns, Cleanup: 143875 ns, At safepoint: 6459 ns, Total: 153167 ns
[2025-10-08T05:41:40.839+0000][120][info ][safepoint   ] Safepoint "ICBufferFull", Time since last: 768790000 ns, Reaching safepoint: 2542 ns, Cleanup: 94458 ns, At safepoint: 8125 ns, Total: 105125 ns
[2025-10-08T05:41:41.481+0000][120][info ][safepoint   ] Safepoint "ICBufferFull", Time since last: 641629875 ns, Reaching safepoint: 3917 ns, Cleanup: 91042 ns, At safepoint: 10375 ns, Total: 105334 ns
[2025-10-08T05:41:41.649+0000][120][info ][safepoint   ] Safepoint "ICBufferFull", Time since last: 167169750 ns, Reaching safepoint: 678291 ns, Cleanup: 112542 ns, At safepoint: 11167 ns, Total: 802000 ns
[2025-10-08T05:41:42.283+0000][120][info ][gc,start    ] GC(11) Pause Young (Normal) (G1 Evacuation Pause)
[2025-10-08T05:41:42.284+0000][120][info ][gc,task     ] GC(11) Using 8 workers of 8 for evacuation
[2025-10-08T05:41:42.284+0000][120][debug][gc,age      ] GC(11) Desired survivor size 41943040 bytes, new threshold 8 (max threshold 15)
[2025-10-08T05:41:42.333+0000][120][info ][gc,phases   ] GC(11)   Pre Evacuate Collection Set: 0.46ms
[2025-10-08T05:41:42.333+0000][120][info ][gc,phases   ] GC(11)   Merge Heap Roots: 0.16ms
[2025-10-08T05:41:42.333+0000][120][info ][gc,phases   ] GC(11)   Evacuate Collection Set: 45.80ms
[2025-10-08T05:41:42.333+0000][120][info ][gc,phases   ] GC(11)   Post Evacuate Collection Set: 2.80ms
[2025-10-08T05:41:42.333+0000][120][info ][gc,phases   ] GC(11)   Other: 0.28ms
[2025-10-08T05:41:42.333+0000][120][trace][gc,age      ] GC(11) Age table with threshold 8 (max threshold 15)
[2025-10-08T05:41:42.333+0000][120][trace][gc,age      ] GC(11) - age   1:   10816432 bytes,   10816432 total
[2025-10-08T05:41:42.333+0000][120][trace][gc,age      ] GC(11) - age   2:    9884224 bytes,   20700656 total
[2025-10-08T05:41:42.333+0000][120][trace][gc,age      ] GC(11) - age   3:    8816792 bytes,   29517448 total
[2025-10-08T05:41:42.334+0000][120][trace][gc,age      ] GC(11) - age   4:      43744 bytes,   29561192 total
[2025-10-08T05:41:42.334+0000][120][trace][gc,age      ] GC(11) - age   5:    8101696 bytes,   37662888 total
[2025-10-08T05:41:42.334+0000][120][trace][gc,age      ] GC(11) - age   6:    5724720 bytes,   43387608 total
[2025-10-08T05:41:42.334+0000][120][trace][gc,age      ] GC(11) - age   7:     398456 bytes,   43786064 total
[2025-10-08T05:41:42.334+0000][120][trace][gc,age      ] GC(11) - age   8:    3974784 bytes,   47760848 total
[2025-10-08T05:41:42.334+0000][120][info ][gc,heap     ] GC(11) Eden regions: 142->0(140)
[2025-10-08T05:41:42.334+0000][120][info ][gc,heap     ] GC(11) Survivor regions: 11->13(20)
[2025-10-08T05:41:42.334+0000][120][info ][gc,heap     ] GC(11) Old regions: 1->2
[2025-10-08T05:41:42.334+0000][120][info ][gc,heap     ] GC(11) Humongous regions: 0->0
[2025-10-08T05:41:42.334+0000][120][info ][gc,metaspace] GC(11) Metaspace: 75269K(77120K)->75269K(77120K) NonClass: 65181K(66304K)->65181K(66304K) Class: 10088K(10816K)->10088K(10816K)
[2025-10-08T05:41:42.334+0000][120][info ][gc          ] GC(11) Pause Young (Normal) (G1 Evacuation Pause) 612M->57M(1024M) 50.456ms
[2025-10-08T05:41:42.334+0000][120][info ][gc,cpu      ] GC(11) User=0.36s Sys=0.01s Real=0.05s
[2025-10-08T05:41:42.334+0000][120][info ][safepoint   ] Safepoint "G1CollectForAllocation", Time since last: 634475333 ns, Reaching safepoint: 6709 ns, Cleanup: 82541 ns, At safepoint: 50580375 ns, Total: 50669625 ns
[2025-10-08T05:41:42.655+0000][120][info ][safepoint   ] Safepoint "ICBufferFull", Time since last: 320774126 ns, Reaching safepoint: 2708 ns, Cleanup: 90875 ns, At safepoint: 5333 ns, Total: 98916 ns
[2025-10-08T05:41:42.872+0000][120][info ][safepoint   ] Safepoint "ICBufferFull", Time since last: 216626292 ns, Reaching safepoint: 3083 ns, Cleanup: 80250 ns, At safepoint: 5375 ns, Total: 88708 ns
[2025-10-08T05:41:43.233+0000][120][info ][safepoint   ] Safepoint "ICBufferFull", Time since last: 361758459 ns, Reaching safepoint: 2541 ns, Cleanup: 102375 ns, At safepoint: 7334 ns, Total: 112250 ns
[2025-10-08T05:41:43.594+0000][120][info ][safepoint   ] Safepoint "ICBufferFull", Time since last: 360292583 ns, Reaching safepoint: 3417 ns, Cleanup: 88667 ns, At safepoint: 8916 ns, Total: 101000 ns
[2025-10-08T05:41:43.799+0000][120][info ][gc,start    ] GC(12) Pause Young (Concurrent Start) (Metadata GC Threshold)
[2025-10-08T05:41:43.799+0000][120][info ][gc,task     ] GC(12) Using 8 workers of 8 for evacuation
[2025-10-08T05:41:43.799+0000][120][debug][gc,age      ] GC(12) Desired survivor size 41943040 bytes, new threshold 6 (max threshold 15)
[2025-10-08T05:41:43.818+0000][120][info ][gc,phases   ] GC(12)   Pre Evacuate Collection Set: 0.14ms
[2025-10-08T05:41:43.818+0000][120][info ][gc,phases   ] GC(12)   Merge Heap Roots: 0.08ms
[2025-10-08T05:41:43.818+0000][120][info ][gc,phases   ] GC(12)   Evacuate Collection Set: 16.84ms
[2025-10-08T05:41:43.818+0000][120][info ][gc,phases   ] GC(12)   Post Evacuate Collection Set: 1.56ms
[2025-10-08T05:41:43.818+0000][120][info ][gc,phases   ] GC(12)   Other: 0.16ms
[2025-10-08T05:41:43.818+0000][120][trace][gc,age      ] GC(12) Age table with threshold 6 (max threshold 15)
[2025-10-08T05:41:43.818+0000][120][trace][gc,age      ] GC(12) - age   1:    9936264 bytes,    9936264 total
[2025-10-08T05:41:43.818+0000][120][trace][gc,age      ] GC(12) - age   2:   10448688 bytes,   20384952 total
[2025-10-08T05:41:43.818+0000][120][trace][gc,age      ] GC(12) - age   3:    9717416 bytes,   30102368 total
[2025-10-08T05:41:43.818+0000][120][trace][gc,age      ] GC(12) - age   4:    8799112 bytes,   38901480 total
[2025-10-08T05:41:43.818+0000][120][trace][gc,age      ] GC(12) - age   5:      43488 bytes,   38944968 total
[2025-10-08T05:41:43.818+0000][120][trace][gc,age      ] GC(12) - age   6:    8076496 bytes,   47021464 total
[2025-10-08T05:41:43.818+0000][120][info ][gc,heap     ] GC(12) Eden regions: 79->0(141)
[2025-10-08T05:41:43.818+0000][120][info ][gc,heap     ] GC(12) Survivor regions: 13->12(20)
[2025-10-08T05:41:43.818+0000][120][info ][gc,heap     ] GC(12) Old regions: 2->4
[2025-10-08T05:41:43.818+0000][120][info ][gc,heap     ] GC(12) Humongous regions: 0->0
[2025-10-08T05:41:43.818+0000][120][info ][gc,metaspace] GC(12) Metaspace: 101595K(103680K)->101595K(103680K) NonClass: 87888K(89088K)->87888K(89088K) Class: 13706K(14592K)->13706K(14592K)
[2025-10-08T05:41:43.818+0000][120][info ][gc          ] GC(12) Pause Young (Concurrent Start) (Metadata GC Threshold) 373M->63M(1024M) 19.657ms
[2025-10-08T05:41:43.818+0000][120][info ][gc,cpu      ] GC(12) User=0.12s Sys=0.01s Real=0.02s
[2025-10-08T05:41:43.818+0000][120][info ][safepoint   ] Safepoint "CollectForMetadataAllocation", Time since last: 204671334 ns, Reaching safepoint: 3125 ns, Cleanup: 37458 ns, At safepoint: 19881000 ns, Total: 19921583 ns
[2025-10-08T05:41:43.818+0000][120][info ][gc          ] GC(13) Concurrent Mark Cycle
[2025-10-08T05:41:43.819+0000][120][info ][gc,marking  ] GC(13) Concurrent Scan Root Regions
[2025-10-08T05:41:43.822+0000][120][info ][safepoint   ] Safepoint "CollectForMetadataAllocation", Time since last: 3938625 ns, Reaching safepoint: 2792 ns, Cleanup: 5291 ns, At safepoint: 45584 ns, Total: 53667 ns
[2025-10-08T05:41:43.828+0000][120][info ][gc,marking  ] GC(13) Concurrent Scan Root Regions 9.728ms
[2025-10-08T05:41:43.828+0000][120][info ][gc,marking  ] GC(13) Concurrent Mark
[2025-10-08T05:41:43.829+0000][120][info ][gc,marking  ] GC(13) Concurrent Mark From Roots
[2025-10-08T05:41:43.829+0000][120][info ][gc,task     ] GC(13) Using 2 workers of 2 for marking
[2025-10-08T05:41:43.832+0000][120][info ][gc,marking  ] GC(13) Concurrent Mark From Roots 3.675ms
[2025-10-08T05:41:43.832+0000][120][info ][gc,marking  ] GC(13) Concurrent Preclean
[2025-10-08T05:41:43.832+0000][120][info ][gc,marking  ] GC(13) Concurrent Preclean 0.155ms
[2025-10-08T05:41:43.833+0000][120][info ][gc,start    ] GC(13) Pause Remark
[2025-10-08T05:41:43.837+0000][120][info ][gc          ] GC(13) Pause Remark 66M->66M(1024M) 4.678ms
[2025-10-08T05:41:43.837+0000][120][info ][gc,cpu      ] GC(13) User=0.03s Sys=0.00s Real=0.00s
[2025-10-08T05:41:43.837+0000][120][info ][safepoint   ] Safepoint "G1PauseRemark", Time since last: 10142708 ns, Reaching safepoint: 2458 ns, Cleanup: 22750 ns, At safepoint: 4800125 ns, Total: 4825333 ns
[2025-10-08T05:41:43.837+0000][120][info ][gc,marking  ] GC(13) Concurrent Mark 9.079ms
[2025-10-08T05:41:43.837+0000][120][info ][gc,marking  ] GC(13) Concurrent Rebuild Remembered Sets and Scrub Regions
[2025-10-08T05:41:43.839+0000][120][info ][gc,marking  ] GC(13) Concurrent Rebuild Remembered Sets and Scrub Regions 1.467ms
[2025-10-08T05:41:43.840+0000][120][info ][gc,start    ] GC(13) Pause Cleanup
[2025-10-08T05:41:43.840+0000][120][info ][gc          ] GC(13) Pause Cleanup 67M->67M(1024M) 0.048ms
[2025-10-08T05:41:43.840+0000][120][info ][gc,cpu      ] GC(13) User=0.00s Sys=0.00s Real=0.00s
[2025-10-08T05:41:43.840+0000][120][info ][safepoint   ] Safepoint "G1PauseCleanup", Time since last: 1586334 ns, Reaching safepoint: 878041 ns, Cleanup: 13667 ns, At safepoint: 122667 ns, Total: 1014375 ns
[2025-10-08T05:41:43.840+0000][120][info ][gc,marking  ] GC(13) Concurrent Clear Claimed Marks
[2025-10-08T05:41:43.840+0000][120][info ][gc,marking  ] GC(13) Concurrent Clear Claimed Marks 0.049ms
[2025-10-08T05:41:43.840+0000][120][info ][gc,marking  ] GC(13) Concurrent Cleanup for Next Mark
[2025-10-08T05:41:43.843+0000][120][info ][gc,marking  ] GC(13) Concurrent Cleanup for Next Mark 3.086ms
[2025-10-08T05:41:43.843+0000][120][info ][gc          ] GC(13) Concurrent Mark Cycle 24.957ms
[2025-10-08T05:41:44.022+0000][120][info ][safepoint   ] Safepoint "ICBufferFull", Time since last: 181377417 ns, Reaching safepoint: 395333 ns, Cleanup: 72167 ns, At safepoint: 13125 ns, Total: 480625 ns
[2025-10-08T05:41:44.551+0000][120][info ][safepoint   ] Safepoint "ICBufferFull", Time since last: 528752416 ns, Reaching safepoint: 3125 ns, Cleanup: 90209 ns, At safepoint: 10250 ns, Total: 103584 ns
[2025-10-08T05:41:44.915+0000][120][info ][safepoint   ] Safepoint "ICBufferFull", Time since last: 364012875 ns, Reaching safepoint: 3875 ns, Cleanup: 92208 ns, At safepoint: 4750 ns, Total: 100833 ns
[2025-10-08T05:41:45.150+0000][120][info ][safepoint   ] Safepoint "ICBufferFull", Time since last: 235142834 ns, Reaching safepoint: 7458 ns, Cleanup: 139167 ns, At safepoint: 15916 ns, Total: 162541 ns
[2025-10-08T05:41:45.231+0000][120][info ][safepoint   ] Safepoint "ICBufferFull", Time since last: 80529750 ns, Reaching safepoint: 3209 ns, Cleanup: 105833 ns, At safepoint: 14667 ns, Total: 123709 ns
[2025-10-08T05:41:45.687+0000][120][info ][safepoint   ] Safepoint "ICBufferFull", Time since last: 455714625 ns, Reaching safepoint: 8375 ns, Cleanup: 144250 ns, At safepoint: 28542 ns, Total: 181167 ns
[2025-10-08T05:41:45.826+0000][120][info ][safepoint   ] Safepoint "ICBufferFull", Time since last: 139578958 ns, Reaching safepoint: 6125 ns, Cleanup: 101958 ns, At safepoint: 9667 ns, Total: 117750 ns
[2025-10-08T05:41:45.840+0000][120][info ][safepoint   ] Safepoint "ICBufferFull", Time since last: 13711417 ns, Reaching safepoint: 2833 ns, Cleanup: 66083 ns, At safepoint: 4834 ns, Total: 73750 ns
[2025-10-08T05:41:45.886+0000][120][info ][safepoint   ] Safepoint "ICBufferFull", Time since last: 44840500 ns, Reaching safepoint: 847791 ns, Cleanup: 86542 ns, At safepoint: 20250 ns, Total: 954583 ns
[2025-10-08T05:41:45.957+0000][120][info ][safepoint   ] Safepoint "ICBufferFull", Time since last: 70049000 ns, Reaching safepoint: 888000 ns, Cleanup: 169208 ns, At safepoint: 35750 ns, Total: 1092958 ns
[2025-10-08T05:41:46.128+0000][120][info ][safepoint   ] Safepoint "ICBufferFull", Time since last: 170558709 ns, Reaching safepoint: 3625 ns, Cleanup: 208958 ns, At safepoint: 31834 ns, Total: 244417 ns
[2025-10-08T05:41:46.183+0000][120][info ][safepoint   ] Safepoint "ICBufferFull", Time since last: 53961416 ns, Reaching safepoint: 1019709 ns, Cleanup: 62750 ns, At safepoint: 18625 ns, Total: 1101084 ns
[2025-10-08T05:41:46.258+0000][120][info ][safepoint   ] Safepoint "ICBufferFull", Time since last: 74514208 ns, Reaching safepoint: 3792 ns, Cleanup: 149208 ns, At safepoint: 11417 ns, Total: 164417 ns
[2025-10-08T05:41:46.495+0000][120][info ][safepoint   ] Safepoint "ICBufferFull", Time since last: 237371250 ns, Reaching safepoint: 3250 ns, Cleanup: 102583 ns, At safepoint: 5000 ns, Total: 110833 ns
[2025-10-08T05:41:46.688+0000][120][info ][safepoint   ] Safepoint "ICBufferFull", Time since last: 192957833 ns, Reaching safepoint: 3792 ns, Cleanup: 91292 ns, At safepoint: 5541 ns, Total: 100625 ns
[2025-10-08T05:41:46.835+0000][120][info ][safepoint   ] Safepoint "ICBufferFull", Time since last: 146734751 ns, Reaching safepoint: 3375 ns, Cleanup: 75375 ns, At safepoint: 5208 ns, Total: 83958 ns
[2025-10-08T05:41:46.886+0000][120][info ][safepoint   ] Safepoint "ICBufferFull", Time since last: 50553875 ns, Reaching safepoint: 4750 ns, Cleanup: 72083 ns, At safepoint: 7834 ns, Total: 84667 ns
[2025-10-08T05:41:46.997+0000][120][info ][safepoint   ] Safepoint "ICBufferFull", Time since last: 110945041 ns, Reaching safepoint: 10875 ns, Cleanup: 157000 ns, At safepoint: 17292 ns, Total: 185167 ns
[2025-10-08T05:41:47.124+0000][120][info ][safepoint   ] Safepoint "ICBufferFull", Time since last: 127113917 ns, Reaching safepoint: 8500 ns, Cleanup: 114750 ns, At safepoint: 7208 ns, Total: 130458 ns
[2025-10-08T05:41:47.302+0000][120][info ][safepoint   ] Safepoint "ICBufferFull", Time since last: 177442292 ns, Reaching safepoint: 5916 ns, Cleanup: 88209 ns, At safepoint: 5666 ns, Total: 99791 ns
[2025-10-08T05:41:47.303+0000][120][info ][safepoint   ] Safepoint "ICBufferFull", Time since last: 1242417 ns, Reaching safepoint: 5083 ns, Cleanup: 1334 ns, At safepoint: 2416 ns, Total: 8833 ns
[2025-10-08T05:41:47.623+0000][120][info ][safepoint   ] Safepoint "ICBufferFull", Time since last: 319326084 ns, Reaching safepoint: 689625 ns, Cleanup: 94500 ns, At safepoint: 15000 ns, Total: 799125 ns
[2025-10-08T05:41:47.702+0000][120][info ][safepoint   ] Safepoint "ICBufferFull", Time since last: 77815458 ns, Reaching safepoint: 1217542 ns, Cleanup: 255875 ns, At safepoint: 26458 ns, Total: 1499875 ns
[2025-10-08T05:41:47.907+0000][120][info ][gc,start    ] GC(14) Pause Young (Normal) (G1 Evacuation Pause)
[2025-10-08T05:41:47.907+0000][120][info ][gc,task     ] GC(14) Using 8 workers of 8 for evacuation
[2025-10-08T05:41:47.907+0000][120][debug][gc,age      ] GC(14) Desired survivor size 41943040 bytes, new threshold 6 (max threshold 15)
[2025-10-08T05:41:47.950+0000][120][info ][gc,phases   ] GC(14)   Pre Evacuate Collection Set: 0.18ms
[2025-10-08T05:41:47.950+0000][120][info ][gc,phases   ] GC(14)   Merge Heap Roots: 0.10ms
[2025-10-08T05:41:47.950+0000][120][info ][gc,phases   ] GC(14)   Evacuate Collection Set: 40.15ms
[2025-10-08T05:41:47.950+0000][120][info ][gc,phases   ] GC(14)   Post Evacuate Collection Set: 2.04ms
[2025-10-08T05:41:47.950+0000][120][info ][gc,phases   ] GC(14)   Other: 0.18ms
[2025-10-08T05:41:47.950+0000][120][trace][gc,age      ] GC(14) Age table with threshold 6 (max threshold 15)
[2025-10-08T05:41:47.950+0000][120][trace][gc,age      ] GC(14) - age   1:   46628608 bytes,   46628608 total
[2025-10-08T05:41:47.950+0000][120][trace][gc,age      ] GC(14) - age   2:    8732376 bytes,   55360984 total
[2025-10-08T05:41:47.950+0000][120][trace][gc,age      ] GC(14) - age   3:    9912952 bytes,   65273936 total
[2025-10-08T05:41:47.950+0000][120][trace][gc,age      ] GC(14) - age   4:    8824648 bytes,   74098584 total
[2025-10-08T05:41:47.950+0000][120][trace][gc,age      ] GC(14) - age   5:    8748440 bytes,   82847024 total
[2025-10-08T05:41:47.950+0000][120][trace][gc,age      ] GC(14) - age   6:      43328 bytes,   82890352 total
[2025-10-08T05:41:47.950+0000][120][info ][gc,heap     ] GC(14) Eden regions: 141->0(133)
[2025-10-08T05:41:47.950+0000][120][info ][gc,heap     ] GC(14) Survivor regions: 12->20(20)
[2025-10-08T05:41:47.950+0000][120][info ][gc,heap     ] GC(14) Old regions: 4->8
[2025-10-08T05:41:47.950+0000][120][info ][gc,heap     ] GC(14) Humongous regions: 0->0
[2025-10-08T05:41:47.950+0000][120][info ][gc,metaspace] GC(14) Metaspace: 138882K(142976K)->138882K(142976K) NonClass: 119203K(121472K)->119203K(121472K) Class: 19679K(21504K)->19679K(21504K)
[2025-10-08T05:41:47.950+0000][120][info ][gc          ] GC(14) Pause Young (Normal) (G1 Evacuation Pause) 627M->111M(1024M) 43.332ms
[2025-10-08T05:41:47.950+0000][120][info ][gc,cpu      ] GC(14) User=0.29s Sys=0.00s Real=0.05s
[2025-10-08T05:41:47.950+0000][120][info ][safepoint   ] Safepoint "G1CollectForAllocation", Time since last: 204658125 ns, Reaching safepoint: 5417 ns, Cleanup: 57375 ns, At safepoint: 43454167 ns, Total: 43516959 ns
[2025-10-08T05:41:47.960+0000][120][info ][gc,start    ] GC(15) Pause Young (Normal) (G1 Evacuation Pause)
[2025-10-08T05:41:47.960+0000][120][info ][gc,task     ] GC(15) Using 8 workers of 8 for evacuation
[2025-10-08T05:41:47.960+0000][120][debug][gc,age      ] GC(15) Desired survivor size 6291456 bytes, new threshold 1 (max threshold 15)
[2025-10-08T05:41:47.994+0000][120][info ][gc,phases   ] GC(15)   Pre Evacuate Collection Set: 0.13ms
[2025-10-08T05:41:47.994+0000][120][info ][gc,phases   ] GC(15)   Merge Heap Roots: 0.14ms
[2025-10-08T05:41:47.994+0000][120][info ][gc,phases   ] GC(15)   Evacuate Collection Set: 33.10ms
[2025-10-08T05:41:47.995+0000][120][info ][gc,phases   ] GC(15)   Post Evacuate Collection Set: 1.07ms
[2025-10-08T05:41:47.995+0000][120][info ][gc,phases   ] GC(15)   Other: 0.12ms
[2025-10-08T05:41:47.995+0000][120][trace][gc,age      ] GC(15) Age table with threshold 1 (max threshold 15)
[2025-10-08T05:41:47.995+0000][120][trace][gc,age      ] GC(15) - age   1:    1270480 bytes,    1270480 total
[2025-10-08T05:41:47.995+0000][120][info ][gc,heap     ] GC(15) Eden regions: 1->0(149)
[2025-10-08T05:41:47.995+0000][120][info ][gc,heap     ] GC(15) Survivor regions: 20->3(3)
[2025-10-08T05:41:47.995+0000][120][info ][gc,heap     ] GC(15) Old regions: 8->29
[2025-10-08T05:41:47.995+0000][120][info ][gc,heap     ] GC(15) Humongous regions: 0->0
[2025-10-08T05:41:47.995+0000][120][info ][gc,metaspace] GC(15) Metaspace: 138918K(142976K)->138918K(142976K) NonClass: 119235K(121472K)->119235K(121472K) Class: 19682K(21504K)->19682K(21504K)
[2025-10-08T05:41:47.995+0000][120][info ][gc          ] GC(15) Pause Young (Normal) (G1 Evacuation Pause) 115M->126M(1024M) 35.055ms
[2025-10-08T05:41:47.995+0000][120][info ][gc,cpu      ] GC(15) User=0.27s Sys=0.00s Real=0.03s
[2025-10-08T05:41:47.995+0000][120][info ][safepoint   ] Safepoint "G1CollectForAllocation", Time since last: 8230750 ns, Reaching safepoint: 1051333 ns, Cleanup: 8042 ns, At safepoint: 35223500 ns, Total: 36282875 ns
[2025-10-08T05:41:48.074+0000][120][info ][safepoint   ] Safepoint "ICBufferFull", Time since last: 79228375 ns, Reaching safepoint: 27166 ns, Cleanup: 74625 ns, At safepoint: 27459 ns, Total: 129250 ns
[2025-10-08T05:41:48.145+0000][120][info ][safepoint   ] Safepoint "ICBufferFull", Time since last: 69692958 ns, Reaching safepoint: 858708 ns, Cleanup: 64542 ns, At safepoint: 10125 ns, Total: 933375 ns
[2025-10-08T05:41:48.231+0000][120][info ][safepoint   ] Safepoint "ICBufferFull", Time since last: 86231917 ns, Reaching safepoint: 54875 ns, Cleanup: 107958 ns, At safepoint: 15167 ns, Total: 178000 ns
[2025-10-08T05:41:48.354+0000][120][info ][safepoint   ] Safepoint "ICBufferFull", Time since last: 122302958 ns, Reaching safepoint: 6375 ns, Cleanup: 104834 ns, At safepoint: 35083 ns, Total: 146292 ns
[2025-10-08T05:41:48.433+0000][120][info ][safepoint   ] Safepoint "ICBufferFull", Time since last: 78910917 ns, Reaching safepoint: 19625 ns, Cleanup: 128125 ns, At safepoint: 45208 ns, Total: 192958 ns
[2025-10-08T05:41:48.520+0000][120][info ][safepoint   ] Safepoint "ICBufferFull", Time since last: 86871750 ns, Reaching safepoint: 6458 ns, Cleanup: 82667 ns, At safepoint: 10375 ns, Total: 99500 ns
[2025-10-08T05:41:48.629+0000][120][info ][safepoint   ] Safepoint "ICBufferFull", Time since last: 108637042 ns, Reaching safepoint: 5583 ns, Cleanup: 83208 ns, At safepoint: 4375 ns, Total: 93166 ns
[2025-10-08T05:41:48.728+0000][120][info ][safepoint   ] Safepoint "ICBufferFull", Time since last: 98103000 ns, Reaching safepoint: 1208959 ns, Cleanup: 92875 ns, At safepoint: 17208 ns, Total: 1319042 ns
[2025-10-08T05:41:48.854+0000][120][info ][safepoint   ] Safepoint "ICBufferFull", Time since last: 125741708 ns, Reaching safepoint: 48959 ns, Cleanup: 80041 ns, At safepoint: 15625 ns, Total: 144625 ns
[2025-10-08T05:41:48.970+0000][120][info ][safepoint   ] Safepoint "ICBufferFull", Time since last: 115012501 ns, Reaching safepoint: 952625 ns, Cleanup: 112500 ns, At safepoint: 11041 ns, Total: 1076166 ns
[2025-10-08T05:41:49.263+0000][120][info ][safepoint   ] Safepoint "ICBufferFull", Time since last: 292551542 ns, Reaching safepoint: 7667 ns, Cleanup: 91916 ns, At safepoint: 11125 ns, Total: 110708 ns
[2025-10-08T05:41:49.382+0000][120][info ][safepoint   ] Safepoint "ICBufferFull", Time since last: 119393375 ns, Reaching safepoint: 5000 ns, Cleanup: 118334 ns, At safepoint: 8166 ns, Total: 131500 ns
[2025-10-08T05:41:49.539+0000][120][info ][safepoint   ] Safepoint "ICBufferFull", Time since last: 156273834 ns, Reaching safepoint: 10041 ns, Cleanup: 83875 ns, At safepoint: 13584 ns, Total: 107500 ns
[2025-10-08T05:41:49.899+0000][120][info ][safepoint   ] Safepoint "ICBufferFull", Time since last: 359224125 ns, Reaching safepoint: 1127750 ns, Cleanup: 94542 ns, At safepoint: 29500 ns, Total: 1251792 ns
[2025-10-08T05:41:50.007+0000][120][info ][safepoint   ] Safepoint "ICBufferFull", Time since last: 107503333 ns, Reaching safepoint: 5792 ns, Cleanup: 120291 ns, At safepoint: 26500 ns, Total: 152583 ns
[2025-10-08T05:41:50.177+0000][120][info ][safepoint   ] Safepoint "ICBufferFull", Time since last: 169820167 ns, Reaching safepoint: 27125 ns, Cleanup: 112792 ns, At safepoint: 19875 ns, Total: 159792 ns
[2025-10-08T05:41:50.472+0000][120][info ][safepoint   ] Safepoint "ICBufferFull", Time since last: 294461458 ns, Reaching safepoint: 690959 ns, Cleanup: 108500 ns, At safepoint: 22041 ns, Total: 821500 ns
[2025-10-08T05:41:50.757+0000][120][info ][safepoint   ] Safepoint "ICBufferFull", Time since last: 285315584 ns, Reaching safepoint: 10125 ns, Cleanup: 102125 ns, At safepoint: 15250 ns, Total: 127500 ns
[2025-10-08T05:41:51.020+0000][120][info ][safepoint   ] Safepoint "ICBufferFull", Time since last: 262610667 ns, Reaching safepoint: 9541 ns, Cleanup: 99750 ns, At safepoint: 10084 ns, Total: 119375 ns
[2025-10-08T05:41:51.413+0000][120][info ][safepoint   ] Safepoint "ICBufferFull", Time since last: 393084958 ns, Reaching safepoint: 7375 ns, Cleanup: 119167 ns, At safepoint: 4625 ns, Total: 131167 ns
[2025-10-08T05:41:52.417+0000][120][info ][safepoint   ] Safepoint "Cleanup", Time since last: 1003656167 ns, Reaching safepoint: 12417 ns, Cleanup: 132916 ns, At safepoint: 7084 ns, Total: 152417 ns
[2025-10-08T05:41:53.422+0000][120][info ][safepoint   ] Safepoint "Cleanup", Time since last: 1004816000 ns, Reaching safepoint: 59792 ns, Cleanup: 65666 ns, At safepoint: 17667 ns, Total: 143125 ns
[2025-10-08T05:41:54.424+0000][120][info ][safepoint   ] Safepoint "Cleanup", Time since last: 1001752209 ns, Reaching safepoint: 32500 ns, Cleanup: 19791 ns, At safepoint: 8250 ns, Total: 60541 ns
[2025-10-08T05:41:55.426+0000][120][info ][safepoint   ] Safepoint "Cleanup", Time since last: 1002188251 ns, Reaching safepoint: 266208 ns, Cleanup: 56625 ns, At safepoint: 15834 ns, Total: 338667 ns
[2025-10-08T05:41:56.428+0000][120][info ][safepoint   ] Safepoint "Cleanup", Time since last: 1001328208 ns, Reaching safepoint: 383292 ns, Cleanup: 41875 ns, At safepoint: 22708 ns, Total: 447875 ns
[2025-10-08T05:41:57.433+0000][120][info ][safepoint   ] Safepoint "Cleanup", Time since last: 1001548583 ns, Reaching safepoint: 69000 ns, Cleanup: 35417 ns, At safepoint: 16917 ns, Total: 121334 ns
[2025-10-08T05:41:58.435+0000][120][info ][safepoint   ] Safepoint "Cleanup", Time since last: 1001890125 ns, Reaching safepoint: 110000 ns, Cleanup: 28833 ns, At safepoint: 10459 ns, Total: 149292 ns
[2025-10-08T05:41:59.436+0000][120][info ][safepoint   ] Safepoint "Cleanup", Time since last: 1000951084 ns, Reaching safepoint: 12208 ns, Cleanup: 15208 ns, At safepoint: 3167 ns, Total: 30583 ns
[2025-10-08T05:42:00.438+0000][120][info ][safepoint   ] Safepoint "Cleanup", Time since last: 1001823000 ns, Reaching safepoint: 12417 ns, Cleanup: 13250 ns, At safepoint: 5292 ns, Total: 30959 ns
[2025-10-08T05:42:03.443+0000][120][info ][safepoint   ] Safepoint "Cleanup", Time since last: 3004685834 ns, Reaching safepoint: 78250 ns, Cleanup: 26000 ns, At safepoint: 11292 ns, Total: 115542 ns
[2025-10-08T05:42:05.445+0000][120][info ][safepoint   ] Safepoint "Cleanup", Time since last: 2002529876 ns, Reaching safepoint: 23167 ns, Cleanup: 12916 ns, At safepoint: 8250 ns, Total: 44333 ns
[2025-10-08T05:42:06.449+0000][120][info ][safepoint   ] Safepoint "Cleanup", Time since last: 1003943751 ns, Reaching safepoint: 41542 ns, Cleanup: 82291 ns, At safepoint: 15834 ns, Total: 139667 ns
[2025-10-08T05:42:08.451+0000][120][info ][safepoint   ] Safepoint "Cleanup", Time since last: 2001543167 ns, Reaching safepoint: 206084 ns, Cleanup: 46875 ns, At safepoint: 24041 ns, Total: 277000 ns
[2025-10-08T05:42:09.457+0000][120][info ][safepoint   ] Safepoint "Cleanup", Time since last: 1005752292 ns, Reaching safepoint: 41209 ns, Cleanup: 27791 ns, At safepoint: 11750 ns, Total: 80750 ns
[2025-10-08T05:42:10.458+0000][120][info ][safepoint   ] Safepoint "Cleanup", Time since last: 1000870084 ns, Reaching safepoint: 43083 ns, Cleanup: 28834 ns, At safepoint: 17958 ns, Total: 89875 ns
[2025-10-08T05:42:11.459+0000][120][info ][safepoint   ] Safepoint "Cleanup", Time since last: 1000909542 ns, Reaching safepoint: 55125 ns, Cleanup: 46542 ns, At safepoint: 10250 ns, Total: 111917 ns
[2025-10-08T05:42:12.460+0000][120][info ][safepoint   ] Safepoint "Cleanup", Time since last: 1000923292 ns, Reaching safepoint: 58292 ns, Cleanup: 31000 ns, At safepoint: 10708 ns, Total: 100000 ns
[2025-10-08T05:42:13.462+0000][120][info ][safepoint   ] Safepoint "Cleanup", Time since last: 1001542834 ns, Reaching safepoint: 46375 ns, Cleanup: 26292 ns, At safepoint: 15291 ns, Total: 87958 ns
[2025-10-08T05:42:17.468+0000][120][info ][safepoint   ] Safepoint "Cleanup", Time since last: 4005731960 ns, Reaching safepoint: 47167 ns, Cleanup: 43000 ns, At safepoint: 12042 ns, Total: 102209 ns
[2025-10-08T05:42:18.469+0000][120][info ][safepoint   ] Safepoint "Cleanup", Time since last: 1001003584 ns, Reaching safepoint: 57875 ns, Cleanup: 40083 ns, At safepoint: 11750 ns, Total: 109708 ns
[2025-10-08T05:42:19.470+0000][120][info ][safepoint   ] Safepoint "Cleanup", Time since last: 1001360709 ns, Reaching safepoint: 56250 ns, Cleanup: 39916 ns, At safepoint: 6542 ns, Total: 102708 ns
[2025-10-08T05:42:20.471+0000][120][info ][safepoint   ] Safepoint "Cleanup", Time since last: 1000498001 ns, Reaching safepoint: 61083 ns, Cleanup: 36625 ns, At safepoint: 13625 ns, Total: 111333 ns
[2025-10-08T05:42:21.473+0000][120][info ][safepoint   ] Safepoint "Cleanup", Time since last: 1001835209 ns, Reaching safepoint: 153041 ns, Cleanup: 67250 ns, At safepoint: 24792 ns, Total: 245083 ns
[2025-10-08T05:42:22.475+0000][120][info ][safepoint   ] Safepoint "Cleanup", Time since last: 1002393709 ns, Reaching safepoint: 33792 ns, Cleanup: 25666 ns, At safepoint: 8667 ns, Total: 68125 ns
[2025-10-08T05:42:23.476+0000][120][info ][safepoint   ] Safepoint "Cleanup", Time since last: 1000846750 ns, Reaching safepoint: 65500 ns, Cleanup: 41167 ns, At safepoint: 13750 ns, Total: 120417 ns
[2025-10-08T05:42:25.479+0000][120][info ][safepoint   ] Safepoint "Cleanup", Time since last: 2002982376 ns, Reaching safepoint: 83167 ns, Cleanup: 15208 ns, At safepoint: 8500 ns, Total: 106875 ns
[2025-10-08T05:42:26.483+0000][120][info ][safepoint   ] Safepoint "Cleanup", Time since last: 1003232292 ns, Reaching safepoint: 81833 ns, Cleanup: 20209 ns, At safepoint: 15958 ns, Total: 118000 ns
[2025-10-08T05:42:27.488+0000][120][info ][safepoint   ] Safepoint "Cleanup", Time since last: 1003701000 ns, Reaching safepoint: 290125 ns, Cleanup: 33709 ns, At safepoint: 23208 ns, Total: 347042 ns
[2025-10-08T05:42:28.490+0000][120][info ][safepoint   ] Safepoint "Cleanup", Time since last: 1002332334 ns, Reaching safepoint: 4166 ns, Cleanup: 66542 ns, At safepoint: 5167 ns, Total: 75875 ns
[2025-10-08T05:42:28.551+0000][120][info ][gc,start    ] GC(16) Pause Young (Normal) (G1 Evacuation Pause)
[2025-10-08T05:42:28.551+0000][120][info ][gc,task     ] GC(16) Using 8 workers of 8 for evacuation
[2025-10-08T05:42:28.551+0000][120][debug][gc,age      ] GC(16) Desired survivor size 41943040 bytes, new threshold 15 (max threshold 15)
[2025-10-08T05:42:28.607+0000][120][info ][gc,phases   ] GC(16)   Pre Evacuate Collection Set: 0.33ms
[2025-10-08T05:42:28.607+0000][120][info ][gc,phases   ] GC(16)   Merge Heap Roots: 0.13ms
[2025-10-08T05:42:28.607+0000][120][info ][gc,phases   ] GC(16)   Evacuate Collection Set: 54.09ms
[2025-10-08T05:42:28.607+0000][120][info ][gc,phases   ] GC(16)   Post Evacuate Collection Set: 1.41ms
[2025-10-08T05:42:28.607+0000][120][info ][gc,phases   ] GC(16)   Other: 0.23ms
[2025-10-08T05:42:28.607+0000][120][trace][gc,age      ] GC(16) Age table with threshold 15 (max threshold 15)
[2025-10-08T05:42:28.607+0000][120][trace][gc,age      ] GC(16) - age   1:   28756168 bytes,   28756168 total
[2025-10-08T05:42:28.608+0000][120][trace][gc,age      ] GC(16) - age   2:     543856 bytes,   29300024 total
[2025-10-08T05:42:28.608+0000][120][info ][gc,heap     ] GC(16) Eden regions: 150->0(125)
[2025-10-08T05:42:28.608+0000][120][info ][gc,heap     ] GC(16) Survivor regions: 3->8(20)
[2025-10-08T05:42:28.608+0000][120][info ][gc,heap     ] GC(16) Old regions: 29->29
[2025-10-08T05:42:28.608+0000][120][info ][gc,heap     ] GC(16) Humongous regions: 2->2
[2025-10-08T05:42:28.608+0000][120][info ][gc,metaspace] GC(16) Metaspace: 148644K(152832K)->148644K(152832K) NonClass: 127644K(129984K)->127644K(129984K) Class: 21000K(22848K)->21000K(22848K)
[2025-10-08T05:42:28.608+0000][120][info ][gc          ] GC(16) Pause Young (Normal) (G1 Evacuation Pause) 734M->154M(1024M) 56.876ms
[2025-10-08T05:42:28.608+0000][120][info ][gc,cpu      ] GC(16) User=0.43s Sys=0.00s Real=0.06s
[2025-10-08T05:42:28.608+0000][120][info ][safepoint   ] Safepoint "G1CollectForAllocation", Time since last: 60711666 ns, Reaching safepoint: 16834 ns, Cleanup: 57416 ns, At safepoint: 57519167 ns, Total: 57593417 ns
[2025-10-08T05:42:29.611+0000][120][info ][safepoint   ] Safepoint "Cleanup", Time since last: 1002074042 ns, Reaching safepoint: 56334 ns, Cleanup: 143833 ns, At safepoint: 15042 ns, Total: 215209 ns
[2025-10-08T05:42:30.937+0000][120][info ][safepoint   ] Safepoint "Cleanup", Time since last: 1326651334 ns, Reaching safepoint: 59916 ns, Cleanup: 155959 ns, At safepoint: 13541 ns, Total: 229416 ns
[2025-10-08T05:42:32.940+0000][120][info ][safepoint   ] Safepoint "Cleanup", Time since last: 2002531001 ns, Reaching safepoint: 59167 ns, Cleanup: 28958 ns, At safepoint: 15084 ns, Total: 103209 ns
[2025-10-08T05:42:33.941+0000][120][info ][safepoint   ] Safepoint "Cleanup", Time since last: 1001078708 ns, Reaching safepoint: 150167 ns, Cleanup: 41375 ns, At safepoint: 23375 ns, Total: 214917 ns
[2025-10-08T05:42:35.450+0000][120][info ][safepoint   ] Safepoint "Cleanup", Time since last: 1508607001 ns, Reaching safepoint: 34250 ns, Cleanup: 37875 ns, At safepoint: 14791 ns, Total: 86916 ns
[2025-10-08T05:42:36.452+0000][120][info ][safepoint   ] Safepoint "Cleanup", Time since last: 1001917668 ns, Reaching safepoint: 60000 ns, Cleanup: 35333 ns, At safepoint: 11292 ns, Total: 106625 ns
[2025-10-08T05:42:38.454+0000][120][info ][safepoint   ] Safepoint "Cleanup", Time since last: 2002206126 ns, Reaching safepoint: 61125 ns, Cleanup: 31500 ns, At safepoint: 10875 ns, Total: 103500 ns
[2025-10-08T05:42:39.455+0000][120][info ][safepoint   ] Safepoint "Cleanup", Time since last: 1000765458 ns, Reaching safepoint: 66209 ns, Cleanup: 40208 ns, At safepoint: 15417 ns, Total: 121834 ns
[2025-10-08T05:42:40.456+0000][120][info ][safepoint   ] Safepoint "Cleanup", Time since last: 1000935208 ns, Reaching safepoint: 72167 ns, Cleanup: 89667 ns, At safepoint: 14958 ns, Total: 176792 ns
[2025-10-08T05:42:43.461+0000][120][info ][safepoint   ] Safepoint "Cleanup", Time since last: 3005017210 ns, Reaching safepoint: 16750 ns, Cleanup: 13833 ns, At safepoint: 6375 ns, Total: 36958 ns
[2025-10-08T05:42:44.463+0000][120][info ][safepoint   ] Safepoint "Cleanup", Time since last: 1001280292 ns, Reaching safepoint: 55084 ns, Cleanup: 30416 ns, At safepoint: 8000 ns, Total: 93500 ns
[2025-10-08T05:42:45.466+0000][120][info ][safepoint   ] Safepoint "Cleanup", Time since last: 1002928043 ns, Reaching safepoint: 30041 ns, Cleanup: 41250 ns, At safepoint: 9209 ns, Total: 80500 ns
[2025-10-08T05:42:46.468+0000][120][info ][safepoint   ] Safepoint "Cleanup", Time since last: 1001915958 ns, Reaching safepoint: 59250 ns, Cleanup: 34959 ns, At safepoint: 12250 ns, Total: 106459 ns
[2025-10-08T05:42:47.469+0000][120][info ][safepoint   ] Safepoint "Cleanup", Time since last: 1001112625 ns, Reaching safepoint: 66208 ns, Cleanup: 92000 ns, At safepoint: 16125 ns, Total: 174333 ns
[2025-10-08T05:42:48.471+0000][120][info ][safepoint   ] Safepoint "Cleanup", Time since last: 1002184543 ns, Reaching safepoint: 29041 ns, Cleanup: 35875 ns, At safepoint: 21042 ns, Total: 85958 ns
[2025-10-08T05:42:50.491+0000][120][info ][safepoint   ] Safepoint "Cleanup", Time since last: 2019650418 ns, Reaching safepoint: 44666 ns, Cleanup: 44084 ns, At safepoint: 13333 ns, Total: 102083 ns
[2025-10-08T05:42:51.497+0000][120][info ][safepoint   ] Safepoint "Cleanup", Time since last: 1005181875 ns, Reaching safepoint: 87125 ns, Cleanup: 96959 ns, At safepoint: 11250 ns, Total: 195334 ns
[2025-10-08T05:42:53.499+0000][120][info ][safepoint   ] Safepoint "Cleanup", Time since last: 2002437001 ns, Reaching safepoint: 29250 ns, Cleanup: 20875 ns, At safepoint: 7500 ns, Total: 57625 ns
[2025-10-08T05:42:55.501+0000][120][info ][safepoint   ] Safepoint "Cleanup", Time since last: 2001737084 ns, Reaching safepoint: 43167 ns, Cleanup: 13041 ns, At safepoint: 8000 ns, Total: 64208 ns
[2025-10-08T05:42:57.503+0000][120][info ][safepoint   ] Safepoint "Cleanup", Time since last: 2001317542 ns, Reaching safepoint: 32417 ns, Cleanup: 12500 ns, At safepoint: 7833 ns, Total: 52750 ns
[2025-10-08T05:43:00.507+0000][120][info ][safepoint   ] Safepoint "Cleanup", Time since last: 3004652710 ns, Reaching safepoint: 70291 ns, Cleanup: 42625 ns, At safepoint: 9417 ns, Total: 122333 ns
[2025-10-08T05:43:03.510+0000][120][info ][safepoint   ] Safepoint "Cleanup", Time since last: 3002791501 ns, Reaching safepoint: 46167 ns, Cleanup: 16708 ns, At safepoint: 10292 ns, Total: 73167 ns
[2025-10-08T05:43:05.513+0000][120][info ][safepoint   ] Safepoint "Cleanup", Time since last: 2002329501 ns, Reaching safepoint: 58000 ns, Cleanup: 54500 ns, At safepoint: 6750 ns, Total: 119250 ns
[2025-10-08T05:43:11.520+0000][120][info ][safepoint   ] Safepoint "Cleanup", Time since last: 6007270753 ns, Reaching safepoint: 89500 ns, Cleanup: 68000 ns, At safepoint: 50958 ns, Total: 208458 ns
[2025-10-08T05:43:12.522+0000][120][info ][safepoint   ] Safepoint "Cleanup", Time since last: 1001157667 ns, Reaching safepoint: 66292 ns, Cleanup: 31167 ns, At safepoint: 14875 ns, Total: 112334 ns
[2025-10-08T05:43:13.526+0000][120][info ][safepoint   ] Safepoint "Cleanup", Time since last: 1004085750 ns, Reaching safepoint: 65750 ns, Cleanup: 45500 ns, At safepoint: 13334 ns, Total: 124584 ns
[2025-10-08T05:43:14.529+0000][120][info ][safepoint   ] Safepoint "Cleanup", Time since last: 1002934250 ns, Reaching safepoint: 150500 ns, Cleanup: 87125 ns, At safepoint: 45500 ns, Total: 283125 ns
[2025-10-08T05:43:15.530+0000][120][info ][safepoint   ] Safepoint "Cleanup", Time since last: 1001527584 ns, Reaching safepoint: 15458 ns, Cleanup: 12209 ns, At safepoint: 4333 ns, Total: 32000 ns
[2025-10-08T05:43:17.533+0000][120][info ][safepoint   ] Safepoint "Cleanup", Time since last: 2002224001 ns, Reaching safepoint: 40208 ns, Cleanup: 49209 ns, At safepoint: 15708 ns, Total: 105125 ns
[2025-10-08T05:43:18.535+0000][120][info ][safepoint   ] Safepoint "Cleanup", Time since last: 1001756500 ns, Reaching safepoint: 15709 ns, Cleanup: 40416 ns, At safepoint: 6625 ns, Total: 62750 ns
[2025-10-08T05:43:19.536+0000][120][info ][safepoint   ] Safepoint "Cleanup", Time since last: 1000886209 ns, Reaching safepoint: 112333 ns, Cleanup: 41125 ns, At safepoint: 19084 ns, Total: 172542 ns
[2025-10-08T05:43:20.536+0000][120][info ][safepoint   ] Safepoint "Cleanup", Time since last: 1000535292 ns, Reaching safepoint: 40042 ns, Cleanup: 32625 ns, At safepoint: 10125 ns, Total: 82792 ns
[2025-10-08T05:43:21.538+0000][120][info ][safepoint   ] Safepoint "Cleanup", Time since last: 1001101667 ns, Reaching safepoint: 92541 ns, Cleanup: 42167 ns, At safepoint: 17000 ns, Total: 151708 ns
[2025-10-08T05:43:22.541+0000][120][info ][safepoint   ] Safepoint "Cleanup", Time since last: 1002794167 ns, Reaching safepoint: 75250 ns, Cleanup: 46292 ns, At safepoint: 22333 ns, Total: 143875 ns
[2025-10-08T05:43:23.543+0000][120][info ][safepoint   ] Safepoint "Cleanup", Time since last: 1001686292 ns, Reaching safepoint: 137292 ns, Cleanup: 526917 ns, At safepoint: 31458 ns, Total: 695667 ns
[2025-10-08T05:43:24.544+0000][120][info ][safepoint   ] Safepoint "Cleanup", Time since last: 1001348376 ns, Reaching safepoint: 90541 ns, Cleanup: 144334 ns, At safepoint: 21958 ns, Total: 256833 ns
[2025-10-08T05:43:26.548+0000][120][info ][safepoint   ] Safepoint "Cleanup", Time since last: 2003946542 ns, Reaching safepoint: 126334 ns, Cleanup: 53541 ns, At safepoint: 23000 ns, Total: 202875 ns
[2025-10-08T05:43:27.549+0000][120][info ][safepoint   ] Safepoint "Cleanup", Time since last: 1000648334 ns, Reaching safepoint: 79292 ns, Cleanup: 38666 ns, At safepoint: 11459 ns, Total: 129417 ns
[2025-10-08T05:43:28.551+0000][120][info ][safepoint   ] Safepoint "Cleanup", Time since last: 1002238458 ns, Reaching safepoint: 23959 ns, Cleanup: 15750 ns, At safepoint: 7416 ns, Total: 47125 ns
[2025-10-08T05:43:29.553+0000][120][info ][safepoint   ] Safepoint "Cleanup", Time since last: 1001611168 ns, Reaching safepoint: 83000 ns, Cleanup: 48916 ns, At safepoint: 15459 ns, Total: 147375 ns
[2025-10-08T05:43:33.557+0000][120][info ][safepoint   ] Safepoint "Cleanup", Time since last: 4004162918 ns, Reaching safepoint: 105459 ns, Cleanup: 24916 ns, At safepoint: 13042 ns, Total: 143417 ns
[2025-10-08T05:43:35.581+0000][120][info ][safepoint   ] Safepoint "Cleanup", Time since last: 2023498209 ns, Reaching safepoint: 95250 ns, Cleanup: 33833 ns, At safepoint: 7000 ns, Total: 136083 ns
[2025-10-08T05:43:36.584+0000][120][info ][safepoint   ] Safepoint "Cleanup", Time since last: 1002275251 ns, Reaching safepoint: 141667 ns, Cleanup: 27166 ns, At safepoint: 22584 ns, Total: 191417 ns
[2025-10-08T05:43:37.585+0000][120][info ][safepoint   ] Safepoint "Cleanup", Time since last: 1001824417 ns, Reaching safepoint: 28833 ns, Cleanup: 13125 ns, At safepoint: 9292 ns, Total: 51250 ns
[2025-10-08T05:43:41.592+0000][120][info ][safepoint   ] Safepoint "Cleanup", Time since last: 4006677502 ns, Reaching safepoint: 103083 ns, Cleanup: 61917 ns, At safepoint: 12833 ns, Total: 177833 ns
[2025-10-08T05:43:42.595+0000][120][info ][safepoint   ] Safepoint "Cleanup", Time since last: 1002724250 ns, Reaching safepoint: 107417 ns, Cleanup: 56542 ns, At safepoint: 13583 ns, Total: 177542 ns
[2025-10-08T05:43:43.596+0000][120][info ][safepoint   ] Safepoint "Cleanup", Time since last: 1000920667 ns, Reaching safepoint: 96917 ns, Cleanup: 62333 ns, At safepoint: 13500 ns, Total: 172750 ns
[2025-10-08T05:43:45.599+0000][120][info ][safepoint   ] Safepoint "Cleanup", Time since last: 2002196210 ns, Reaching safepoint: 27625 ns, Cleanup: 50583 ns, At safepoint: 8833 ns, Total: 87041 ns
[2025-10-08T05:43:47.600+0000][120][info ][safepoint   ] Safepoint "Cleanup", Time since last: 2001711210 ns, Reaching safepoint: 84458 ns, Cleanup: 87875 ns, At safepoint: 17417 ns, Total: 189750 ns
[2025-10-08T05:43:48.603+0000][120][info ][safepoint   ] Safepoint "Cleanup", Time since last: 1002506583 ns, Reaching safepoint: 74167 ns, Cleanup: 87500 ns, At safepoint: 10875 ns, Total: 172542 ns
[2025-10-08T05:43:49.605+0000][120][info ][safepoint   ] Safepoint "Cleanup", Time since last: 1001245834 ns, Reaching safepoint: 72167 ns, Cleanup: 52500 ns, At safepoint: 9625 ns, Total: 134292 ns
[2025-10-08T05:43:50.607+0000][120][info ][safepoint   ] Safepoint "Cleanup", Time since last: 1002068792 ns, Reaching safepoint: 28666 ns, Cleanup: 26292 ns, At safepoint: 7958 ns, Total: 62916 ns
[2025-10-08T05:43:53.613+0000][120][info ][safepoint   ] Safepoint "Cleanup", Time since last: 3005945252 ns, Reaching safepoint: 86583 ns, Cleanup: 46792 ns, At safepoint: 11625 ns, Total: 145000 ns
[2025-10-08T05:43:55.615+0000][120][info ][safepoint   ] Safepoint "Cleanup", Time since last: 2002440709 ns, Reaching safepoint: 29500 ns, Cleanup: 23000 ns, At safepoint: 10958 ns, Total: 63458 ns
[2025-10-08T05:43:56.618+0000][120][info ][safepoint   ] Safepoint "Cleanup", Time since last: 1002690126 ns, Reaching safepoint: 81458 ns, Cleanup: 49458 ns, At safepoint: 16167 ns, Total: 147083 ns
[2025-10-08T05:44:05.633+0000][120][info ][safepoint   ] Safepoint "Cleanup", Time since last: 9014407504 ns, Reaching safepoint: 32667 ns, Cleanup: 74500 ns, At safepoint: 11333 ns, Total: 118500 ns
[2025-10-08T05:44:09.639+0000][120][info ][safepoint   ] Safepoint "Cleanup", Time since last: 4005918835 ns, Reaching safepoint: 179125 ns, Cleanup: 100750 ns, At safepoint: 15334 ns, Total: 295209 ns
[2025-10-08T05:44:12.644+0000][120][info ][safepoint   ] Safepoint "Cleanup", Time since last: 3004397293 ns, Reaching safepoint: 103750 ns, Cleanup: 55458 ns, At safepoint: 17792 ns, Total: 177000 ns
[2025-10-08T05:44:13.646+0000][120][info ][safepoint   ] Safepoint "Cleanup", Time since last: 1001883500 ns, Reaching safepoint: 90834 ns, Cleanup: 58291 ns, At safepoint: 11750 ns, Total: 160875 ns
[2025-10-08T05:44:15.652+0000][120][info ][safepoint   ] Safepoint "Cleanup", Time since last: 2006332668 ns, Reaching safepoint: 117542 ns, Cleanup: 45083 ns, At safepoint: 13125 ns, Total: 175750 ns
[2025-10-08T05:44:17.657+0000][120][info ][safepoint   ] Safepoint "Cleanup", Time since last: 2004959418 ns, Reaching safepoint: 88458 ns, Cleanup: 63125 ns, At safepoint: 12583 ns, Total: 164166 ns
[2025-10-08T05:44:18.659+0000][120][info ][safepoint   ] Safepoint "Cleanup", Time since last: 1001380917 ns, Reaching safepoint: 143792 ns, Cleanup: 58667 ns, At safepoint: 27083 ns, Total: 229542 ns
[2025-10-08T05:44:20.664+0000][120][info ][safepoint   ] Safepoint "Cleanup", Time since last: 2004946751 ns, Reaching safepoint: 70875 ns, Cleanup: 38583 ns, At safepoint: 14667 ns, Total: 124125 ns
[2025-10-08T05:44:23.669+0000][120][info ][safepoint   ] Safepoint "Cleanup", Time since last: 3004752126 ns, Reaching safepoint: 92667 ns, Cleanup: 45250 ns, At safepoint: 11542 ns, Total: 149459 ns
[2025-10-08T05:44:25.674+0000][120][info ][safepoint   ] Safepoint "Cleanup", Time since last: 2004799959 ns, Reaching safepoint: 84750 ns, Cleanup: 64542 ns, At safepoint: 19458 ns, Total: 168750 ns
[2025-10-08T05:44:26.783+0000][120][info ][gc,start    ] GC(17) Pause Young (Concurrent Start) (CodeCache GC Threshold)
[2025-10-08T05:44:26.784+0000][120][info ][gc,task     ] GC(17) Using 8 workers of 8 for evacuation
[2025-10-08T05:44:26.784+0000][120][debug][gc,age      ] GC(17) Desired survivor size 41943040 bytes, new threshold 15 (max threshold 15)
[2025-10-08T05:44:26.812+0000][120][info ][gc,phases   ] GC(17)   Pre Evacuate Collection Set: 0.95ms
[2025-10-08T05:44:26.812+0000][120][info ][gc,phases   ] GC(17)   Merge Heap Roots: 0.21ms
[2025-10-08T05:44:26.812+0000][120][info ][gc,phases   ] GC(17)   Evacuate Collection Set: 24.75ms
[2025-10-08T05:44:26.812+0000][120][info ][gc,phases   ] GC(17)   Post Evacuate Collection Set: 1.47ms
[2025-10-08T05:44:26.812+0000][120][info ][gc,phases   ] GC(17)   Other: 0.65ms
[2025-10-08T05:44:26.812+0000][120][trace][gc,age      ] GC(17) Age table with threshold 15 (max threshold 15)
[2025-10-08T05:44:26.812+0000][120][trace][gc,age      ] GC(17) - age   1:     678952 bytes,     678952 total
[2025-10-08T05:44:26.812+0000][120][trace][gc,age      ] GC(17) - age   2:   27569208 bytes,   28248160 total
[2025-10-08T05:44:26.813+0000][120][trace][gc,age      ] GC(17) - age   3:     543824 bytes,   28791984 total
[2025-10-08T05:44:26.813+0000][120][info ][gc,heap     ] GC(17) Eden regions: 116->0(145)
[2025-10-08T05:44:26.813+0000][120][info ][gc,heap     ] GC(17) Survivor regions: 8->8(20)
[2025-10-08T05:44:26.813+0000][120][info ][gc,heap     ] GC(17) Old regions: 29->29
[2025-10-08T05:44:26.813+0000][120][info ][gc,heap     ] GC(17) Humongous regions: 2->2
[2025-10-08T05:44:26.813+0000][120][info ][gc,metaspace] GC(17) Metaspace: 150125K(154368K)->150125K(154368K) NonClass: 128990K(131328K)->128990K(131328K) Class: 21134K(23040K)->21134K(23040K)
[2025-10-08T05:44:26.813+0000][120][info ][gc          ] GC(17) Pause Young (Concurrent Start) (CodeCache GC Threshold) 615M->152M(1024M) 29.448ms
[2025-10-08T05:44:26.813+0000][120][info ][gc          ] GC(18) Concurrent Mark Cycle
[2025-10-08T05:44:26.813+0000][120][info ][gc,marking  ] GC(18) Concurrent Scan Root Regions
[2025-10-08T05:44:26.813+0000][120][info ][gc,cpu      ] GC(17) User=0.19s Sys=0.01s Real=0.02s
[2025-10-08T05:44:26.813+0000][120][info ][safepoint   ] Safepoint "G1TryInitiateConcMark", Time since last: 1109071167 ns, Reaching safepoint: 92333 ns, Cleanup: 10667 ns, At safepoint: 29913583 ns, Total: 30016583 ns
[2025-10-08T05:44:26.823+0000][120][info ][gc,marking  ] GC(18) Concurrent Scan Root Regions 10.191ms
[2025-10-08T05:44:26.823+0000][120][info ][gc,marking  ] GC(18) Concurrent Mark
[2025-10-08T05:44:26.823+0000][120][info ][gc,marking  ] GC(18) Concurrent Mark From Roots
[2025-10-08T05:44:26.823+0000][120][info ][gc,task     ] GC(18) Using 2 workers of 2 for marking
[2025-10-08T05:44:26.882+0000][120][info ][gc,marking  ] GC(18) Concurrent Mark From Roots 58.665ms
[2025-10-08T05:44:26.882+0000][120][info ][gc,marking  ] GC(18) Concurrent Preclean
[2025-10-08T05:44:26.882+0000][120][info ][gc,marking  ] GC(18) Concurrent Preclean 0.299ms
[2025-10-08T05:44:26.882+0000][120][info ][gc,start    ] GC(18) Pause Remark
[2025-10-08T05:44:26.929+0000][120][info ][gc          ] GC(18) Pause Remark 152M->152M(1024M) 46.500ms
[2025-10-08T05:44:26.929+0000][120][info ][gc,cpu      ] GC(18) User=0.29s Sys=0.00s Real=0.05s
[2025-10-08T05:44:26.929+0000][120][info ][safepoint   ] Safepoint "G1PauseRemark", Time since last: 69247292 ns, Reaching safepoint: 12750 ns, Cleanup: 2500 ns, At safepoint: 46816000 ns, Total: 46831250 ns
[2025-10-08T05:44:26.929+0000][120][info ][gc,marking  ] GC(18) Concurrent Mark 106.070ms
[2025-10-08T05:44:26.929+0000][120][info ][gc,marking  ] GC(18) Concurrent Rebuild Remembered Sets and Scrub Regions
[2025-10-08T05:44:26.950+0000][120][info ][gc,marking  ] GC(18) Concurrent Rebuild Remembered Sets and Scrub Regions 20.786ms
[2025-10-08T05:44:26.952+0000][120][info ][gc,start    ] GC(18) Pause Cleanup
[2025-10-08T05:44:26.952+0000][120][info ][gc          ] GC(18) Pause Cleanup 152M->152M(1024M) 0.145ms
[2025-10-08T05:44:26.952+0000][120][info ][gc,cpu      ] GC(18) User=0.00s Sys=0.00s Real=0.00s
[2025-10-08T05:44:26.952+0000][120][info ][safepoint   ] Safepoint "G1PauseCleanup", Time since last: 21030416 ns, Reaching safepoint: 1338709 ns, Cleanup: 27166 ns, At safepoint: 266167 ns, Total: 1632042 ns
[2025-10-08T05:44:26.952+0000][120][info ][gc,marking  ] GC(18) Concurrent Clear Claimed Marks
[2025-10-08T05:44:26.952+0000][120][info ][gc,marking  ] GC(18) Concurrent Clear Claimed Marks 0.375ms
[2025-10-08T05:44:26.952+0000][120][info ][gc,marking  ] GC(18) Concurrent Cleanup for Next Mark
[2025-10-08T05:44:26.956+0000][120][info ][gc,marking  ] GC(18) Concurrent Cleanup for Next Mark 3.741ms
[2025-10-08T05:44:26.956+0000][120][info ][gc          ] GC(18) Concurrent Mark Cycle 143.250ms
[2025-10-08T05:44:31.958+0000][120][info ][safepoint   ] Safepoint "Cleanup", Time since last: 5006312294 ns, Reaching safepoint: 122833 ns, Cleanup: 45084 ns, At safepoint: 14625 ns, Total: 182542 ns
[2025-10-08T05:44:32.960+0000][120][info ][safepoint   ] Safepoint "Cleanup", Time since last: 1001211500 ns, Reaching safepoint: 82250 ns, Cleanup: 40167 ns, At safepoint: 14292 ns, Total: 136709 ns
[2025-10-08T05:44:40.648+0000][120][info ][safepoint   ] Safepoint "Cleanup", Time since last: 7687744670 ns, Reaching safepoint: 154125 ns, Cleanup: 90583 ns, At safepoint: 18959 ns, Total: 263667 ns
[2025-10-08T05:44:45.657+0000][120][info ][safepoint   ] Safepoint "Cleanup", Time since last: 5009227877 ns, Reaching safepoint: 76458 ns, Cleanup: 89167 ns, At safepoint: 10500 ns, Total: 176125 ns
[2025-10-08T05:44:47.660+0000][120][info ][safepoint   ] Safepoint "Cleanup", Time since last: 2002693793 ns, Reaching safepoint: 74666 ns, Cleanup: 48417 ns, At safepoint: 29375 ns, Total: 152458 ns
[2025-10-08T05:44:50.666+0000][120][info ][safepoint   ] Safepoint "Cleanup", Time since last: 3006074751 ns, Reaching safepoint: 92084 ns, Cleanup: 82333 ns, At safepoint: 19750 ns, Total: 194167 ns
[2025-10-08T05:44:51.670+0000][120][info ][safepoint   ] Safepoint "Cleanup", Time since last: 1003227000 ns, Reaching safepoint: 85750 ns, Cleanup: 81459 ns, At safepoint: 11958 ns, Total: 179167 ns
[2025-10-08T05:44:52.671+0000][120][info ][safepoint   ] Safepoint "Cleanup", Time since last: 1001356042 ns, Reaching safepoint: 92167 ns, Cleanup: 68708 ns, At safepoint: 18459 ns, Total: 179334 ns
[2025-10-08T05:44:53.675+0000][120][info ][safepoint   ] Safepoint "Cleanup", Time since last: 1003116042 ns, Reaching safepoint: 79750 ns, Cleanup: 57666 ns, At safepoint: 13792 ns, Total: 151208 ns
[2025-10-08T05:44:55.677+0000][120][info ][safepoint   ] Safepoint "Cleanup", Time since last: 2001925293 ns, Reaching safepoint: 76250 ns, Cleanup: 41458 ns, At safepoint: 13708 ns, Total: 131416 ns
[2025-10-08T05:45:00.686+0000][120][info ][safepoint   ] Safepoint "Cleanup", Time since last: 5009228211 ns, Reaching safepoint: 81583 ns, Cleanup: 38917 ns, At safepoint: 18500 ns, Total: 139000 ns
[2025-10-08T05:45:04.693+0000][120][info ][safepoint   ] Safepoint "Cleanup", Time since last: 4007054960 ns, Reaching safepoint: 87167 ns, Cleanup: 42333 ns, At safepoint: 14542 ns, Total: 144042 ns
[2025-10-08T05:45:05.696+0000][120][info ][safepoint   ] Safepoint "Cleanup", Time since last: 1001903000 ns, Reaching safepoint: 102625 ns, Cleanup: 135250 ns, At safepoint: 17084 ns, Total: 254959 ns
[2025-10-08T05:45:14.709+0000][120][info ][safepoint   ] Safepoint "Cleanup", Time since last: 9013164795 ns, Reaching safepoint: 145167 ns, Cleanup: 46333 ns, At safepoint: 13084 ns, Total: 204584 ns
[2025-10-08T05:45:15.711+0000][120][info ][safepoint   ] Safepoint "Cleanup", Time since last: 1001545167 ns, Reaching safepoint: 88417 ns, Cleanup: 59583 ns, At safepoint: 16417 ns, Total: 164417 ns
[2025-10-08T05:45:17.715+0000][120][info ][safepoint   ] Safepoint "Cleanup", Time since last: 2003929834 ns, Reaching safepoint: 113583 ns, Cleanup: 70209 ns, At safepoint: 12916 ns, Total: 196708 ns
[2025-10-08T05:45:18.718+0000][120][info ][safepoint   ] Safepoint "Cleanup", Time since last: 1003123542 ns, Reaching safepoint: 74500 ns, Cleanup: 67917 ns, At safepoint: 14583 ns, Total: 157000 ns
[2025-10-08T05:45:20.722+0000][120][info ][safepoint   ] Safepoint "Cleanup", Time since last: 2003713085 ns, Reaching safepoint: 76208 ns, Cleanup: 45667 ns, At safepoint: 23000 ns, Total: 144875 ns
[2025-10-08T05:45:22.726+0000][120][info ][safepoint   ] Safepoint "Cleanup", Time since last: 2003951417 ns, Reaching safepoint: 91625 ns, Cleanup: 62167 ns, At safepoint: 15167 ns, Total: 168959 ns
[2025-10-08T05:45:23.727+0000][120][info ][safepoint   ] Safepoint "Cleanup", Time since last: 1000914833 ns, Reaching safepoint: 85250 ns, Cleanup: 92334 ns, At safepoint: 14875 ns, Total: 192459 ns
[2025-10-08T05:45:25.731+0000][120][info ][safepoint   ] Safepoint "Cleanup", Time since last: 2003475084 ns, Reaching safepoint: 83250 ns, Cleanup: 50458 ns, At safepoint: 12959 ns, Total: 146667 ns
[2025-10-08T05:45:28.736+0000][120][info ][safepoint   ] Safepoint "Cleanup", Time since last: 3004987918 ns, Reaching safepoint: 18000 ns, Cleanup: 18916 ns, At safepoint: 6875 ns, Total: 43791 ns
[2025-10-08T05:45:30.740+0000][120][info ][safepoint   ] Safepoint "Cleanup", Time since last: 2003818251 ns, Reaching safepoint: 90167 ns, Cleanup: 47625 ns, At safepoint: 13625 ns, Total: 151417 ns
[2025-10-08T05:45:34.744+0000][120][info ][safepoint   ] Safepoint "Cleanup", Time since last: 4004070293 ns, Reaching safepoint: 90709 ns, Cleanup: 51541 ns, At safepoint: 13417 ns, Total: 155667 ns
[2025-10-08T05:45:36.802+0000][120][info ][safepoint   ] Safepoint "Cleanup", Time since last: 2057794001 ns, Reaching safepoint: 102000 ns, Cleanup: 72917 ns, At safepoint: 12708 ns, Total: 187625 ns
[2025-10-08T05:45:45.819+0000][120][info ][safepoint   ] Safepoint "Cleanup", Time since last: 9017264421 ns, Reaching safepoint: 87708 ns, Cleanup: 34125 ns, At safepoint: 7125 ns, Total: 128958 ns
[2025-10-08T05:45:47.824+0000][120][info ][safepoint   ] Safepoint "Cleanup", Time since last: 2004770168 ns, Reaching safepoint: 88583 ns, Cleanup: 113792 ns, At safepoint: 14458 ns, Total: 216833 ns
[2025-10-08T05:46:00.840+0000][120][info ][safepoint   ] Safepoint "Cleanup", Time since last: 13015460631 ns, Reaching safepoint: 99875 ns, Cleanup: 60167 ns, At safepoint: 18833 ns, Total: 178875 ns
[2025-10-08T05:46:04.845+0000][120][info ][safepoint   ] Safepoint "Cleanup", Time since last: 4004270960 ns, Reaching safepoint: 55000 ns, Cleanup: 42125 ns, At safepoint: 7209 ns, Total: 104334 ns
[2025-10-08T05:46:05.848+0000][120][info ][safepoint   ] Safepoint "Cleanup", Time since last: 1002921292 ns, Reaching safepoint: 85333 ns, Cleanup: 250209 ns, At safepoint: 21541 ns, Total: 357083 ns
[2025-10-08T05:46:08.853+0000][120][info ][safepoint   ] Safepoint "Cleanup", Time since last: 3005429918 ns, Reaching safepoint: 145834 ns, Cleanup: 55333 ns, At safepoint: 18708 ns, Total: 219875 ns
[2025-10-08T05:46:17.869+0000][120][info ][safepoint   ] Safepoint "Cleanup", Time since last: 9015536963 ns, Reaching safepoint: 79667 ns, Cleanup: 37375 ns, At safepoint: 16958 ns, Total: 134000 ns
[2025-10-08T05:46:20.876+0000][120][info ][safepoint   ] Safepoint "Cleanup", Time since last: 3007047376 ns, Reaching safepoint: 84167 ns, Cleanup: 75458 ns, At safepoint: 14667 ns, Total: 174292 ns
[2025-10-08T05:46:23.880+0000][120][info ][safepoint   ] Safepoint "Cleanup", Time since last: 3003845918 ns, Reaching safepoint: 67584 ns, Cleanup: 34208 ns, At safepoint: 20458 ns, Total: 122250 ns
[2025-10-08T05:46:30.890+0000][120][info ][safepoint   ] Safepoint "Cleanup", Time since last: 7009733253 ns, Reaching safepoint: 95417 ns, Cleanup: 49208 ns, At safepoint: 13542 ns, Total: 158167 ns
[2025-10-08T05:46:34.895+0000][120][info ][safepoint   ] Safepoint "Cleanup", Time since last: 4004807460 ns, Reaching safepoint: 24208 ns, Cleanup: 21750 ns, At safepoint: 7750 ns, Total: 53708 ns
[2025-10-08T05:46:35.930+0000][120][info ][safepoint   ] Safepoint "Cleanup", Time since last: 1035257668 ns, Reaching safepoint: 82250 ns, Cleanup: 39333 ns, At safepoint: 22458 ns, Total: 144041 ns
[2025-10-08T05:46:46.944+0000][120][info ][safepoint   ] Safepoint "Cleanup", Time since last: 11013394506 ns, Reaching safepoint: 61375 ns, Cleanup: 21000 ns, At safepoint: 23458 ns, Total: 105833 ns
[2025-10-08T05:46:47.946+0000][120][info ][safepoint   ] Safepoint "Cleanup", Time since last: 1001877667 ns, Reaching safepoint: 72125 ns, Cleanup: 269333 ns, At safepoint: 17959 ns, Total: 359417 ns
[2025-10-08T05:46:50.951+0000][120][info ][safepoint   ] Safepoint "Cleanup", Time since last: 3004703376 ns, Reaching safepoint: 63792 ns, Cleanup: 48458 ns, At safepoint: 12625 ns, Total: 124875 ns
[2025-10-08T05:46:52.954+0000][120][info ][safepoint   ] Safepoint "Cleanup", Time since last: 2002745959 ns, Reaching safepoint: 26000 ns, Cleanup: 37125 ns, At safepoint: 100792 ns, Total: 163917 ns
[2025-10-08T05:46:53.955+0000][120][info ][safepoint   ] Safepoint "Cleanup", Time since last: 1001080001 ns, Reaching safepoint: 60458 ns, Cleanup: 103333 ns, At safepoint: 12542 ns, Total: 176333 ns
[2025-10-08T05:46:55.958+0000][120][info ][safepoint   ] Safepoint "Cleanup", Time since last: 2002570376 ns, Reaching safepoint: 60000 ns, Cleanup: 44250 ns, At safepoint: 11292 ns, Total: 115542 ns
[2025-10-08T05:46:58.962+0000][120][info ][safepoint   ] Safepoint "Cleanup", Time since last: 3003657834 ns, Reaching safepoint: 73875 ns, Cleanup: 35208 ns, At safepoint: 12834 ns, Total: 121917 ns
[2025-10-08T05:47:00.966+0000][120][info ][safepoint   ] Safepoint "Cleanup", Time since last: 2004362167 ns, Reaching safepoint: 89667 ns, Cleanup: 38292 ns, At safepoint: 13291 ns, Total: 141250 ns
[2025-10-08T05:47:05.973+0000][120][info ][safepoint   ] Safepoint "Cleanup", Time since last: 5006715878 ns, Reaching safepoint: 135583 ns, Cleanup: 178667 ns, At safepoint: 28416 ns, Total: 342666 ns
[2025-10-08T05:47:07.977+0000][120][info ][safepoint   ] Safepoint "Cleanup", Time since last: 2003593835 ns, Reaching safepoint: 100875 ns, Cleanup: 63750 ns, At safepoint: 15333 ns, Total: 179958 ns
[2025-10-08T05:47:10.982+0000][120][info ][safepoint   ] Safepoint "Cleanup", Time since last: 3004069793 ns, Reaching safepoint: 152250 ns, Cleanup: 74667 ns, At safepoint: 31458 ns, Total: 258375 ns
[2025-10-08T05:47:11.983+0000][120][info ][safepoint   ] Safepoint "Cleanup", Time since last: 1001544126 ns, Reaching safepoint: 15541 ns, Cleanup: 11125 ns, At safepoint: 4459 ns, Total: 31125 ns
[2025-10-08T05:47:12.985+0000][120][info ][safepoint   ] Safepoint "Cleanup", Time since last: 1001337708 ns, Reaching safepoint: 35209 ns, Cleanup: 25375 ns, At safepoint: 11208 ns, Total: 71792 ns
[2025-10-08T05:47:13.986+0000][120][info ][safepoint   ] Safepoint "Cleanup", Time since last: 1001398209 ns, Reaching safepoint: 112666 ns, Cleanup: 63042 ns, At safepoint: 27417 ns, Total: 203125 ns
[2025-10-08T05:47:16.989+0000][120][info ][safepoint   ] Safepoint "Cleanup", Time since last: 3002902251 ns, Reaching safepoint: 11375 ns, Cleanup: 10709 ns, At safepoint: 17250 ns, Total: 39334 ns
[2025-10-08T05:47:17.991+0000][120][info ][safepoint   ] Safepoint "Cleanup", Time since last: 1002186833 ns, Reaching safepoint: 78542 ns, Cleanup: 47250 ns, At safepoint: 21583 ns, Total: 147375 ns
[2025-10-08T05:47:18.993+0000][120][info ][safepoint   ] Safepoint "Cleanup", Time since last: 1001592918 ns, Reaching safepoint: 84708 ns, Cleanup: 34833 ns, At safepoint: 29417 ns, Total: 148958 ns
[2025-10-08T05:47:19.996+0000][120][info ][safepoint   ] Safepoint "Cleanup", Time since last: 1001739542 ns, Reaching safepoint: 1367208 ns, Cleanup: 45042 ns, At safepoint: 34500 ns, Total: 1446750 ns
[2025-10-08T05:47:24.006+0000][120][info ][safepoint   ] Safepoint "Cleanup", Time since last: 4009222127 ns, Reaching safepoint: 544167 ns, Cleanup: 47250 ns, At safepoint: 36875 ns, Total: 628292 ns
[2025-10-08T05:47:35.022+0000][120][info ][safepoint   ] Safepoint "Cleanup", Time since last: 11015530046 ns, Reaching safepoint: 104542 ns, Cleanup: 31083 ns, At safepoint: 14625 ns, Total: 150250 ns
[2025-10-08T05:47:36.046+0000][120][info ][safepoint   ] Safepoint "Cleanup", Time since last: 1023455126 ns, Reaching safepoint: 82291 ns, Cleanup: 58750 ns, At safepoint: 35667 ns, Total: 176708 ns
[2025-10-08T05:47:45.064+0000][120][info ][safepoint   ] Safepoint "Cleanup", Time since last: 9018388963 ns, Reaching safepoint: 98291 ns, Cleanup: 33167 ns, At safepoint: 20333 ns, Total: 151791 ns
[2025-10-08T05:47:47.067+0000][120][info ][safepoint   ] Safepoint "Cleanup", Time since last: 2002840251 ns, Reaching safepoint: 71459 ns, Cleanup: 56791 ns, At safepoint: 13625 ns, Total: 141875 ns
[2025-10-08T05:47:48.069+0000][120][info ][safepoint   ] Safepoint "Cleanup", Time since last: 1001721126 ns, Reaching safepoint: 72666 ns, Cleanup: 22459 ns, At safepoint: 16125 ns, Total: 111250 ns
[2025-10-08T05:47:49.071+0000][120][info ][safepoint   ] Safepoint "Cleanup", Time since last: 1001879834 ns, Reaching safepoint: 70000 ns, Cleanup: 25208 ns, At safepoint: 10583 ns, Total: 105791 ns
[2025-10-08T05:47:50.074+0000][120][info ][safepoint   ] Safepoint "Cleanup", Time since last: 1002541792 ns, Reaching safepoint: 88084 ns, Cleanup: 32500 ns, At safepoint: 15041 ns, Total: 135625 ns
[2025-10-08T05:47:51.076+0000][120][info ][safepoint   ] Safepoint "Cleanup", Time since last: 1002535084 ns, Reaching safepoint: 32459 ns, Cleanup: 20583 ns, At safepoint: 9250 ns, Total: 62292 ns
[2025-10-08T05:47:54.082+0000][120][info ][safepoint   ] Safepoint "Cleanup", Time since last: 3005609501 ns, Reaching safepoint: 70625 ns, Cleanup: 45459 ns, At safepoint: 24583 ns, Total: 140667 ns
[2025-10-08T05:47:56.086+0000][120][info ][safepoint   ] Safepoint "Cleanup", Time since last: 2003851751 ns, Reaching safepoint: 72042 ns, Cleanup: 30666 ns, At safepoint: 13834 ns, Total: 116542 ns
[2025-10-08T05:48:05.105+0000][120][info ][safepoint   ] Safepoint "Cleanup", Time since last: 9018386587 ns, Reaching safepoint: 18083 ns, Cleanup: 13875 ns, At safepoint: 12708 ns, Total: 44666 ns
[2025-10-08T05:48:06.107+0000][120][info ][safepoint   ] Safepoint "Cleanup", Time since last: 1002206126 ns, Reaching safepoint: 77791 ns, Cleanup: 52042 ns, At safepoint: 15292 ns, Total: 145125 ns
[2025-10-08T05:48:11.112+0000][120][info ][safepoint   ] Safepoint "Cleanup", Time since last: 5004884210 ns, Reaching safepoint: 179084 ns, Cleanup: 53666 ns, At safepoint: 20792 ns, Total: 253542 ns
[2025-10-08T05:48:19.122+0000][120][info ][safepoint   ] Safepoint "Cleanup", Time since last: 8009479462 ns, Reaching safepoint: 189042 ns, Cleanup: 53833 ns, At safepoint: 23125 ns, Total: 266000 ns
[2025-10-08T05:48:21.126+0000][120][info ][safepoint   ] Safepoint "Cleanup", Time since last: 2003773085 ns, Reaching safepoint: 68625 ns, Cleanup: 33166 ns, At safepoint: 13250 ns, Total: 115041 ns
[2025-10-08T05:48:31.138+0000][120][info ][safepoint   ] Safepoint "Cleanup", Time since last: 10012008129 ns, Reaching safepoint: 72042 ns, Cleanup: 12833 ns, At safepoint: 8167 ns, Total: 93042 ns
[2025-10-08T05:48:33.141+0000][120][info ][safepoint   ] Safepoint "Cleanup", Time since last: 2002906918 ns, Reaching safepoint: 71250 ns, Cleanup: 47375 ns, At safepoint: 14291 ns, Total: 132916 ns
[2025-10-08T05:48:35.144+0000][120][info ][safepoint   ] Safepoint "Cleanup", Time since last: 2002666293 ns, Reaching safepoint: 62625 ns, Cleanup: 58083 ns, At safepoint: 17959 ns, Total: 138667 ns
[2025-10-08T05:48:45.172+0000][120][info ][safepoint   ] Safepoint "Cleanup", Time since last: 10028383629 ns, Reaching safepoint: 200084 ns, Cleanup: 107916 ns, At safepoint: 34500 ns, Total: 342500 ns
[2025-10-08T05:48:47.176+0000][120][info ][safepoint   ] Safepoint "Cleanup", Time since last: 2003787501 ns, Reaching safepoint: 60625 ns, Cleanup: 34917 ns, At safepoint: 13833 ns, Total: 109375 ns
[2025-10-08T05:48:48.178+0000][120][info ][safepoint   ] Safepoint "Cleanup", Time since last: 1001189709 ns, Reaching safepoint: 60958 ns, Cleanup: 43709 ns, At safepoint: 15125 ns, Total: 119792 ns
[2025-10-08T05:48:49.179+0000][120][info ][safepoint   ] Safepoint "Cleanup", Time since last: 1000896292 ns, Reaching safepoint: 71000 ns, Cleanup: 51958 ns, At safepoint: 31709 ns, Total: 154667 ns
[2025-10-08T05:48:51.182+0000][120][info ][safepoint   ] Safepoint "Cleanup", Time since last: 2003385542 ns, Reaching safepoint: 78750 ns, Cleanup: 57292 ns, At safepoint: 12833 ns, Total: 148875 ns
[2025-10-08T05:48:52.183+0000][120][info ][safepoint   ] Safepoint "Cleanup", Time since last: 1000602959 ns, Reaching safepoint: 95042 ns, Cleanup: 71166 ns, At safepoint: 10959 ns, Total: 177167 ns
[2025-10-08T05:48:54.186+0000][120][info ][safepoint   ] Safepoint "Cleanup", Time since last: 2002629126 ns, Reaching safepoint: 96250 ns, Cleanup: 58416 ns, At safepoint: 22167 ns, Total: 176833 ns
[2025-10-08T05:48:59.198+0000][120][info ][safepoint   ] Safepoint "Cleanup", Time since last: 5011406877 ns, Reaching safepoint: 194958 ns, Cleanup: 60625 ns, At safepoint: 15584 ns, Total: 271167 ns
[2025-10-08T05:49:02.206+0000][120][info ][safepoint   ] Safepoint "Cleanup", Time since last: 3008505501 ns, Reaching safepoint: 81084 ns, Cleanup: 34375 ns, At safepoint: 12416 ns, Total: 127875 ns
[2025-10-08T05:49:05.213+0000][120][info ][safepoint   ] Safepoint "Cleanup", Time since last: 3006720835 ns, Reaching safepoint: 88042 ns, Cleanup: 61625 ns, At safepoint: 15458 ns, Total: 165125 ns
[2025-10-08T05:49:06.217+0000][120][info ][safepoint   ] Safepoint "Cleanup", Time since last: 1003898292 ns, Reaching safepoint: 86917 ns, Cleanup: 87125 ns, At safepoint: 12750 ns, Total: 186792 ns
[2025-10-08T05:49:07.219+0000][120][info ][safepoint   ] Safepoint "Cleanup", Time since last: 1001914375 ns, Reaching safepoint: 37959 ns, Cleanup: 29000 ns, At safepoint: 8458 ns, Total: 75417 ns
[2025-10-08T05:49:08.220+0000][120][info ][safepoint   ] Safepoint "Cleanup", Time since last: 1000435209 ns, Reaching safepoint: 88833 ns, Cleanup: 75708 ns, At safepoint: 14667 ns, Total: 179208 ns
[2025-10-08T05:49:15.231+0000][120][info ][safepoint   ] Safepoint "Cleanup", Time since last: 7011276920 ns, Reaching safepoint: 86833 ns, Cleanup: 49292 ns, At safepoint: 13292 ns, Total: 149417 ns
[2025-10-08T05:49:18.237+0000][120][info ][safepoint   ] Safepoint "Cleanup", Time since last: 3005509584 ns, Reaching safepoint: 89584 ns, Cleanup: 43708 ns, At safepoint: 13875 ns, Total: 147167 ns
[2025-10-08T05:49:24.247+0000][120][info ][safepoint   ] Safepoint "Cleanup", Time since last: 6008503586 ns, Reaching safepoint: 1343625 ns, Cleanup: 43334 ns, At safepoint: 33250 ns, Total: 1420209 ns
[2025-10-08T05:49:35.261+0000][120][info ][safepoint   ] Safepoint "Cleanup", Time since last: 11013689546 ns, Reaching safepoint: 95541 ns, Cleanup: 29167 ns, At safepoint: 12875 ns, Total: 137583 ns
[2025-10-08T05:49:41.411+0000][120][info ][safepoint   ] Safepoint "Cleanup", Time since last: 6150285420 ns, Reaching safepoint: 60000 ns, Cleanup: 41500 ns, At safepoint: 10583 ns, Total: 112083 ns
[2025-10-08T05:49:53.429+0000][120][info ][safepoint   ] Safepoint "Cleanup", Time since last: 12017350047 ns, Reaching safepoint: 114417 ns, Cleanup: 47083 ns, At safepoint: 14875 ns, Total: 176375 ns
[2025-10-08T05:49:54.431+0000][120][info ][safepoint   ] Safepoint "Cleanup", Time since last: 1001611626 ns, Reaching safepoint: 77875 ns, Cleanup: 33750 ns, At safepoint: 19750 ns, Total: 131375 ns
[2025-10-08T05:49:56.434+0000][120][info ][safepoint   ] Safepoint "Cleanup", Time since last: 2003161709 ns, Reaching safepoint: 66083 ns, Cleanup: 25667 ns, At safepoint: 12792 ns, Total: 104542 ns
[2025-10-08T05:50:01.440+0000][120][info ][safepoint   ] Safepoint "Cleanup", Time since last: 5006286543 ns, Reaching safepoint: 80542 ns, Cleanup: 17125 ns, At safepoint: 9333 ns, Total: 107000 ns
[2025-10-08T05:50:05.448+0000][120][info ][safepoint   ] Safepoint "Cleanup", Time since last: 4007619752 ns, Reaching safepoint: 70917 ns, Cleanup: 142875 ns, At safepoint: 83542 ns, Total: 297334 ns
[2025-10-08T05:50:06.450+0000][120][info ][safepoint   ] Safepoint "Cleanup", Time since last: 1001662042 ns, Reaching safepoint: 77917 ns, Cleanup: 36541 ns, At safepoint: 11125 ns, Total: 125583 ns
[2025-10-08T05:50:19.466+0000][120][info ][safepoint   ] Safepoint "Cleanup", Time since last: 13015585298 ns, Reaching safepoint: 12708 ns, Cleanup: 12292 ns, At safepoint: 5875 ns, Total: 30875 ns
[2025-10-08T05:50:24.473+0000][120][info ][safepoint   ] Safepoint "Cleanup", Time since last: 5006929294 ns, Reaching safepoint: 68292 ns, Cleanup: 82833 ns, At safepoint: 12667 ns, Total: 163792 ns
[2025-10-08T05:50:25.475+0000][120][info ][safepoint   ] Safepoint "Cleanup", Time since last: 1001790459 ns, Reaching safepoint: 32708 ns, Cleanup: 21583 ns, At safepoint: 9875 ns, Total: 64166 ns
[2025-10-08T05:50:35.447+0000][120][info ][safepoint   ] Safepoint "Cleanup", Time since last: 9971717837 ns, Reaching safepoint: 95209 ns, Cleanup: 42000 ns, At safepoint: 4166 ns, Total: 141375 ns
[2025-10-08T05:50:40.454+0000][120][info ][safepoint   ] Safepoint "Cleanup", Time since last: 5007484419 ns, Reaching safepoint: 90500 ns, Cleanup: 40667 ns, At safepoint: 14958 ns, Total: 146125 ns
[2025-10-08T05:50:41.457+0000][120][info ][safepoint   ] Safepoint "Cleanup", Time since last: 1002518209 ns, Reaching safepoint: 86334 ns, Cleanup: 86625 ns, At safepoint: 11666 ns, Total: 184625 ns
[2025-10-08T05:50:42.458+0000][120][info ][safepoint   ] Safepoint "Cleanup", Time since last: 1001204917 ns, Reaching safepoint: 83459 ns, Cleanup: 38291 ns, At safepoint: 15542 ns, Total: 137292 ns
[2025-10-08T05:50:46.464+0000][120][info ][safepoint   ] Safepoint "Cleanup", Time since last: 4005965752 ns, Reaching safepoint: 66000 ns, Cleanup: 59000 ns, At safepoint: 10208 ns, Total: 135208 ns
[2025-10-08T05:50:51.471+0000][120][info ][safepoint   ] Safepoint "Cleanup", Time since last: 5006401961 ns, Reaching safepoint: 75875 ns, Cleanup: 60500 ns, At safepoint: 11875 ns, Total: 148250 ns
[2025-10-08T05:50:52.473+0000][120][info ][safepoint   ] Safepoint "Cleanup", Time since last: 1001996584 ns, Reaching safepoint: 117583 ns, Cleanup: 67500 ns, At safepoint: 23917 ns, Total: 209000 ns
[2025-10-08T05:51:05.498+0000][120][info ][safepoint   ] Safepoint "Cleanup", Time since last: 13023704047 ns, Reaching safepoint: 33917 ns, Cleanup: 57458 ns, At safepoint: 9917 ns, Total: 101292 ns
[2025-10-08T05:51:08.503+0000][120][info ][safepoint   ] Safepoint "Cleanup", Time since last: 3004734043 ns, Reaching safepoint: 88459 ns, Cleanup: 55250 ns, At safepoint: 14416 ns, Total: 158125 ns
[2025-10-08T05:51:13.511+0000][120][info ][safepoint   ] Safepoint "Cleanup", Time since last: 5008334253 ns, Reaching safepoint: 97541 ns, Cleanup: 73292 ns, At safepoint: 24833 ns, Total: 195666 ns
[2025-10-08T05:51:35.542+0000][120][info ][safepoint   ] Safepoint "Cleanup", Time since last: 22030830052 ns, Reaching safepoint: 73291 ns, Cleanup: 30375 ns, At safepoint: 9417 ns, Total: 113083 ns
[2025-10-08T05:51:47.564+0000][120][info ][safepoint   ] Safepoint "Cleanup", Time since last: 12021591172 ns, Reaching safepoint: 18459 ns, Cleanup: 62333 ns, At safepoint: 11417 ns, Total: 92209 ns
[2025-10-08T05:51:48.565+0000][120][info ][safepoint   ] Safepoint "Cleanup", Time since last: 1001534792 ns, Reaching safepoint: 68833 ns, Cleanup: 33875 ns, At safepoint: 10917 ns, Total: 113625 ns
[2025-10-08T05:51:52.571+0000][120][info ][safepoint   ] Safepoint "Cleanup", Time since last: 4005746544 ns, Reaching safepoint: 87333 ns, Cleanup: 62375 ns, At safepoint: 21875 ns, Total: 171583 ns
[2025-10-08T05:51:54.574+0000][120][info ][safepoint   ] Safepoint "Cleanup", Time since last: 2002660626 ns, Reaching safepoint: 87333 ns, Cleanup: 46042 ns, At safepoint: 12000 ns, Total: 145375 ns
[2025-10-08T05:52:05.598+0000][120][info ][safepoint   ] Safepoint "Cleanup", Time since last: 11024467838 ns, Reaching safepoint: 13000 ns, Cleanup: 13208 ns, At safepoint: 6708 ns, Total: 32916 ns
[2025-10-08T05:52:13.608+0000][120][info ][safepoint   ] Safepoint "Cleanup", Time since last: 8009905254 ns, Reaching safepoint: 83792 ns, Cleanup: 72583 ns, At safepoint: 77625 ns, Total: 234000 ns
[2025-10-08T05:52:18.615+0000][120][info ][safepoint   ] Safepoint "Cleanup", Time since last: 5005871086 ns, Reaching safepoint: 76125 ns, Cleanup: 58250 ns, At safepoint: 21417 ns, Total: 155792 ns
[2025-10-08T05:52:24.622+0000][120][info ][safepoint   ] Safepoint "Cleanup", Time since last: 6006974253 ns, Reaching safepoint: 83750 ns, Cleanup: 40250 ns, At safepoint: 14333 ns, Total: 138333 ns
[2025-10-08T05:52:35.634+0000][120][info ][safepoint   ] Safepoint "Cleanup", Time since last: 11012042088 ns, Reaching safepoint: 15541 ns, Cleanup: 11542 ns, At safepoint: 1708 ns, Total: 28791 ns
[2025-10-08T05:52:38.637+0000][120][info ][safepoint   ] Safepoint "Cleanup", Time since last: 3003090377 ns, Reaching safepoint: 100833 ns, Cleanup: 78292 ns, At safepoint: 17292 ns, Total: 196417 ns
[2025-10-08T05:52:42.643+0000][120][info ][safepoint   ] Safepoint "Cleanup", Time since last: 4006182043 ns, Reaching safepoint: 75333 ns, Cleanup: 65792 ns, At safepoint: 15042 ns, Total: 156167 ns
[2025-10-08T05:52:52.660+0000][120][info ][safepoint   ] Safepoint "Cleanup", Time since last: 10015913213 ns, Reaching safepoint: 81417 ns, Cleanup: 51291 ns, At safepoint: 20750 ns, Total: 153458 ns
[2025-10-08T05:52:54.663+0000][120][info ][safepoint   ] Safepoint "Cleanup", Time since last: 2003288751 ns, Reaching safepoint: 77875 ns, Cleanup: 43250 ns, At safepoint: 15167 ns, Total: 136292 ns
[2025-10-08T05:52:56.301+0000][120][info ][safepoint   ] Safepoint "ICBufferFull", Time since last: 1638326667 ns, Reaching safepoint: 9042 ns, Cleanup: 104583 ns, At safepoint: 4250 ns, Total: 117875 ns
[2025-10-08T05:52:57.302+0000][120][info ][safepoint   ] Safepoint "Cleanup", Time since last: 1000388167 ns, Reaching safepoint: 32292 ns, Cleanup: 32750 ns, At safepoint: 10166 ns, Total: 75208 ns
[2025-10-08T05:52:59.307+0000][120][info ][safepoint   ] Safepoint "Cleanup", Time since last: 2004461460 ns, Reaching safepoint: 286375 ns, Cleanup: 26958 ns, At safepoint: 20375 ns, Total: 333708 ns
[2025-10-08T05:53:00.310+0000][120][info ][safepoint   ] Safepoint "Cleanup", Time since last: 1003284792 ns, Reaching safepoint: 69959 ns, Cleanup: 55291 ns, At safepoint: 16334 ns, Total: 141584 ns
[2025-10-08T05:53:02.315+0000][120][info ][safepoint   ] Safepoint "Cleanup", Time since last: 2004568209 ns, Reaching safepoint: 80000 ns, Cleanup: 74167 ns, At safepoint: 10833 ns, Total: 165000 ns
[2025-10-08T05:53:05.319+0000][120][info ][safepoint   ] Safepoint "Cleanup", Time since last: 3004097918 ns, Reaching safepoint: 42333 ns, Cleanup: 52917 ns, At safepoint: 12833 ns, Total: 108083 ns
[2025-10-08T05:53:06.320+0000][120][info ][safepoint   ] Safepoint "Cleanup", Time since last: 1001133501 ns, Reaching safepoint: 74041 ns, Cleanup: 60000 ns, At safepoint: 21209 ns, Total: 155250 ns
[2025-10-08T05:53:16.783+0000][120][info ][gc,start    ] GC(19) Pause Young (Prepare Mixed) (G1 Evacuation Pause)
[2025-10-08T05:53:16.783+0000][120][info ][gc,task     ] GC(19) Using 8 workers of 8 for evacuation
[2025-10-08T05:53:16.783+0000][120][debug][gc,age      ] GC(19) Desired survivor size 41943040 bytes, new threshold 15 (max threshold 15)
[2025-10-08T05:53:16.800+0000][120][info ][gc,phases   ] GC(19)   Pre Evacuate Collection Set: 0.25ms
[2025-10-08T05:53:16.801+0000][120][info ][gc,phases   ] GC(19)   Merge Heap Roots: 0.15ms
[2025-10-08T05:53:16.801+0000][120][info ][gc,phases   ] GC(19)   Evacuate Collection Set: 15.14ms
[2025-10-08T05:53:16.801+0000][120][info ][gc,phases   ] GC(19)   Post Evacuate Collection Set: 1.30ms
[2025-10-08T05:53:16.801+0000][120][info ][gc,phases   ] GC(19)   Other: 0.23ms
[2025-10-08T05:53:16.801+0000][120][trace][gc,age      ] GC(19) Age table with threshold 15 (max threshold 15)
[2025-10-08T05:53:16.801+0000][120][trace][gc,age      ] GC(19) - age   1:    1818128 bytes,    1818128 total
[2025-10-08T05:53:16.801+0000][120][trace][gc,age      ] GC(19) - age   2:     584216 bytes,    2402344 total
[2025-10-08T05:53:16.801+0000][120][trace][gc,age      ] GC(19) - age   3:   26168160 bytes,   28570504 total
[2025-10-08T05:53:16.801+0000][120][trace][gc,age      ] GC(19) - age   4:     543824 bytes,   29114328 total
[2025-10-08T05:53:16.801+0000][120][info ][gc,heap     ] GC(19) Eden regions: 145->0(145)
[2025-10-08T05:53:16.801+0000][120][info ][gc,heap     ] GC(19) Survivor regions: 8->8(20)
[2025-10-08T05:53:16.801+0000][120][info ][gc,heap     ] GC(19) Old regions: 29->29
[2025-10-08T05:53:16.801+0000][120][info ][gc,heap     ] GC(19) Humongous regions: 2->2
[2025-10-08T05:53:16.801+0000][120][info ][gc,metaspace] GC(19) Metaspace: 151357K(155648K)->151357K(155648K) NonClass: 130165K(132544K)->130165K(132544K) Class: 21192K(23104K)->21192K(23104K)
[2025-10-08T05:53:16.801+0000][120][info ][gc          ] GC(19) Pause Young (Prepare Mixed) (G1 Evacuation Pause) 732M->153M(1024M) 17.978ms
[2025-10-08T05:53:16.801+0000][120][info ][gc,cpu      ] GC(19) User=0.13s Sys=0.00s Real=0.02s
[2025-10-08T05:53:16.801+0000][120][info ][safepoint   ] Safepoint "G1CollectForAllocation", Time since last: 10462765713 ns, Reaching safepoint: 8708 ns, Cleanup: 26042 ns, At safepoint: 18108667 ns, Total: 18143417 ns
[2025-10-08T05:53:17.802+0000][120][info ][safepoint   ] Safepoint "Cleanup", Time since last: 1000654584 ns, Reaching safepoint: 83708 ns, Cleanup: 104708 ns, At safepoint: 12584 ns, Total: 201000 ns
[2025-10-08T05:53:47.687+0000][120][info ][safepoint   ] Safepoint "Cleanup", Time since last: 29884726430 ns, Reaching safepoint: 14500 ns, Cleanup: 14875 ns, At safepoint: 7625 ns, Total: 37000 ns
[2025-10-08T05:53:52.694+0000][120][info ][safepoint   ] Safepoint "Cleanup", Time since last: 5006658294 ns, Reaching safepoint: 71667 ns, Cleanup: 83333 ns, At safepoint: 20584 ns, Total: 175584 ns
[2025-10-08T05:53:54.697+0000][120][info ][safepoint   ] Safepoint "Cleanup", Time since last: 2003325292 ns, Reaching safepoint: 82792 ns, Cleanup: 35417 ns, At safepoint: 18666 ns, Total: 136875 ns
[2025-10-08T05:53:57.705+0000][120][info ][safepoint   ] Safepoint "Cleanup", Time since last: 3007393168 ns, Reaching safepoint: 20875 ns, Cleanup: 22291 ns, At safepoint: 25500 ns, Total: 68666 ns
[2025-10-08T05:54:05.720+0000][120][info ][safepoint   ] Safepoint "Cleanup", Time since last: 8015310212 ns, Reaching safepoint: 58834 ns, Cleanup: 25208 ns, At safepoint: 4333 ns, Total: 88375 ns
[2025-10-08T05:54:13.728+0000][120][info ][safepoint   ] Safepoint "Cleanup", Time since last: 8007048546 ns, Reaching safepoint: 80958 ns, Cleanup: 65750 ns, At safepoint: 16250 ns, Total: 162958 ns
[2025-10-08T05:54:17.733+0000][120][info ][safepoint   ] Safepoint "Cleanup", Time since last: 4005751752 ns, Reaching safepoint: 16209 ns, Cleanup: 33583 ns, At safepoint: 7417 ns, Total: 57209 ns
[2025-10-08T05:54:20.737+0000][120][info ][safepoint   ] Safepoint "Cleanup", Time since last: 3003274084 ns, Reaching safepoint: 32875 ns, Cleanup: 22625 ns, At safepoint: 10667 ns, Total: 66167 ns
[2025-10-08T05:54:37.722+0000][120][info ][safepoint   ] Safepoint "Cleanup", Time since last: 16985515965 ns, Reaching safepoint: 11750 ns, Cleanup: 13750 ns, At safepoint: 5584 ns, Total: 31084 ns
[2025-10-08T05:54:48.737+0000][120][info ][safepoint   ] Safepoint "Cleanup", Time since last: 11014956088 ns, Reaching safepoint: 78084 ns, Cleanup: 64000 ns, At safepoint: 15833 ns, Total: 157917 ns
[2025-10-08T05:54:54.744+0000][120][info ][safepoint   ] Safepoint "Cleanup", Time since last: 6006791461 ns, Reaching safepoint: 56709 ns, Cleanup: 31791 ns, At safepoint: 8417 ns, Total: 96917 ns
[2025-10-08T05:54:57.747+0000][120][info ][safepoint   ] Safepoint "Cleanup", Time since last: 3002945834 ns, Reaching safepoint: 45584 ns, Cleanup: 25791 ns, At safepoint: 10917 ns, Total: 82292 ns
[2025-10-08T05:55:00.752+0000][120][info ][safepoint   ] Safepoint "Cleanup", Time since last: 3004289460 ns, Reaching safepoint: 24541 ns, Cleanup: 15542 ns, At safepoint: 8292 ns, Total: 48375 ns
[2025-10-08T05:55:02.755+0000][120][info ][safepoint   ] Safepoint "Cleanup", Time since last: 2003391001 ns, Reaching safepoint: 59416 ns, Cleanup: 36459 ns, At safepoint: 12875 ns, Total: 108750 ns
[2025-10-08T05:55:05.758+0000][120][info ][safepoint   ] Safepoint "Cleanup", Time since last: 3003065085 ns, Reaching safepoint: 14708 ns, Cleanup: 25083 ns, At safepoint: 3584 ns, Total: 43375 ns
[2025-10-08T05:55:17.773+0000][120][info ][safepoint   ] Safepoint "Cleanup", Time since last: 12014168255 ns, Reaching safepoint: 150500 ns, Cleanup: 61084 ns, At safepoint: 11708 ns, Total: 223292 ns
[2025-10-08T05:55:24.785+0000][120][info ][safepoint   ] Safepoint "Cleanup", Time since last: 7012221920 ns, Reaching safepoint: 18500 ns, Cleanup: 17708 ns, At safepoint: 6334 ns, Total: 42542 ns
[2025-10-08T05:55:47.919+0000][120][info ][safepoint   ] Safepoint "Cleanup", Time since last: 23133156968 ns, Reaching safepoint: 181542 ns, Cleanup: 50500 ns, At safepoint: 14500 ns, Total: 246542 ns
[2025-10-08T05:56:02.940+0000][120][info ][safepoint   ] Safepoint "Cleanup", Time since last: 15021190297 ns, Reaching safepoint: 85250 ns, Cleanup: 59125 ns, At safepoint: 13209 ns, Total: 157584 ns
[2025-10-08T05:56:05.947+0000][120][info ][safepoint   ] Safepoint "Cleanup", Time since last: 3006340835 ns, Reaching safepoint: 11291 ns, Cleanup: 33875 ns, At safepoint: 4292 ns, Total: 49458 ns
[2025-10-08T05:56:18.966+0000][120][info ][safepoint   ] Safepoint "Cleanup", Time since last: 13019060339 ns, Reaching safepoint: 83625 ns, Cleanup: 49625 ns, At safepoint: 13417 ns, Total: 146667 ns
[2025-10-08T05:56:19.967+0000][120][info ][safepoint   ] Safepoint "Cleanup", Time since last: 1000960876 ns, Reaching safepoint: 75875 ns, Cleanup: 51916 ns, At safepoint: 11667 ns, Total: 139458 ns
[2025-10-08T05:56:24.975+0000][120][info ][safepoint   ] Safepoint "Cleanup", Time since last: 5007691294 ns, Reaching safepoint: 64250 ns, Cleanup: 37333 ns, At safepoint: 12042 ns, Total: 113625 ns
[2025-10-08T05:56:32.986+0000][120][info ][safepoint   ] Safepoint "Cleanup", Time since last: 8010608628 ns, Reaching safepoint: 108209 ns, Cleanup: 34333 ns, At safepoint: 26542 ns, Total: 169084 ns
[2025-10-08T05:56:35.990+0000][120][info ][safepoint   ] Safepoint "Cleanup", Time since last: 3004299418 ns, Reaching safepoint: 129208 ns, Cleanup: 125458 ns, At safepoint: 31209 ns, Total: 285875 ns
[2025-10-08T05:56:37.061+0000][120][info ][safepoint   ] Safepoint "Cleanup", Time since last: 1071083542 ns, Reaching safepoint: 84375 ns, Cleanup: 67291 ns, At safepoint: 21625 ns, Total: 173291 ns
[2025-10-08T05:56:38.064+0000][120][info ][safepoint   ] Safepoint "Cleanup", Time since last: 1002355918 ns, Reaching safepoint: 74500 ns, Cleanup: 46791 ns, At safepoint: 15292 ns, Total: 136583 ns
[2025-10-08T05:56:43.072+0000][120][info ][safepoint   ] Safepoint "Cleanup", Time since last: 5007662461 ns, Reaching safepoint: 159416 ns, Cleanup: 33750 ns, At safepoint: 38750 ns, Total: 231916 ns
[2025-10-08T05:56:48.082+0000][120][info ][safepoint   ] Safepoint "Cleanup", Time since last: 5009835461 ns, Reaching safepoint: 66500 ns, Cleanup: 102000 ns, At safepoint: 72792 ns, Total: 241292 ns
[2025-10-08T05:56:50.085+0000][120][info ][safepoint   ] Safepoint "Cleanup", Time since last: 2003174834 ns, Reaching safepoint: 60917 ns, Cleanup: 34750 ns, At safepoint: 65916 ns, Total: 161583 ns
[2025-10-08T05:56:51.088+0000][120][info ][safepoint   ] Safepoint "Cleanup", Time since last: 1001606709 ns, Reaching safepoint: 990000 ns, Cleanup: 45958 ns, At safepoint: 91709 ns, Total: 1127667 ns
[2025-10-08T05:56:53.091+0000][120][info ][safepoint   ] Safepoint "Cleanup", Time since last: 2002526376 ns, Reaching safepoint: 62375 ns, Cleanup: 35583 ns, At safepoint: 76333 ns, Total: 174291 ns
[2025-10-08T05:56:55.094+0000][120][info ][safepoint   ] Safepoint "Cleanup", Time since last: 2002661960 ns, Reaching safepoint: 66833 ns, Cleanup: 195250 ns, At safepoint: 68583 ns, Total: 330666 ns
[2025-10-08T05:56:56.097+0000][120][info ][safepoint   ] Safepoint "Cleanup", Time since last: 1003356043 ns, Reaching safepoint: 78791 ns, Cleanup: 80584 ns, At safepoint: 33458 ns, Total: 192833 ns
[2025-10-08T05:56:58.101+0000][120][info ][safepoint   ] Safepoint "Cleanup", Time since last: 2002934667 ns, Reaching safepoint: 80041 ns, Cleanup: 44209 ns, At safepoint: 15666 ns, Total: 139916 ns
[2025-10-08T05:57:05.111+0000][120][info ][safepoint   ] Safepoint "Cleanup", Time since last: 7009365420 ns, Reaching safepoint: 1205000 ns, Cleanup: 20209 ns, At safepoint: 23333 ns, Total: 1248542 ns
[2025-10-08T05:57:06.112+0000][120][info ][safepoint   ] Safepoint "Cleanup", Time since last: 1000889292 ns, Reaching safepoint: 26125 ns, Cleanup: 22750 ns, At safepoint: 14000 ns, Total: 62875 ns
[2025-10-08T05:57:07.114+0000][120][info ][safepoint   ] Safepoint "Cleanup", Time since last: 1001348500 ns, Reaching safepoint: 547792 ns, Cleanup: 44417 ns, At safepoint: 36750 ns, Total: 628959 ns
[2025-10-08T05:57:18.129+0000][120][info ][safepoint   ] Safepoint "Cleanup", Time since last: 11014206797 ns, Reaching safepoint: 179500 ns, Cleanup: 47583 ns, At safepoint: 72875 ns, Total: 299958 ns
[2025-10-08T05:57:21.133+0000][120][info ][safepoint   ] Safepoint "Cleanup", Time since last: 3004516710 ns, Reaching safepoint: 67083 ns, Cleanup: 41625 ns, At safepoint: 39375 ns, Total: 148083 ns
[2025-10-08T05:57:25.142+0000][120][info ][safepoint   ] Safepoint "Cleanup", Time since last: 4009092960 ns, Reaching safepoint: 51375 ns, Cleanup: 35500 ns, At safepoint: 9875 ns, Total: 96750 ns
[2025-10-08T05:57:47.277+0000][120][info ][safepoint   ] Safepoint "Cleanup", Time since last: 22133799093 ns, Reaching safepoint: 116959 ns, Cleanup: 14041 ns, At safepoint: 9250 ns, Total: 140250 ns
[2025-10-08T05:57:55.286+0000][120][info ][safepoint   ] Safepoint "Cleanup", Time since last: 8009684546 ns, Reaching safepoint: 71333 ns, Cleanup: 42083 ns, At safepoint: 13917 ns, Total: 127333 ns
[2025-10-08T05:58:05.568+0000][120][info ][safepoint   ] Safepoint "Cleanup", Time since last: 10281230587 ns, Reaching safepoint: 5334 ns, Cleanup: 10583 ns, At safepoint: 2083 ns, Total: 18000 ns
[2025-10-08T05:58:06.568+0000][120][info ][safepoint   ] Safepoint "Cleanup", Time since last: 1000559543 ns, Reaching safepoint: 78958 ns, Cleanup: 41292 ns, At safepoint: 24375 ns, Total: 144625 ns
[2025-10-08T05:58:10.573+0000][120][info ][safepoint   ] Safepoint "Cleanup", Time since last: 4004053335 ns, Reaching safepoint: 90958 ns, Cleanup: 55542 ns, At safepoint: 14583 ns, Total: 161083 ns
[2025-10-08T05:58:11.575+0000][120][info ][safepoint   ] Safepoint "Cleanup", Time since last: 1001932834 ns, Reaching safepoint: 167708 ns, Cleanup: 55959 ns, At safepoint: 20875 ns, Total: 244542 ns
[2025-10-08T05:58:17.581+0000][120][info ][safepoint   ] Safepoint "Cleanup", Time since last: 6006389627 ns, Reaching safepoint: 12834 ns, Cleanup: 17791 ns, At safepoint: 5709 ns, Total: 36334 ns
[2025-10-08T05:58:33.602+0000][120][info ][safepoint   ] Safepoint "Cleanup", Time since last: 16020140923 ns, Reaching safepoint: 83292 ns, Cleanup: 68750 ns, At safepoint: 11708 ns, Total: 163750 ns
[2025-10-08T05:58:37.341+0000][120][info ][safepoint   ] Safepoint "Cleanup", Time since last: 3739429502 ns, Reaching safepoint: 94750 ns, Cleanup: 52209 ns, At safepoint: 55833 ns, Total: 202792 ns
[2025-10-08T05:58:47.355+0000][120][info ][safepoint   ] Safepoint "Cleanup", Time since last: 10013147171 ns, Reaching safepoint: 172209 ns, Cleanup: 34500 ns, At safepoint: 14416 ns, Total: 221125 ns
[2025-10-08T05:58:48.356+0000][120][info ][safepoint   ] Safepoint "Cleanup", Time since last: 1001538959 ns, Reaching safepoint: 93958 ns, Cleanup: 53667 ns, At safepoint: 37000 ns, Total: 184625 ns
[2025-10-08T05:58:55.368+0000][120][info ][safepoint   ] Safepoint "Cleanup", Time since last: 7011657754 ns, Reaching safepoint: 52916 ns, Cleanup: 35792 ns, At safepoint: 13833 ns, Total: 102541 ns
[2025-10-08T05:59:17.399+0000][120][info ][safepoint   ] Safepoint "Cleanup", Time since last: 22030158260 ns, Reaching safepoint: 131083 ns, Cleanup: 28792 ns, At safepoint: 9333 ns, Total: 169208 ns
[2025-10-08T05:59:18.400+0000][120][info ][safepoint   ] Safepoint "Cleanup", Time since last: 1001445584 ns, Reaching safepoint: 66500 ns, Cleanup: 36292 ns, At safepoint: 33666 ns, Total: 136458 ns
[2025-10-08T05:59:25.410+0000][120][info ][safepoint   ] Safepoint "Cleanup", Time since last: 7009342962 ns, Reaching safepoint: 46750 ns, Cleanup: 28000 ns, At safepoint: 11333 ns, Total: 86083 ns
[2025-10-08T05:59:31.418+0000][120][info ][safepoint   ] Safepoint "Cleanup", Time since last: 6008032210 ns, Reaching safepoint: 76917 ns, Cleanup: 47750 ns, At safepoint: 12625 ns, Total: 137292 ns
[2025-10-08T05:59:33.422+0000][120][info ][safepoint   ] Safepoint "Cleanup", Time since last: 2003694251 ns, Reaching safepoint: 75542 ns, Cleanup: 60291 ns, At safepoint: 13125 ns, Total: 148958 ns
[2025-10-08T05:59:37.384+0000][120][info ][safepoint   ] Safepoint "Cleanup", Time since last: 3961811919 ns, Reaching safepoint: 90917 ns, Cleanup: 73500 ns, At safepoint: 14416 ns, Total: 178833 ns
[2025-10-08T05:59:43.394+0000][120][info ][safepoint   ] Safepoint "Cleanup", Time since last: 6010109378 ns, Reaching safepoint: 160042 ns, Cleanup: 37458 ns, At safepoint: 15917 ns, Total: 213417 ns
[2025-10-08T05:59:48.401+0000][120][info ][safepoint   ] Safepoint "Cleanup", Time since last: 5007149086 ns, Reaching safepoint: 101708 ns, Cleanup: 56833 ns, At safepoint: 24084 ns, Total: 182625 ns
[2025-10-08T05:59:55.410+0000][120][info ][safepoint   ] Safepoint "Cleanup", Time since last: 7008124878 ns, Reaching safepoint: 20875 ns, Cleanup: 12458 ns, At safepoint: 10375 ns, Total: 43708 ns
[2025-10-08T06:00:02.420+0000][120][info ][safepoint   ] Safepoint "Cleanup", Time since last: 7009857211 ns, Reaching safepoint: 110542 ns, Cleanup: 41000 ns, At safepoint: 14792 ns, Total: 166334 ns
[2025-10-08T06:00:03.421+0000][120][info ][safepoint   ] Safepoint "Cleanup", Time since last: 1001100375 ns, Reaching safepoint: 60792 ns, Cleanup: 31916 ns, At safepoint: 8084 ns, Total: 100792 ns
[2025-10-08T06:00:19.447+0000][120][info ][safepoint   ] Safepoint "Cleanup", Time since last: 16026117591 ns, Reaching safepoint: 76791 ns, Cleanup: 54792 ns, At safepoint: 18708 ns, Total: 150291 ns
[2025-10-08T06:00:21.450+0000][120][info ][safepoint   ] Safepoint "Cleanup", Time since last: 2002104460 ns, Reaching safepoint: 80333 ns, Cleanup: 34333 ns, At safepoint: 16625 ns, Total: 131291 ns
[2025-10-08T06:00:23.455+0000][120][info ][safepoint   ] Safepoint "Cleanup", Time since last: 2004987751 ns, Reaching safepoint: 71250 ns, Cleanup: 302500 ns, At safepoint: 16750 ns, Total: 390500 ns
[2025-10-08T06:00:25.459+0000][120][info ][safepoint   ] Safepoint "Cleanup", Time since last: 2003707460 ns, Reaching safepoint: 11708 ns, Cleanup: 7542 ns, At safepoint: 5791 ns, Total: 25041 ns
[2025-10-08T06:00:38.414+0000][120][info ][safepoint   ] Safepoint "Cleanup", Time since last: 12955476714 ns, Reaching safepoint: 83708 ns, Cleanup: 58833 ns, At safepoint: 15667 ns, Total: 158208 ns
[2025-10-08T06:01:05.455+0000][120][info ][safepoint   ] Safepoint "Cleanup", Time since last: 27040657387 ns, Reaching safepoint: 62542 ns, Cleanup: 33792 ns, At safepoint: 18416 ns, Total: 114750 ns
[2025-10-08T06:01:23.488+0000][120][info ][safepoint   ] Safepoint "Cleanup", Time since last: 18032148384 ns, Reaching safepoint: 68500 ns, Cleanup: 29792 ns, At safepoint: 13125 ns, Total: 111417 ns
[2025-10-08T06:01:35.504+0000][120][info ][safepoint   ] Safepoint "Cleanup", Time since last: 12015500504 ns, Reaching safepoint: 357625 ns, Cleanup: 118542 ns, At safepoint: 156333 ns, Total: 632500 ns
[2025-10-08T06:01:47.595+0000][120][info ][safepoint   ] Safepoint "Cleanup", Time since last: 12090955506 ns, Reaching safepoint: 37500 ns, Cleanup: 79708 ns, At safepoint: 11959 ns, Total: 129167 ns
[2025-10-08T06:01:48.598+0000][120][info ][safepoint   ] Safepoint "Cleanup", Time since last: 1002685875 ns, Reaching safepoint: 76250 ns, Cleanup: 42709 ns, At safepoint: 13000 ns, Total: 131959 ns
[2025-10-08T06:01:50.601+0000][120][info ][safepoint   ] Safepoint "Cleanup", Time since last: 2002739751 ns, Reaching safepoint: 75916 ns, Cleanup: 54167 ns, At safepoint: 13083 ns, Total: 143166 ns
[2025-10-08T06:01:56.608+0000][120][info ][safepoint   ] Safepoint "Cleanup", Time since last: 6006924920 ns, Reaching safepoint: 75875 ns, Cleanup: 59458 ns, At safepoint: 14000 ns, Total: 149333 ns
[2025-10-08T06:01:59.611+0000][120][info ][safepoint   ] Safepoint "Cleanup", Time since last: 3004495751 ns, Reaching safepoint: 84958 ns, Cleanup: 47167 ns, At safepoint: 18125 ns, Total: 150250 ns
[2025-10-08T06:02:05.623+0000][120][info ][safepoint   ] Safepoint "Cleanup", Time since last: 6011886503 ns, Reaching safepoint: 71708 ns, Cleanup: 104542 ns, At safepoint: 14416 ns, Total: 190666 ns
[2025-10-08T06:02:15.637+0000][120][info ][safepoint   ] Safepoint "Cleanup", Time since last: 10013802130 ns, Reaching safepoint: 66459 ns, Cleanup: 29000 ns, At safepoint: 11666 ns, Total: 107125 ns
[2025-10-08T06:02:23.653+0000][120][info ][safepoint   ] Safepoint "Cleanup", Time since last: 8015916296 ns, Reaching safepoint: 104708 ns, Cleanup: 90333 ns, At safepoint: 17209 ns, Total: 212250 ns
[2025-10-08T06:02:26.657+0000][120][info ][safepoint   ] Safepoint "Cleanup", Time since last: 3003842084 ns, Reaching safepoint: 78500 ns, Cleanup: 53334 ns, At safepoint: 14166 ns, Total: 146000 ns
[2025-10-08T06:02:35.673+0000][120][info ][safepoint   ] Safepoint "Cleanup", Time since last: 9013906587 ns, Reaching safepoint: 82417 ns, Cleanup: 46625 ns, At safepoint: 23500 ns, Total: 152542 ns
[2025-10-08T06:02:47.728+0000][120][info ][safepoint   ] Safepoint "Cleanup", Time since last: 12054836672 ns, Reaching safepoint: 52417 ns, Cleanup: 12917 ns, At safepoint: 6458 ns, Total: 71792 ns
[2025-10-08T06:02:50.732+0000][120][info ][safepoint   ] Safepoint "Cleanup", Time since last: 3004659835 ns, Reaching safepoint: 110166 ns, Cleanup: 38709 ns, At safepoint: 20666 ns, Total: 169541 ns
[2025-10-08T06:02:56.741+0000][120][info ][safepoint   ] Safepoint "Cleanup", Time since last: 6008852170 ns, Reaching safepoint: 80000 ns, Cleanup: 41375 ns, At safepoint: 13458 ns, Total: 134833 ns
[2025-10-08T06:03:05.754+0000][120][info ][safepoint   ] Safepoint "Cleanup", Time since last: 9011724837 ns, Reaching safepoint: 58917 ns, Cleanup: 41541 ns, At safepoint: 12084 ns, Total: 112542 ns
[2025-10-08T06:03:07.755+0000][120][info ][safepoint   ] Safepoint "Cleanup", Time since last: 2001287417 ns, Reaching safepoint: 12917 ns, Cleanup: 9917 ns, At safepoint: 5291 ns, Total: 28125 ns
[2025-10-08T06:03:09.757+0000][120][info ][safepoint   ] Safepoint "Cleanup", Time since last: 2002413251 ns, Reaching safepoint: 24250 ns, Cleanup: 20125 ns, At safepoint: 6334 ns, Total: 50709 ns
[2025-10-08T06:03:17.768+0000][120][info ][safepoint   ] Safepoint "Cleanup", Time since last: 8010420879 ns, Reaching safepoint: 29541 ns, Cleanup: 18459 ns, At safepoint: 8125 ns, Total: 56125 ns
[2025-10-08T06:03:18.771+0000][120][info ][safepoint   ] Safepoint "Cleanup", Time since last: 1002984333 ns, Reaching safepoint: 118125 ns, Cleanup: 54417 ns, At safepoint: 18833 ns, Total: 191375 ns
[2025-10-08T06:03:29.787+0000][120][info ][safepoint   ] Safepoint "Cleanup", Time since last: 11015770422 ns, Reaching safepoint: 13417 ns, Cleanup: 15166 ns, At safepoint: 4792 ns, Total: 33375 ns
[2025-10-08T06:03:35.794+0000][120][info ][safepoint   ] Safepoint "Cleanup", Time since last: 6007067628 ns, Reaching safepoint: 30958 ns, Cleanup: 30958 ns, At safepoint: 8667 ns, Total: 70583 ns
[2025-10-08T06:03:37.768+0000][120][info ][safepoint   ] Safepoint "Cleanup", Time since last: 1974790459 ns, Reaching safepoint: 12334 ns, Cleanup: 14291 ns, At safepoint: 5375 ns, Total: 32000 ns
[2025-10-08T06:03:56.794+0000][120][info ][safepoint   ] Safepoint "Cleanup", Time since last: 19025121509 ns, Reaching safepoint: 103958 ns, Cleanup: 45500 ns, At safepoint: 90167 ns, Total: 239625 ns
[2025-10-08T06:04:05.806+0000][120][info ][safepoint   ] Safepoint "Cleanup", Time since last: 9012069337 ns, Reaching safepoint: 35333 ns, Cleanup: 50042 ns, At safepoint: 11208 ns, Total: 96583 ns
[2025-10-08T06:04:07.809+0000][120][info ][safepoint   ] Safepoint "Cleanup", Time since last: 2002618626 ns, Reaching safepoint: 15667 ns, Cleanup: 11417 ns, At safepoint: 5750 ns, Total: 32834 ns
[2025-10-08T06:04:26.834+0000][120][info ][safepoint   ] Safepoint "Cleanup", Time since last: 19024352258 ns, Reaching safepoint: 157125 ns, Cleanup: 71917 ns, At safepoint: 12708 ns, Total: 241750 ns
[2025-10-08T06:05:00.042+0000][120][info ][safepoint   ] Safepoint "Cleanup", Time since last: 33208203432 ns, Reaching safepoint: 90500 ns, Cleanup: 46417 ns, At safepoint: 14333 ns, Total: 151250 ns
[2025-10-08T06:05:06.051+0000][120][info ][safepoint   ] Safepoint "Cleanup", Time since last: 6008983962 ns, Reaching safepoint: 17458 ns, Cleanup: 14042 ns, At safepoint: 7583 ns, Total: 39083 ns
[2025-10-08T06:05:08.052+0000][120][info ][safepoint   ] Safepoint "Cleanup", Time since last: 2001037251 ns, Reaching safepoint: 41583 ns, Cleanup: 29292 ns, At safepoint: 9417 ns, Total: 80292 ns
[2025-10-08T06:05:26.076+0000][120][info ][safepoint   ] Safepoint "Cleanup", Time since last: 18023734800 ns, Reaching safepoint: 8958 ns, Cleanup: 9625 ns, At safepoint: 3333 ns, Total: 21916 ns
[2025-10-08T06:05:56.209+0000][120][info ][safepoint   ] Safepoint "Cleanup", Time since last: 30132974097 ns, Reaching safepoint: 43667 ns, Cleanup: 11542 ns, At safepoint: 7500 ns, Total: 62709 ns
[2025-10-08T06:06:05.231+0000][120][info ][safepoint   ] Safepoint "Cleanup", Time since last: 9021684337 ns, Reaching safepoint: 69041 ns, Cleanup: 85875 ns, At safepoint: 32625 ns, Total: 187541 ns
[2025-10-08T06:06:47.439+0000][120][info ][safepoint   ] Safepoint "Cleanup", Time since last: 42206908895 ns, Reaching safepoint: 101042 ns, Cleanup: 188208 ns, At safepoint: 26375 ns, Total: 315625 ns
[2025-10-08T06:06:56.465+0000][120][info ][safepoint   ] Safepoint "Cleanup", Time since last: 9025586796 ns, Reaching safepoint: 176417 ns, Cleanup: 65625 ns, At safepoint: 14750 ns, Total: 256792 ns
[2025-10-08T06:07:35.558+0000][120][info ][safepoint   ] Safepoint "Cleanup", Time since last: 39092480601 ns, Reaching safepoint: 153000 ns, Cleanup: 67792 ns, At safepoint: 15541 ns, Total: 236333 ns
[2025-10-08T06:08:05.585+0000][120][info ][safepoint   ] Safepoint "Cleanup", Time since last: 30027737472 ns, Reaching safepoint: 81084 ns, Cleanup: 62958 ns, At safepoint: 11375 ns, Total: 155417 ns
[2025-10-08T06:08:08.596+0000][120][info ][safepoint   ] Safepoint "Cleanup", Time since last: 3010538710 ns, Reaching safepoint: 62958 ns, Cleanup: 38417 ns, At safepoint: 11125 ns, Total: 112500 ns
[2025-10-08T06:08:17.614+0000][120][info ][safepoint   ] Safepoint "Cleanup", Time since last: 9017503421 ns, Reaching safepoint: 83083 ns, Cleanup: 77167 ns, At safepoint: 13791 ns, Total: 174041 ns
[2025-10-08T06:08:38.608+0000][120][info ][safepoint   ] Safepoint "Cleanup", Time since last: 20993804843 ns, Reaching safepoint: 26625 ns, Cleanup: 18166 ns, At safepoint: 7167 ns, Total: 51958 ns
[2025-10-08T06:08:47.624+0000][120][info ][safepoint   ] Safepoint "Cleanup", Time since last: 9016169296 ns, Reaching safepoint: 78167 ns, Cleanup: 45708 ns, At safepoint: 16708 ns, Total: 140583 ns
[2025-10-08T06:08:56.644+0000][120][info ][safepoint   ] Safepoint "Cleanup", Time since last: 9019288713 ns, Reaching safepoint: 93583 ns, Cleanup: 29584 ns, At safepoint: 15041 ns, Total: 138208 ns
[2025-10-08T06:09:05.659+0000][120][info ][safepoint   ] Safepoint "Cleanup", Time since last: 9014539504 ns, Reaching safepoint: 65875 ns, Cleanup: 50292 ns, At safepoint: 16875 ns, Total: 133042 ns
[2025-10-08T06:09:25.697+0000][120][info ][safepoint   ] Safepoint "Cleanup", Time since last: 20037817260 ns, Reaching safepoint: 139666 ns, Cleanup: 52667 ns, At safepoint: 10167 ns, Total: 202500 ns
[2025-10-08T06:09:26.698+0000][120][info ][safepoint   ] Safepoint "Cleanup", Time since last: 1000815750 ns, Reaching safepoint: 104042 ns, Cleanup: 46791 ns, At safepoint: 12667 ns, Total: 163500 ns
[2025-10-08T06:09:47.804+0000][120][info ][safepoint   ] Safepoint "Cleanup", Time since last: 21106211343 ns, Reaching safepoint: 221917 ns, Cleanup: 52125 ns, At safepoint: 23458 ns, Total: 297500 ns
[2025-10-08T06:10:00.824+0000][120][info ][safepoint   ] Safepoint "Cleanup", Time since last: 13018797339 ns, Reaching safepoint: 148167 ns, Cleanup: 69000 ns, At safepoint: 21583 ns, Total: 238750 ns
[2025-10-08T06:10:05.831+0000][120][info ][safepoint   ] Safepoint "Cleanup", Time since last: 5007458961 ns, Reaching safepoint: 80708 ns, Cleanup: 55250 ns, At safepoint: 35208 ns, Total: 171166 ns
[2025-10-08T06:10:10.840+0000][120][info ][safepoint   ] Safepoint "Cleanup", Time since last: 5008063211 ns, Reaching safepoint: 78500 ns, Cleanup: 51292 ns, At safepoint: 13542 ns, Total: 143334 ns
[2025-10-08T06:10:20.852+0000][120][info ][safepoint   ] Safepoint "Cleanup", Time since last: 10012806129 ns, Reaching safepoint: 37709 ns, Cleanup: 12791 ns, At safepoint: 6959 ns, Total: 57459 ns
[2025-10-08T06:10:25.858+0000][120][info ][safepoint   ] Safepoint "Cleanup", Time since last: 5005456252 ns, Reaching safepoint: 30167 ns, Cleanup: 20041 ns, At safepoint: 7125 ns, Total: 57333 ns
[2025-10-08T06:10:28.863+0000][120][info ][safepoint   ] Safepoint "Cleanup", Time since last: 3004687876 ns, Reaching safepoint: 118541 ns, Cleanup: 37917 ns, At safepoint: 11417 ns, Total: 167875 ns
[2025-10-08T06:11:04.728+0000][120][info ][gc,start    ] GC(20) Pause Young (Mixed) (G1 Evacuation Pause)
[2025-10-08T06:11:04.729+0000][120][info ][gc,task     ] GC(20) Using 8 workers of 8 for evacuation
[2025-10-08T06:11:04.730+0000][120][debug][gc,age      ] GC(20) Desired survivor size 41943040 bytes, new threshold 15 (max threshold 15)
[2025-10-08T06:11:04.747+0000][120][info ][gc,phases   ] GC(20)   Pre Evacuate Collection Set: 0.34ms
[2025-10-08T06:11:04.748+0000][120][info ][gc,phases   ] GC(20)   Merge Heap Roots: 0.10ms
[2025-10-08T06:11:04.748+0000][120][info ][gc,phases   ] GC(20)   Evacuate Collection Set: 15.77ms
[2025-10-08T06:11:04.748+0000][120][info ][gc,phases   ] GC(20)   Post Evacuate Collection Set: 1.54ms
[2025-10-08T06:11:04.748+0000][120][info ][gc,phases   ] GC(20)   Other: 0.21ms
[2025-10-08T06:11:04.748+0000][120][trace][gc,age      ] GC(20) Age table with threshold 15 (max threshold 15)
[2025-10-08T06:11:04.748+0000][120][trace][gc,age      ] GC(20) - age   1:     885632 bytes,     885632 total
[2025-10-08T06:11:04.748+0000][120][trace][gc,age      ] GC(20) - age   2:    1511616 bytes,    2397248 total
[2025-10-08T06:11:04.748+0000][120][trace][gc,age      ] GC(20) - age   3:     582592 bytes,    2979840 total
[2025-10-08T06:11:04.748+0000][120][trace][gc,age      ] GC(20) - age   4:   26167584 bytes,   29147424 total
[2025-10-08T06:11:04.748+0000][120][trace][gc,age      ] GC(20) - age   5:     543824 bytes,   29691248 total
[2025-10-08T06:11:04.748+0000][120][info ][gc,heap     ] GC(20) Eden regions: 145->0(145)
[2025-10-08T06:11:04.748+0000][120][info ][gc,heap     ] GC(20) Survivor regions: 8->8(20)
[2025-10-08T06:11:04.748+0000][120][info ][gc,heap     ] GC(20) Old regions: 29->29
[2025-10-08T06:11:04.748+0000][120][info ][gc,heap     ] GC(20) Humongous regions: 2->2
[2025-10-08T06:11:04.748+0000][120][info ][gc,metaspace] GC(20) Metaspace: 152130K(156416K)->152130K(156416K) NonClass: 130929K(133312K)->130929K(133312K) Class: 21201K(23104K)->21201K(23104K)
[2025-10-08T06:11:04.748+0000][120][info ][gc          ] GC(20) Pause Young (Mixed) (G1 Evacuation Pause) 733M->152M(1024M) 19.526ms
[2025-10-08T06:11:04.748+0000][120][info ][gc,cpu      ] GC(20) User=0.13s Sys=0.00s Real=0.02s
[2025-10-08T06:11:04.748+0000][120][info ][safepoint   ] Safepoint "G1CollectForAllocation", Time since last: 35864424350 ns, Reaching safepoint: 796541 ns, Cleanup: 49250 ns, At safepoint: 19657334 ns, Total: 20503125 ns
[2025-10-08T06:11:05.750+0000][120][info ][safepoint   ] Safepoint "Cleanup", Time since last: 1001909792 ns, Reaching safepoint: 86000 ns, Cleanup: 223375 ns, At safepoint: 21291 ns, Total: 330666 ns
[2025-10-08T06:11:10.761+0000][120][info ][safepoint   ] Safepoint "Cleanup", Time since last: 5010638544 ns, Reaching safepoint: 64375 ns, Cleanup: 37042 ns, At safepoint: 17792 ns, Total: 119209 ns
[2025-10-08T06:11:13.765+0000][120][info ][safepoint   ] Safepoint "Cleanup", Time since last: 3003885835 ns, Reaching safepoint: 30500 ns, Cleanup: 25458 ns, At safepoint: 11625 ns, Total: 67583 ns
[2025-10-08T06:11:15.770+0000][120][info ][safepoint   ] Safepoint "Cleanup", Time since last: 2004355084 ns, Reaching safepoint: 57084 ns, Cleanup: 46750 ns, At safepoint: 12083 ns, Total: 115917 ns
[2025-10-08T06:11:20.777+0000][120][info ][safepoint   ] Safepoint "Cleanup", Time since last: 5006984419 ns, Reaching safepoint: 84708 ns, Cleanup: 33709 ns, At safepoint: 22083 ns, Total: 140500 ns
[2025-10-08T06:11:21.779+0000][120][info ][safepoint   ] Safepoint "Cleanup", Time since last: 1002546250 ns, Reaching safepoint: 105167 ns, Cleanup: 59292 ns, At safepoint: 31500 ns, Total: 195959 ns
[2025-10-08T06:11:25.786+0000][120][info ][safepoint   ] Safepoint "Cleanup", Time since last: 4006155668 ns, Reaching safepoint: 65000 ns, Cleanup: 41250 ns, At safepoint: 11334 ns, Total: 117584 ns
[2025-10-08T06:11:38.866+0000][120][info ][safepoint   ] Safepoint "Cleanup", Time since last: 13080017047 ns, Reaching safepoint: 92500 ns, Cleanup: 59625 ns, At safepoint: 26542 ns, Total: 178667 ns
[2025-10-08T06:11:46.878+0000][120][info ][safepoint   ] Safepoint "Cleanup", Time since last: 8011681129 ns, Reaching safepoint: 80250 ns, Cleanup: 47750 ns, At safepoint: 15291 ns, Total: 143291 ns
[2025-10-08T06:11:47.881+0000][120][info ][safepoint   ] Safepoint "Cleanup", Time since last: 1003391043 ns, Reaching safepoint: 84791 ns, Cleanup: 53417 ns, At safepoint: 50833 ns, Total: 189041 ns
[2025-10-08T06:11:50.888+0000][120][info ][safepoint   ] Safepoint "Cleanup", Time since last: 3006515127 ns, Reaching safepoint: 85375 ns, Cleanup: 68458 ns, At safepoint: 16417 ns, Total: 170250 ns
[2025-10-08T06:11:55.898+0000][120][info ][safepoint   ] Safepoint "Cleanup", Time since last: 5009599252 ns, Reaching safepoint: 92667 ns, Cleanup: 52666 ns, At safepoint: 15250 ns, Total: 160583 ns
[2025-10-08T06:12:05.910+0000][120][info ][safepoint   ] Safepoint "Cleanup", Time since last: 10012578129 ns, Reaching safepoint: 79250 ns, Cleanup: 48375 ns, At safepoint: 19875 ns, Total: 147500 ns
[2025-10-08T06:12:17.924+0000][120][info ][safepoint   ] Safepoint "Cleanup", Time since last: 12013891423 ns, Reaching safepoint: 89250 ns, Cleanup: 64917 ns, At safepoint: 15291 ns, Total: 169458 ns
[2025-10-08T06:12:41.961+0000][120][info ][safepoint   ] Safepoint "Cleanup", Time since last: 24036296761 ns, Reaching safepoint: 80500 ns, Cleanup: 52833 ns, At safepoint: 15250 ns, Total: 148583 ns
[2025-10-08T06:12:47.970+0000][120][info ][safepoint   ] Safepoint "Cleanup", Time since last: 6008769253 ns, Reaching safepoint: 77292 ns, Cleanup: 57083 ns, At safepoint: 16667 ns, Total: 151042 ns
[2025-10-08T06:12:57.986+0000][120][info ][safepoint   ] Safepoint "Cleanup", Time since last: 10015798212 ns, Reaching safepoint: 77500 ns, Cleanup: 42208 ns, At safepoint: 12709 ns, Total: 132417 ns
[2025-10-08T06:13:06.000+0000][120][info ][safepoint   ] Safepoint "Cleanup", Time since last: 8014041462 ns, Reaching safepoint: 56208 ns, Cleanup: 36834 ns, At safepoint: 19208 ns, Total: 112250 ns
[2025-10-08T06:13:14.015+0000][120][info ][safepoint   ] Safepoint "Cleanup", Time since last: 8015159920 ns, Reaching safepoint: 69959 ns, Cleanup: 42666 ns, At safepoint: 54792 ns, Total: 167417 ns
[2025-10-08T06:13:17.020+0000][120][info ][safepoint   ] Safepoint "Cleanup", Time since last: 3004317751 ns, Reaching safepoint: 102250 ns, Cleanup: 54709 ns, At safepoint: 15541 ns, Total: 172500 ns
[2025-10-08T06:13:21.027+0000][120][info ][safepoint   ] Safepoint "Cleanup", Time since last: 4006938502 ns, Reaching safepoint: 56167 ns, Cleanup: 30125 ns, At safepoint: 18750 ns, Total: 105042 ns
[2025-10-08T06:13:48.035+0000][120][info ][safepoint   ] Safepoint "Cleanup", Time since last: 27007865220 ns, Reaching safepoint: 80792 ns, Cleanup: 84500 ns, At safepoint: 14583 ns, Total: 179875 ns
[2025-10-08T06:13:50.039+0000][120][info ][safepoint   ] Safepoint "Cleanup", Time since last: 2003400168 ns, Reaching safepoint: 66458 ns, Cleanup: 38917 ns, At safepoint: 11292 ns, Total: 116667 ns
[2025-10-08T06:13:52.043+0000][120][info ][safepoint   ] Safepoint "Cleanup", Time since last: 2003986501 ns, Reaching safepoint: 77750 ns, Cleanup: 37208 ns, At safepoint: 20875 ns, Total: 135833 ns
[2025-10-08T06:13:58.051+0000][120][info ][safepoint   ] Safepoint "Cleanup", Time since last: 6007659794 ns, Reaching safepoint: 580875 ns, Cleanup: 66792 ns, At safepoint: 21208 ns, Total: 668875 ns
[2025-10-08T06:14:06.066+0000][120][info ][safepoint   ] Safepoint "Cleanup", Time since last: 8015486337 ns, Reaching safepoint: 82959 ns, Cleanup: 87791 ns, At safepoint: 20334 ns, Total: 191084 ns
[2025-10-08T06:14:12.074+0000][120][info ][safepoint   ] Safepoint "Cleanup", Time since last: 6007800877 ns, Reaching safepoint: 38375 ns, Cleanup: 22792 ns, At safepoint: 10375 ns, Total: 71542 ns
[2025-10-08T06:14:14.081+0000][120][info ][safepoint   ] Safepoint "Cleanup", Time since last: 2006633084 ns, Reaching safepoint: 81250 ns, Cleanup: 113125 ns, At safepoint: 15875 ns, Total: 210250 ns
[2025-10-08T06:14:28.103+0000][120][info ][safepoint   ] Safepoint "Cleanup", Time since last: 14020100507 ns, Reaching safepoint: 400083 ns, Cleanup: 150083 ns, At safepoint: 49375 ns, Total: 599541 ns
[2025-10-08T06:14:35.114+0000][120][info ][safepoint   ] Safepoint "Cleanup", Time since last: 7011744504 ns, Reaching safepoint: 30416 ns, Cleanup: 14334 ns, At safepoint: 8833 ns, Total: 53583 ns
[2025-10-08T06:14:44.245+0000][120][info ][safepoint   ] Safepoint "Cleanup", Time since last: 9130071129 ns, Reaching safepoint: 189417 ns, Cleanup: 96333 ns, At safepoint: 24292 ns, Total: 310042 ns
[2025-10-08T06:14:58.262+0000][120][info ][safepoint   ] Safepoint "Cleanup", Time since last: 14016754547 ns, Reaching safepoint: 13500 ns, Cleanup: 14750 ns, At safepoint: 6542 ns, Total: 34792 ns
[2025-10-08T06:15:05.271+0000][120][info ][safepoint   ] Safepoint "Cleanup", Time since last: 7009006629 ns, Reaching safepoint: 15875 ns, Cleanup: 19083 ns, At safepoint: 7792 ns, Total: 42750 ns
[2025-10-08T06:15:28.303+0000][120][info ][safepoint   ] Safepoint "Cleanup", Time since last: 23031586218 ns, Reaching safepoint: 13042 ns, Cleanup: 12125 ns, At safepoint: 4000 ns, Total: 29167 ns
[2025-10-08T06:15:35.313+0000][120][info ][safepoint   ] Safepoint "Cleanup", Time since last: 7010033920 ns, Reaching safepoint: 96667 ns, Cleanup: 50125 ns, At safepoint: 20750 ns, Total: 167542 ns
[2025-10-08T06:15:44.482+0000][120][info ][safepoint   ] Safepoint "Cleanup", Time since last: 9169237796 ns, Reaching safepoint: 64916 ns, Cleanup: 87875 ns, At safepoint: 12792 ns, Total: 165583 ns
[2025-10-08T06:15:57.503+0000][120][info ][safepoint   ] Safepoint "Cleanup", Time since last: 13021507463 ns, Reaching safepoint: 22000 ns, Cleanup: 13500 ns, At safepoint: 7250 ns, Total: 42750 ns
[2025-10-08T06:16:14.529+0000][120][info ][safepoint   ] Safepoint "Cleanup", Time since last: 17025474759 ns, Reaching safepoint: 184666 ns, Cleanup: 40167 ns, At safepoint: 20500 ns, Total: 245333 ns
[2025-10-08T06:16:27.552+0000][120][info ][safepoint   ] Safepoint "Cleanup", Time since last: 13022772213 ns, Reaching safepoint: 11834 ns, Cleanup: 25291 ns, At safepoint: 5125 ns, Total: 42250 ns
[2025-10-08T06:16:35.563+0000][120][info ][safepoint   ] Safepoint "Cleanup", Time since last: 8010251379 ns, Reaching safepoint: 83459 ns, Cleanup: 78875 ns, At safepoint: 23875 ns, Total: 186209 ns
[2025-10-08T06:16:47.735+0000][120][info ][safepoint   ] Safepoint "Cleanup", Time since last: 12171765547 ns, Reaching safepoint: 76083 ns, Cleanup: 65292 ns, At safepoint: 16792 ns, Total: 158167 ns
[2025-10-08T06:17:14.773+0000][120][info ][safepoint   ] Safepoint "Cleanup", Time since last: 27037911471 ns, Reaching safepoint: 159208 ns, Cleanup: 155292 ns, At safepoint: 15833 ns, Total: 330333 ns
[2025-10-08T06:17:17.780+0000][120][info ][safepoint   ] Safepoint "Cleanup", Time since last: 3006604168 ns, Reaching safepoint: 77000 ns, Cleanup: 101125 ns, At safepoint: 40458 ns, Total: 218583 ns
[2025-10-08T06:17:21.785+0000][120][info ][safepoint   ] Safepoint "Cleanup", Time since last: 4004720836 ns, Reaching safepoint: 87125 ns, Cleanup: 45416 ns, At safepoint: 14292 ns, Total: 146833 ns
[2025-10-08T06:17:27.798+0000][120][info ][safepoint   ] Safepoint "Cleanup", Time since last: 6012921836 ns, Reaching safepoint: 67666 ns, Cleanup: 88834 ns, At safepoint: 14416 ns, Total: 170916 ns
[2025-10-08T06:17:31.803+0000][120][info ][safepoint   ] Safepoint "Cleanup", Time since last: 4005162419 ns, Reaching safepoint: 94917 ns, Cleanup: 51750 ns, At safepoint: 12791 ns, Total: 159458 ns
[2025-10-08T06:17:57.811+0000][120][info ][safepoint   ] Safepoint "Cleanup", Time since last: 26007145178 ns, Reaching safepoint: 57834 ns, Cleanup: 23750 ns, At safepoint: 11375 ns, Total: 92959 ns
[2025-10-08T06:18:04.820+0000][120][info ][safepoint   ] Safepoint "Cleanup", Time since last: 7008731420 ns, Reaching safepoint: 89208 ns, Cleanup: 51542 ns, At safepoint: 14958 ns, Total: 155708 ns
[2025-10-08T06:18:05.822+0000][120][info ][safepoint   ] Safepoint "Cleanup", Time since last: 1002118542 ns, Reaching safepoint: 105792 ns, Cleanup: 70375 ns, At safepoint: 21208 ns, Total: 197375 ns
[2025-10-08T06:18:10.830+0000][120][info ][safepoint   ] Safepoint "Cleanup", Time since last: 5007935461 ns, Reaching safepoint: 235291 ns, Cleanup: 39167 ns, At safepoint: 21792 ns, Total: 296250 ns
[2025-10-08T06:18:23.846+0000][120][info ][safepoint   ] Safepoint "Cleanup", Time since last: 13015788214 ns, Reaching safepoint: 77250 ns, Cleanup: 42792 ns, At safepoint: 15167 ns, Total: 135209 ns
[2025-10-08T06:19:07.931+0000][120][info ][safepoint   ] Safepoint "Cleanup", Time since last: 44084459519 ns, Reaching safepoint: 59750 ns, Cleanup: 24750 ns, At safepoint: 9333 ns, Total: 93833 ns
[2025-10-08T06:19:12.937+0000][120][info ][safepoint   ] Safepoint "Cleanup", Time since last: 5005480419 ns, Reaching safepoint: 159125 ns, Cleanup: 50375 ns, At safepoint: 12334 ns, Total: 221834 ns
[2025-10-08T06:19:20.951+0000][120][info ][safepoint   ] Safepoint "Cleanup", Time since last: 8014408587 ns, Reaching safepoint: 76583 ns, Cleanup: 31084 ns, At safepoint: 24708 ns, Total: 132375 ns
[2025-10-08T06:19:27.960+0000][120][info ][safepoint   ] Safepoint "Cleanup", Time since last: 7008893419 ns, Reaching safepoint: 12584 ns, Cleanup: 21416 ns, At safepoint: 5125 ns, Total: 39125 ns
[2025-10-08T06:19:35.974+0000][120][info ][safepoint   ] Safepoint "Cleanup", Time since last: 8013781796 ns, Reaching safepoint: 83375 ns, Cleanup: 72666 ns, At safepoint: 58750 ns, Total: 214791 ns
[2025-10-08T06:19:38.977+0000][120][info ][safepoint   ] Safepoint "Cleanup", Time since last: 3003127502 ns, Reaching safepoint: 75042 ns, Cleanup: 47125 ns, At safepoint: 12416 ns, Total: 134583 ns
[2025-10-08T06:19:42.081+0000][120][info ][safepoint   ] Safepoint "Cleanup", Time since last: 3103017127 ns, Reaching safepoint: 166750 ns, Cleanup: 43625 ns, At safepoint: 20458 ns, Total: 230833 ns
[2025-10-08T06:19:49.091+0000][120][info ][safepoint   ] Safepoint "Cleanup", Time since last: 7010125128 ns, Reaching safepoint: 81667 ns, Cleanup: 42875 ns, At safepoint: 14625 ns, Total: 139167 ns
[2025-10-08T06:19:51.094+0000][120][info ][safepoint   ] Safepoint "Cleanup", Time since last: 2003423668 ns, Reaching safepoint: 69458 ns, Cleanup: 32458 ns, At safepoint: 14917 ns, Total: 116833 ns
[2025-10-08T06:20:05.118+0000][120][info ][safepoint   ] Safepoint "Cleanup", Time since last: 14022716048 ns, Reaching safepoint: 11417 ns, Cleanup: 9541 ns, At safepoint: 11042 ns, Total: 32000 ns
[2025-10-08T06:20:15.129+0000][120][info ][safepoint   ] Safepoint "Cleanup", Time since last: 10011170255 ns, Reaching safepoint: 109542 ns, Cleanup: 74500 ns, At safepoint: 10041 ns, Total: 194083 ns
[2025-10-08T06:20:28.148+0000][120][info ][safepoint   ] Safepoint "Cleanup", Time since last: 13018972297 ns, Reaching safepoint: 14458 ns, Cleanup: 12042 ns, At safepoint: 6083 ns, Total: 32583 ns
[2025-10-08T06:20:35.155+0000][120][info ][safepoint   ] Safepoint "Cleanup", Time since last: 7006644295 ns, Reaching safepoint: 39834 ns, Cleanup: 37500 ns, At safepoint: 29208 ns, Total: 106542 ns
[2025-10-08T06:21:05.239+0000][120][info ][safepoint   ] Safepoint "Cleanup", Time since last: 30083808139 ns, Reaching safepoint: 40792 ns, Cleanup: 34291 ns, At safepoint: 12709 ns, Total: 87792 ns
[2025-10-08T06:21:15.263+0000][120][info ][safepoint   ] Safepoint "Cleanup", Time since last: 10023758130 ns, Reaching safepoint: 194083 ns, Cleanup: 46792 ns, At safepoint: 15250 ns, Total: 256125 ns
[2025-10-08T06:21:28.286+0000][120][info ][safepoint   ] Safepoint "Cleanup", Time since last: 13022849630 ns, Reaching safepoint: 57958 ns, Cleanup: 28083 ns, At safepoint: 9959 ns, Total: 96000 ns
[2025-10-08T06:21:45.372+0000][120][info ][safepoint   ] Safepoint "Cleanup", Time since last: 17085732675 ns, Reaching safepoint: 119083 ns, Cleanup: 37583 ns, At safepoint: 18334 ns, Total: 175000 ns
[2025-10-08T06:21:47.378+0000][120][info ][safepoint   ] Safepoint "Cleanup", Time since last: 2006611584 ns, Reaching safepoint: 56250 ns, Cleanup: 32500 ns, At safepoint: 10542 ns, Total: 99292 ns
[2025-10-08T06:21:48.380+0000][120][info ][safepoint   ] Safepoint "Cleanup", Time since last: 1001599875 ns, Reaching safepoint: 25750 ns, Cleanup: 15833 ns, At safepoint: 11584 ns, Total: 53167 ns
[2025-10-08T06:21:58.397+0000][120][info ][safepoint   ] Safepoint "Cleanup", Time since last: 10016139504 ns, Reaching safepoint: 580417 ns, Cleanup: 22875 ns, At safepoint: 12875 ns, Total: 616167 ns
[2025-10-08T06:21:59.403+0000][120][info ][safepoint   ] Safepoint "Cleanup", Time since last: 1006227375 ns, Reaching safepoint: 80459 ns, Cleanup: 52041 ns, At safepoint: 17584 ns, Total: 150084 ns
[2025-10-08T06:22:05.415+0000][120][info ][safepoint   ] Safepoint "Cleanup", Time since last: 6011937211 ns, Reaching safepoint: 67583 ns, Cleanup: 53000 ns, At safepoint: 15084 ns, Total: 135667 ns
[2025-10-08T06:22:18.434+0000][120][info ][safepoint   ] Safepoint "Cleanup", Time since last: 13018639714 ns, Reaching safepoint: 34750 ns, Cleanup: 14042 ns, At safepoint: 5458 ns, Total: 54250 ns
[2025-10-08T06:22:20.440+0000][120][info ][safepoint   ] Safepoint "Cleanup", Time since last: 2005185209 ns, Reaching safepoint: 166667 ns, Cleanup: 57417 ns, At safepoint: 21250 ns, Total: 245334 ns
[2025-10-08T06:22:29.456+0000][120][info ][safepoint   ] Safepoint "Cleanup", Time since last: 9016087503 ns, Reaching safepoint: 464000 ns, Cleanup: 59250 ns, At safepoint: 18459 ns, Total: 541709 ns
[2025-10-08T06:22:33.465+0000][120][info ][safepoint   ] Safepoint "Cleanup", Time since last: 4007891210 ns, Reaching safepoint: 72083 ns, Cleanup: 44125 ns, At safepoint: 14625 ns, Total: 130833 ns
[2025-10-08T06:22:48.526+0000][120][info ][safepoint   ] Safepoint "Cleanup", Time since last: 15060986841 ns, Reaching safepoint: 26000 ns, Cleanup: 23166 ns, At safepoint: 14209 ns, Total: 63375 ns
[2025-10-08T06:22:58.547+0000][120][info ][safepoint   ] Safepoint "Cleanup", Time since last: 10020938338 ns, Reaching safepoint: 14000 ns, Cleanup: 10250 ns, At safepoint: 4500 ns, Total: 28750 ns
[2025-10-08T06:23:05.562+0000][120][info ][safepoint   ] Safepoint "Cleanup", Time since last: 7014970753 ns, Reaching safepoint: 79500 ns, Cleanup: 69542 ns, At safepoint: 20000 ns, Total: 169042 ns
[2025-10-08T06:23:48.676+0000][120][info ][safepoint   ] Safepoint "Cleanup", Time since last: 43112846019 ns, Reaching safepoint: 1037667 ns, Cleanup: 14250 ns, At safepoint: 10875 ns, Total: 1062792 ns
[2025-10-08T06:24:05.709+0000][120][info ][safepoint   ] Safepoint "Cleanup", Time since last: 17032551674 ns, Reaching safepoint: 94292 ns, Cleanup: 42333 ns, At safepoint: 15084 ns, Total: 151709 ns
[2025-10-08T06:24:35.776+0000][120][info ][safepoint   ] Safepoint "Cleanup", Time since last: 30067453514 ns, Reaching safepoint: 101750 ns, Cleanup: 34708 ns, At safepoint: 18125 ns, Total: 154583 ns
[2025-10-08T06:25:28.907+0000][120][info ][safepoint   ] Safepoint "Cleanup", Time since last: 53129771900 ns, Reaching safepoint: 13166 ns, Cleanup: 16750 ns, At safepoint: 5167 ns, Total: 35083 ns
[2025-10-08T06:25:35.927+0000][120][info ][safepoint   ] Safepoint "Cleanup", Time since last: 7020045045 ns, Reaching safepoint: 126375 ns, Cleanup: 80375 ns, At safepoint: 13250 ns, Total: 220000 ns
[2025-10-08T06:25:46.064+0000][120][info ][safepoint   ] Safepoint "Cleanup", Time since last: 10137037797 ns, Reaching safepoint: 80083 ns, Cleanup: 147708 ns, At safepoint: 13209 ns, Total: 241000 ns
[2025-10-08T06:25:59.087+0000][120][info ][safepoint   ] Safepoint "Cleanup", Time since last: 13022625255 ns, Reaching safepoint: 12209 ns, Cleanup: 21208 ns, At safepoint: 4042 ns, Total: 37459 ns
[2025-10-08T06:26:06.097+0000][120][info ][safepoint   ] Safepoint "Cleanup", Time since last: 7010144836 ns, Reaching safepoint: 78375 ns, Cleanup: 121834 ns, At safepoint: 23416 ns, Total: 223625 ns
[2025-10-08T06:26:16.109+0000][120][info ][safepoint   ] Safepoint "Cleanup", Time since last: 10012075172 ns, Reaching safepoint: 86042 ns, Cleanup: 48041 ns, At safepoint: 11959 ns, Total: 146042 ns
[2025-10-08T06:26:24.120+0000][120][info ][safepoint   ] Safepoint "Cleanup", Time since last: 8010779920 ns, Reaching safepoint: 87375 ns, Cleanup: 46042 ns, At safepoint: 84583 ns, Total: 218000 ns
[2025-10-08T06:26:34.132+0000][120][info ][safepoint   ] Safepoint "Cleanup", Time since last: 10010841004 ns, Reaching safepoint: 63250 ns, Cleanup: 47333 ns, At safepoint: 10250 ns, Total: 120833 ns
[2025-10-08T06:26:35.134+0000][120][info ][safepoint   ] Safepoint "Cleanup", Time since last: 1001962626 ns, Reaching safepoint: 58583 ns, Cleanup: 32542 ns, At safepoint: 7916 ns, Total: 99041 ns
[2025-10-08T06:26:47.262+0000][120][info ][safepoint   ] Safepoint "Cleanup", Time since last: 12127728298 ns, Reaching safepoint: 65125 ns, Cleanup: 35833 ns, At safepoint: 16417 ns, Total: 117375 ns
[2025-10-08T06:27:05.286+0000][120][info ][safepoint   ] Safepoint "Cleanup", Time since last: 18023993258 ns, Reaching safepoint: 40417 ns, Cleanup: 33708 ns, At safepoint: 12333 ns, Total: 86458 ns
[2025-10-08T06:27:29.322+0000][120][info ][safepoint   ] Safepoint "Cleanup", Time since last: 24035848803 ns, Reaching safepoint: 179042 ns, Cleanup: 78208 ns, At safepoint: 32333 ns, Total: 289583 ns
[2025-10-08T06:27:59.459+0000][120][info ][safepoint   ] Safepoint "Cleanup", Time since last: 30136742764 ns, Reaching safepoint: 127959 ns, Cleanup: 52416 ns, At safepoint: 32375 ns, Total: 212750 ns
[2025-10-08T06:28:05.469+0000][120][info ][safepoint   ] Safepoint "Cleanup", Time since last: 6009416628 ns, Reaching safepoint: 90625 ns, Cleanup: 68417 ns, At safepoint: 12333 ns, Total: 171375 ns
[2025-10-08T06:28:20.492+0000][120][info ][safepoint   ] Safepoint "Cleanup", Time since last: 15023488757 ns, Reaching safepoint: 71042 ns, Cleanup: 30083 ns, At safepoint: 17292 ns, Total: 118417 ns
[2025-10-08T06:28:29.506+0000][120][info ][safepoint   ] Safepoint "Cleanup", Time since last: 9012862587 ns, Reaching safepoint: 160875 ns, Cleanup: 71000 ns, At safepoint: 12833 ns, Total: 244708 ns
[2025-10-08T06:29:29.665+0000][120][info ][safepoint   ] Safepoint "Cleanup", Time since last: 60159154903 ns, Reaching safepoint: 177250 ns, Cleanup: 77583 ns, At safepoint: 14583 ns, Total: 269416 ns
[2025-10-08T06:29:43.118+0000][120][info ][gc,start    ] GC(21) Pause Young (Normal) (G1 Evacuation Pause)
[2025-10-08T06:29:43.120+0000][120][info ][gc,task     ] GC(21) Using 8 workers of 8 for evacuation
[2025-10-08T06:29:43.120+0000][120][debug][gc,age      ] GC(21) Desired survivor size 41943040 bytes, new threshold 15 (max threshold 15)
[2025-10-08T06:29:43.143+0000][120][info ][gc,phases   ] GC(21)   Pre Evacuate Collection Set: 1.08ms
[2025-10-08T06:29:43.143+0000][120][info ][gc,phases   ] GC(21)   Merge Heap Roots: 0.35ms
[2025-10-08T06:29:43.143+0000][120][info ][gc,phases   ] GC(21)   Evacuate Collection Set: 18.30ms
[2025-10-08T06:29:43.144+0000][120][info ][gc,phases   ] GC(21)   Post Evacuate Collection Set: 2.94ms
[2025-10-08T06:29:43.144+0000][120][info ][gc,phases   ] GC(21)   Other: 0.55ms
[2025-10-08T06:29:43.144+0000][120][trace][gc,age      ] GC(21) Age table with threshold 15 (max threshold 15)
[2025-10-08T06:29:43.144+0000][120][trace][gc,age      ] GC(21) - age   1:     173272 bytes,     173272 total
[2025-10-08T06:29:43.144+0000][120][trace][gc,age      ] GC(21) - age   2:      80448 bytes,     253720 total
[2025-10-08T06:29:43.144+0000][120][trace][gc,age      ] GC(21) - age   3:    1511240 bytes,    1764960 total
[2025-10-08T06:29:43.144+0000][120][trace][gc,age      ] GC(21) - age   4:     556832 bytes,    2321792 total
[2025-10-08T06:29:43.144+0000][120][trace][gc,age      ] GC(21) - age   5:   25926104 bytes,   28247896 total
[2025-10-08T06:29:43.144+0000][120][trace][gc,age      ] GC(21) - age   6:     543824 bytes,   28791720 total
[2025-10-08T06:29:43.144+0000][120][info ][gc,heap     ] GC(21) Eden regions: 145->0(145)
[2025-10-08T06:29:43.144+0000][120][info ][gc,heap     ] GC(21) Survivor regions: 8->8(20)
[2025-10-08T06:29:43.144+0000][120][info ][gc,heap     ] GC(21) Old regions: 29->29
[2025-10-08T06:29:43.144+0000][120][info ][gc,heap     ] GC(21) Humongous regions: 2->2
[2025-10-08T06:29:43.144+0000][120][info ][gc,metaspace] GC(21) Metaspace: 152654K(156864K)->152654K(156864K) NonClass: 131453K(133760K)->131453K(133760K) Class: 21201K(23104K)->21201K(23104K)
[2025-10-08T06:29:43.144+0000][120][info ][gc          ] GC(21) Pause Young (Normal) (G1 Evacuation Pause) 732M->152M(1024M) 26.053ms
[2025-10-08T06:29:43.145+0000][120][info ][gc,cpu      ] GC(21) User=0.15s Sys=0.00s Real=0.02s
[2025-10-08T06:29:43.145+0000][120][info ][safepoint   ] Safepoint "G1CollectForAllocation", Time since last: 13453111882 ns, Reaching safepoint: 68750 ns, Cleanup: 13250 ns, At safepoint: 26291667 ns, Total: 26373667 ns
[2025-10-08T06:29:46.149+0000][120][info ][safepoint   ] Safepoint "Cleanup", Time since last: 3004395418 ns, Reaching safepoint: 94833 ns, Cleanup: 38167 ns, At safepoint: 14458 ns, Total: 147458 ns
[2025-10-08T06:29:49.153+0000][120][info ][safepoint   ] Safepoint "Cleanup", Time since last: 3003455960 ns, Reaching safepoint: 30333 ns, Cleanup: 45292 ns, At safepoint: 7791 ns, Total: 83416 ns
[2025-10-08T06:30:10.187+0000][120][info ][safepoint   ] Safepoint "Cleanup", Time since last: 21034069302 ns, Reaching safepoint: 242958 ns, Cleanup: 116417 ns, At safepoint: 20000 ns, Total: 379375 ns
[2025-10-08T06:30:47.683+0000][120][info ][safepoint   ] Safepoint "Cleanup", Time since last: 37495477309 ns, Reaching safepoint: 81333 ns, Cleanup: 44167 ns, At safepoint: 16708 ns, Total: 142208 ns
[2025-10-08T06:31:09.712+0000][120][info ][safepoint   ] Safepoint "Cleanup", Time since last: 22028395551 ns, Reaching safepoint: 128375 ns, Cleanup: 49084 ns, At safepoint: 22833 ns, Total: 200292 ns
[2025-10-08T06:31:47.852+0000][120][info ][safepoint   ] Safepoint "Cleanup", Time since last: 38139553934 ns, Reaching safepoint: 85916 ns, Cleanup: 98709 ns, At safepoint: 16250 ns, Total: 200875 ns
[2025-10-08T06:31:48.854+0000][120][info ][safepoint   ] Safepoint "Cleanup", Time since last: 1002012750 ns, Reaching safepoint: 13584 ns, Cleanup: 12208 ns, At safepoint: 6500 ns, Total: 32292 ns
[2025-10-08T06:31:59.885+0000][120][info ][safepoint   ] Safepoint "Cleanup", Time since last: 11031355671 ns, Reaching safepoint: 164208 ns, Cleanup: 47417 ns, At safepoint: 17708 ns, Total: 229333 ns
[2025-10-08T06:32:03.893+0000][120][info ][safepoint   ] Safepoint "Cleanup", Time since last: 4007791252 ns, Reaching safepoint: 76292 ns, Cleanup: 38583 ns, At safepoint: 22167 ns, Total: 137042 ns
[2025-10-08T06:32:05.901+0000][120][info ][safepoint   ] Safepoint "Cleanup", Time since last: 2007811876 ns, Reaching safepoint: 77416 ns, Cleanup: 52417 ns, At safepoint: 27500 ns, Total: 157333 ns
[2025-10-08T06:33:05.894+0000][120][info ][safepoint   ] Safepoint "Cleanup", Time since last: 59991629320 ns, Reaching safepoint: 339458 ns, Cleanup: 111167 ns, At safepoint: 30958 ns, Total: 481583 ns
[2025-10-08T06:33:16.915+0000][120][info ][safepoint   ] Safepoint "Cleanup", Time since last: 11020646214 ns, Reaching safepoint: 14583 ns, Cleanup: 14500 ns, At safepoint: 6042 ns, Total: 35125 ns
[2025-10-08T06:33:35.950+0000][120][info ][safepoint   ] Safepoint "Cleanup", Time since last: 19034637258 ns, Reaching safepoint: 176459 ns, Cleanup: 68500 ns, At safepoint: 29166 ns, Total: 274125 ns
[2025-10-08T06:34:01.039+0000][120][info ][safepoint   ] Safepoint "Cleanup", Time since last: 25089192428 ns, Reaching safepoint: 136292 ns, Cleanup: 44208 ns, At safepoint: 18542 ns, Total: 199042 ns
[2025-10-08T06:34:06.051+0000][120][info ][safepoint   ] Safepoint "Cleanup", Time since last: 5012076419 ns, Reaching safepoint: 54750 ns, Cleanup: 46917 ns, At safepoint: 12333 ns, Total: 114000 ns
[2025-10-08T06:34:18.073+0000][120][info ][safepoint   ] Safepoint "Cleanup", Time since last: 12021154964 ns, Reaching safepoint: 78000 ns, Cleanup: 40458 ns, At safepoint: 127167 ns, Total: 245625 ns
[2025-10-08T06:34:31.093+0000][120][info ][safepoint   ] Safepoint "Cleanup", Time since last: 13022114464 ns, Reaching safepoint: 98459 ns, Cleanup: 54125 ns, At safepoint: 20250 ns, Total: 172834 ns
[2025-10-08T06:35:05.279+0000][120][info ][safepoint   ] Safepoint "Cleanup", Time since last: 34185781432 ns, Reaching safepoint: 40292 ns, Cleanup: 47375 ns, At safepoint: 55625 ns, Total: 143292 ns
[2025-10-08T06:35:13.297+0000][120][info ][safepoint   ] Safepoint "Cleanup", Time since last: 8018077087 ns, Reaching safepoint: 97250 ns, Cleanup: 53417 ns, At safepoint: 31583 ns, Total: 182250 ns
[2025-10-08T06:35:18.310+0000][120][info ][safepoint   ] Safepoint "Cleanup", Time since last: 5012875044 ns, Reaching safepoint: 70083 ns, Cleanup: 59792 ns, At safepoint: 16875 ns, Total: 146750 ns
[2025-10-08T06:35:48.423+0000][120][info ][safepoint   ] Safepoint "Cleanup", Time since last: 30111880013 ns, Reaching safepoint: 82834 ns, Cleanup: 47458 ns, At safepoint: 17000 ns, Total: 147292 ns
[2025-10-08T06:36:01.445+0000][120][info ][safepoint   ] Safepoint "Cleanup", Time since last: 13021567089 ns, Reaching safepoint: 91000 ns, Cleanup: 146708 ns, At safepoint: 17417 ns, Total: 255125 ns
[2025-10-08T06:36:05.458+0000][120][info ][safepoint   ] Safepoint "Cleanup", Time since last: 4013262918 ns, Reaching safepoint: 75000 ns, Cleanup: 201458 ns, At safepoint: 29459 ns, Total: 305917 ns
[2025-10-08T06:36:06.460+0000][120][info ][safepoint   ] Safepoint "Cleanup", Time since last: 1001975500 ns, Reaching safepoint: 78125 ns, Cleanup: 62417 ns, At safepoint: 18458 ns, Total: 159000 ns
[2025-10-08T06:36:47.668+0000][120][info ][safepoint   ] Safepoint "Cleanup", Time since last: 41207653644 ns, Reaching safepoint: 93584 ns, Cleanup: 37666 ns, At safepoint: 16584 ns, Total: 147834 ns
[2025-10-08T06:37:00.689+0000][120][info ][safepoint   ] Safepoint "Cleanup", Time since last: 13020025839 ns, Reaching safepoint: 83833 ns, Cleanup: 56375 ns, At safepoint: 12083 ns, Total: 152291 ns
[2025-10-08T06:37:05.696+0000][120][info ][safepoint   ] Safepoint "Cleanup", Time since last: 5007525253 ns, Reaching safepoint: 118083 ns, Cleanup: 111458 ns, At safepoint: 20875 ns, Total: 250416 ns
[2025-10-08T06:37:18.714+0000][120][info ][safepoint   ] Safepoint "Cleanup", Time since last: 13017300881 ns, Reaching safepoint: 72709 ns, Cleanup: 48416 ns, At safepoint: 12334 ns, Total: 133459 ns
[2025-10-08T06:37:30.732+0000][120][info ][safepoint   ] Safepoint "Cleanup", Time since last: 12017763130 ns, Reaching safepoint: 67541 ns, Cleanup: 130334 ns, At safepoint: 12458 ns, Total: 210333 ns
[2025-10-08T06:37:35.740+0000][120][info ][safepoint   ] Safepoint "Cleanup", Time since last: 5007931836 ns, Reaching safepoint: 19083 ns, Cleanup: 13667 ns, At safepoint: 7375 ns, Total: 40125 ns
[2025-10-08T06:37:48.753+0000][120][info ][safepoint   ] Safepoint "Cleanup", Time since last: 13012851256 ns, Reaching safepoint: 62791 ns, Cleanup: 36667 ns, At safepoint: 54583 ns, Total: 154041 ns
[2025-10-08T06:37:49.755+0000][120][info ][safepoint   ] Safepoint "Cleanup", Time since last: 1002251834 ns, Reaching safepoint: 81292 ns, Cleanup: 48708 ns, At safepoint: 17959 ns, Total: 147959 ns
[2025-10-08T06:38:00.773+0000][120][info ][safepoint   ] Safepoint "Cleanup", Time since last: 11017391171 ns, Reaching safepoint: 81292 ns, Cleanup: 41542 ns, At safepoint: 13333 ns, Total: 136167 ns
[2025-10-08T06:38:05.779+0000][120][info ][safepoint   ] Safepoint "Cleanup", Time since last: 5006175336 ns, Reaching safepoint: 84541 ns, Cleanup: 57000 ns, At safepoint: 14750 ns, Total: 156291 ns
[2025-10-08T06:38:18.803+0000][120][info ][safepoint   ] Safepoint "Cleanup", Time since last: 13023602423 ns, Reaching safepoint: 148250 ns, Cleanup: 35500 ns, At safepoint: 15708 ns, Total: 199458 ns
[2025-10-08T06:39:00.869+0000][120][info ][safepoint   ] Safepoint "Cleanup", Time since last: 42065546978 ns, Reaching safepoint: 76709 ns, Cleanup: 49541 ns, At safepoint: 22417 ns, Total: 148667 ns
[2025-10-08T06:39:05.879+0000][120][info ][safepoint   ] Safepoint "Cleanup", Time since last: 5009851794 ns, Reaching safepoint: 79292 ns, Cleanup: 112625 ns, At safepoint: 23666 ns, Total: 215583 ns
[2025-10-08T06:39:13.890+0000][120][info ][safepoint   ] Safepoint "Cleanup", Time since last: 8010969212 ns, Reaching safepoint: 154375 ns, Cleanup: 58917 ns, At safepoint: 12958 ns, Total: 226250 ns
[2025-10-08T06:39:18.898+0000][120][info ][safepoint   ] Safepoint "Cleanup", Time since last: 5007636378 ns, Reaching safepoint: 17250 ns, Cleanup: 16583 ns, At safepoint: 8000 ns, Total: 41833 ns
[2025-10-08T06:39:26.917+0000][120][info ][safepoint   ] Safepoint "Cleanup", Time since last: 8018544254 ns, Reaching safepoint: 20625 ns, Cleanup: 19250 ns, At safepoint: 17042 ns, Total: 56917 ns
[2025-10-08T06:39:30.924+0000][120][info ][safepoint   ] Safepoint "Cleanup", Time since last: 4006597917 ns, Reaching safepoint: 86334 ns, Cleanup: 49041 ns, At safepoint: 12625 ns, Total: 148000 ns
[2025-10-08T06:40:05.909+0000][120][info ][safepoint   ] Safepoint "Cleanup", Time since last: 34985182349 ns, Reaching safepoint: 73417 ns, Cleanup: 48542 ns, At safepoint: 22208 ns, Total: 144167 ns
[2025-10-08T06:40:10.922+0000][120][info ][safepoint   ] Safepoint "Cleanup", Time since last: 5012730544 ns, Reaching safepoint: 175958 ns, Cleanup: 36792 ns, At safepoint: 27667 ns, Total: 240417 ns
[2025-10-08T06:40:35.962+0000][120][info ][safepoint   ] Safepoint "Cleanup", Time since last: 25039166303 ns, Reaching safepoint: 171916 ns, Cleanup: 62875 ns, At safepoint: 24917 ns, Total: 259708 ns
[2025-10-08T06:41:46.995+0000][120][info ][safepoint   ] Safepoint "Cleanup", Time since last: 71033067783 ns, Reaching safepoint: 35875 ns, Cleanup: 23125 ns, At safepoint: 8791 ns, Total: 67791 ns
[2025-10-08T06:41:47.997+0000][120][info ][safepoint   ] Safepoint "Cleanup", Time since last: 1002288376 ns, Reaching safepoint: 80708 ns, Cleanup: 37542 ns, At safepoint: 13166 ns, Total: 131416 ns
[2025-10-08T06:41:48.999+0000][120][info ][safepoint   ] Safepoint "Cleanup", Time since last: 1001737293 ns, Reaching safepoint: 34333 ns, Cleanup: 109417 ns, At safepoint: 9500 ns, Total: 153250 ns
[2025-10-08T06:41:50.000+0000][120][info ][safepoint   ] Safepoint "Cleanup", Time since last: 1000520250 ns, Reaching safepoint: 60708 ns, Cleanup: 20959 ns, At safepoint: 12083 ns, Total: 93750 ns
[2025-10-08T06:42:01.019+0000][120][info ][safepoint   ] Safepoint "Cleanup", Time since last: 11018781172 ns, Reaching safepoint: 12625 ns, Cleanup: 12750 ns, At safepoint: 4750 ns, Total: 30125 ns
[2025-10-08T06:42:06.025+0000][120][info ][safepoint   ] Safepoint "Cleanup", Time since last: 5006626169 ns, Reaching safepoint: 64250 ns, Cleanup: 53291 ns, At safepoint: 15042 ns, Total: 132583 ns
[2025-10-08T06:42:17.044+0000][120][info ][safepoint   ] Safepoint "Cleanup", Time since last: 11018302422 ns, Reaching safepoint: 69292 ns, Cleanup: 24583 ns, At safepoint: 9167 ns, Total: 103042 ns
[2025-10-08T06:42:19.048+0000][120][info ][safepoint   ] Safepoint "Cleanup", Time since last: 2004504292 ns, Reaching safepoint: 34209 ns, Cleanup: 28208 ns, At safepoint: 9875 ns, Total: 72292 ns
[2025-10-08T06:42:31.073+0000][120][info ][safepoint   ] Safepoint "Cleanup", Time since last: 12023965464 ns, Reaching safepoint: 14625 ns, Cleanup: 13500 ns, At safepoint: 7208 ns, Total: 35333 ns
[2025-10-08T06:43:01.106+0000][120][info ][safepoint   ] Safepoint "Cleanup", Time since last: 30032547889 ns, Reaching safepoint: 12333 ns, Cleanup: 13125 ns, At safepoint: 5667 ns, Total: 31125 ns
[2025-10-08T06:43:05.112+0000][120][info ][safepoint   ] Safepoint "Cleanup", Time since last: 4005914168 ns, Reaching safepoint: 9417 ns, Cleanup: 13708 ns, At safepoint: 8959 ns, Total: 32084 ns
[2025-10-08T06:43:06.113+0000][120][info ][safepoint   ] Safepoint "Cleanup", Time since last: 1000898917 ns, Reaching safepoint: 101583 ns, Cleanup: 47875 ns, At safepoint: 22417 ns, Total: 171875 ns
[2025-10-08T06:44:01.258+0000][120][info ][safepoint   ] Safepoint "Cleanup", Time since last: 55145010442 ns, Reaching safepoint: 11833 ns, Cleanup: 10958 ns, At safepoint: 11792 ns, Total: 34583 ns
[2025-10-08T06:44:03.262+0000][120][info ][safepoint   ] Safepoint "Cleanup", Time since last: 2003531793 ns, Reaching safepoint: 84333 ns, Cleanup: 32958 ns, At safepoint: 15000 ns, Total: 132291 ns
[2025-10-08T06:44:55.351+0000][120][info ][safepoint   ] Safepoint "Cleanup", Time since last: 52089209233 ns, Reaching safepoint: 78666 ns, Cleanup: 46625 ns, At safepoint: 11792 ns, Total: 137083 ns
[2025-10-08T06:45:01.363+0000][120][info ][safepoint   ] Safepoint "Cleanup", Time since last: 6012284252 ns, Reaching safepoint: 10500 ns, Cleanup: 7167 ns, At safepoint: 4208 ns, Total: 21875 ns
[2025-10-08T06:45:05.374+0000][120][info ][safepoint   ] Safepoint "Cleanup", Time since last: 4010658836 ns, Reaching safepoint: 61500 ns, Cleanup: 52666 ns, At safepoint: 12084 ns, Total: 126250 ns
[2025-10-08T06:45:08.378+0000][120][info ][safepoint   ] Safepoint "Cleanup", Time since last: 3003609293 ns, Reaching safepoint: 78875 ns, Cleanup: 54291 ns, At safepoint: 12459 ns, Total: 145625 ns
[2025-10-08T06:45:13.387+0000][120][info ][safepoint   ] Safepoint "Cleanup", Time since last: 5008949544 ns, Reaching safepoint: 42875 ns, Cleanup: 34583 ns, At safepoint: 10834 ns, Total: 88292 ns
[2025-10-08T06:45:27.415+0000][120][info ][safepoint   ] Safepoint "Cleanup", Time since last: 14028231714 ns, Reaching safepoint: 40667 ns, Cleanup: 30666 ns, At safepoint: 8667 ns, Total: 80000 ns
[2025-10-08T06:45:28.418+0000][120][info ][safepoint   ] Safepoint "Cleanup", Time since last: 1002350625 ns, Reaching safepoint: 55209 ns, Cleanup: 49250 ns, At safepoint: 18875 ns, Total: 123334 ns
[2025-10-08T06:45:35.432+0000][120][info ][safepoint   ] Safepoint "Cleanup", Time since last: 7014150795 ns, Reaching safepoint: 105000 ns, Cleanup: 69458 ns, At safepoint: 25667 ns, Total: 200125 ns
[2025-10-08T06:46:01.531+0000][120][info ][safepoint   ] Safepoint "Cleanup", Time since last: 26099456553 ns, Reaching safepoint: 14083 ns, Cleanup: 22167 ns, At safepoint: 5292 ns, Total: 41542 ns
[2025-10-08T06:46:05.538+0000][120][info ][safepoint   ] Safepoint "Cleanup", Time since last: 4006421001 ns, Reaching safepoint: 90042 ns, Cleanup: 51208 ns, At safepoint: 19500 ns, Total: 160750 ns
[2025-10-08T06:46:47.647+0000][120][info ][safepoint   ] Safepoint "Cleanup", Time since last: 42108519812 ns, Reaching safepoint: 172625 ns, Cleanup: 64000 ns, At safepoint: 23708 ns, Total: 260333 ns
[2025-10-08T06:47:22.697+0000][120][info ][safepoint   ] Safepoint "Cleanup", Time since last: 35050478433 ns, Reaching safepoint: 66625 ns, Cleanup: 55000 ns, At safepoint: 46625 ns, Total: 168250 ns
[2025-10-08T06:47:50.666+0000][120][info ][safepoint   ] Safepoint "Cleanup", Time since last: 27967904888 ns, Reaching safepoint: 177041 ns, Cleanup: 68459 ns, At safepoint: 24083 ns, Total: 269583 ns
[2025-10-08T06:48:22.705+0000][120][info ][safepoint   ] Safepoint "Cleanup", Time since last: 32041484515 ns, Reaching safepoint: 77792 ns, Cleanup: 79541 ns, At safepoint: 14959 ns, Total: 172292 ns
[2025-10-08T06:49:22.956+0000][120][info ][safepoint   ] Safepoint "Cleanup", Time since last: 60248017111 ns, Reaching safepoint: 187625 ns, Cleanup: 41083 ns, At safepoint: 23792 ns, Total: 252500 ns
[2025-10-08T06:50:23.183+0000][120][info ][safepoint   ] Safepoint "Cleanup", Time since last: 60225969902 ns, Reaching safepoint: 111125 ns, Cleanup: 45417 ns, At safepoint: 36416 ns, Total: 192958 ns
[2025-10-08T06:50:49.153+0000][120][info ][safepoint   ] Safepoint "Cleanup", Time since last: 25969913429 ns, Reaching safepoint: 78375 ns, Cleanup: 48916 ns, At safepoint: 11167 ns, Total: 138458 ns
[2025-10-08T06:50:55.162+0000][120][info ][safepoint   ] Safepoint "Cleanup", Time since last: 6008843086 ns, Reaching safepoint: 162917 ns, Cleanup: 63333 ns, At safepoint: 19625 ns, Total: 245875 ns
[2025-10-08T06:51:18.195+0000][120][info ][safepoint   ] Safepoint "Cleanup", Time since last: 23033507760 ns, Reaching safepoint: 136000 ns, Cleanup: 44584 ns, At safepoint: 20208 ns, Total: 200792 ns
[2025-10-08T06:51:24.473+0000][120][info ][gc,start    ] GC(22) Pause Young (Normal) (G1 Evacuation Pause)
[2025-10-08T06:51:24.473+0000][120][info ][gc,task     ] GC(22) Using 8 workers of 8 for evacuation
[2025-10-08T06:51:24.473+0000][120][debug][gc,age      ] GC(22) Desired survivor size 41943040 bytes, new threshold 15 (max threshold 15)
[2025-10-08T06:51:24.500+0000][120][info ][gc,phases   ] GC(22)   Pre Evacuate Collection Set: 0.40ms
[2025-10-08T06:51:24.500+0000][120][info ][gc,phases   ] GC(22)   Merge Heap Roots: 0.15ms
[2025-10-08T06:51:24.500+0000][120][info ][gc,phases   ] GC(22)   Evacuate Collection Set: 23.92ms
[2025-10-08T06:51:24.500+0000][120][info ][gc,phases   ] GC(22)   Post Evacuate Collection Set: 1.95ms
[2025-10-08T06:51:24.500+0000][120][info ][gc,phases   ] GC(22)   Other: 0.21ms
[2025-10-08T06:51:24.500+0000][120][trace][gc,age      ] GC(22) Age table with threshold 15 (max threshold 15)
[2025-10-08T06:51:24.500+0000][120][trace][gc,age      ] GC(22) - age   1:     170600 bytes,     170600 total
[2025-10-08T06:51:24.500+0000][120][trace][gc,age      ] GC(22) - age   2:      65840 bytes,     236440 total
[2025-10-08T06:51:24.500+0000][120][trace][gc,age      ] GC(22) - age   3:      79736 bytes,     316176 total
[2025-10-08T06:51:24.500+0000][120][trace][gc,age      ] GC(22) - age   4:    1511144 bytes,    1827320 total
[2025-10-08T06:51:24.500+0000][120][trace][gc,age      ] GC(22) - age   5:     548696 bytes,    2376016 total
[2025-10-08T06:51:24.500+0000][120][trace][gc,age      ] GC(22) - age   6:   25923872 bytes,   28299888 total
[2025-10-08T06:51:24.500+0000][120][trace][gc,age      ] GC(22) - age   7:     543824 bytes,   28843712 total
[2025-10-08T06:51:24.501+0000][120][info ][gc,heap     ] GC(22) Eden regions: 145->0(145)
[2025-10-08T06:51:24.501+0000][120][info ][gc,heap     ] GC(22) Survivor regions: 8->8(20)
[2025-10-08T06:51:24.501+0000][120][info ][gc,heap     ] GC(22) Old regions: 29->29
[2025-10-08T06:51:24.501+0000][120][info ][gc,heap     ] GC(22) Humongous regions: 2->2
[2025-10-08T06:51:24.501+0000][120][info ][gc,metaspace] GC(22) Metaspace: 152797K(157120K)->152797K(157120K) NonClass: 131586K(133952K)->131586K(133952K) Class: 21211K(23168K)->21211K(23168K)
[2025-10-08T06:51:24.501+0000][120][info ][gc          ] GC(22) Pause Young (Normal) (G1 Evacuation Pause) 732M->151M(1024M) 27.721ms
[2025-10-08T06:51:24.501+0000][120][info ][gc,cpu      ] GC(22) User=0.20s Sys=0.00s Real=0.03s
[2025-10-08T06:51:24.501+0000][120][info ][safepoint   ] Safepoint "G1CollectForAllocation", Time since last: 6277676670 ns, Reaching safepoint: 20250 ns, Cleanup: 3416 ns, At safepoint: 27867209 ns, Total: 27890875 ns
[2025-10-08T06:51:43.233+0000][120][info ][safepoint   ] Safepoint "Cleanup", Time since last: 18731271883 ns, Reaching safepoint: 191500 ns, Cleanup: 55208 ns, At safepoint: 19542 ns, Total: 266250 ns
[2025-10-08T06:51:44.238+0000][120][info ][safepoint   ] Safepoint "Cleanup", Time since last: 1004881959 ns, Reaching safepoint: 81166 ns, Cleanup: 50250 ns, At safepoint: 14709 ns, Total: 146125 ns
[2025-10-08T06:51:47.258+0000][120][info ][safepoint   ] Safepoint "Cleanup", Time since last: 3019559334 ns, Reaching safepoint: 24792 ns, Cleanup: 33542 ns, At safepoint: 8041 ns, Total: 66375 ns
[2025-10-08T07:54:10.720+0000][120][info ][safepoint   ] Safepoint "Cleanup", Time since last: 32124811015 ns, Reaching safepoint: 105709 ns, Cleanup: 41166 ns, At safepoint: 12667 ns, Total: 159542 ns
[2025-10-08T07:54:12.724+0000][120][info ][safepoint   ] Safepoint "Cleanup", Time since last: 2004387334 ns, Reaching safepoint: 46417 ns, Cleanup: 21958 ns, At safepoint: 16375 ns, Total: 84750 ns
[2025-10-08T07:54:43.698+0000][120][info ][safepoint   ] Safepoint "Cleanup", Time since last: 30973175056 ns, Reaching safepoint: 93792 ns, Cleanup: 49291 ns, At safepoint: 19125 ns, Total: 162208 ns
[2025-10-08T08:10:48.574+0000][120][info ][safepoint   ] Safepoint "Cleanup", Time since last: 11020765839 ns, Reaching safepoint: 71666 ns, Cleanup: 14584 ns, At safepoint: 15125 ns, Total: 101375 ns
[2025-10-08T08:52:48.338+0000][120][info ][safepoint   ] Safepoint "Cleanup", Time since last: 104153505381 ns, Reaching safepoint: 11333 ns, Cleanup: 15167 ns, At safepoint: 6208 ns, Total: 32708 ns
[2025-10-08T08:53:50.754+0000][120][info ][safepoint   ] Safepoint "Cleanup", Time since last: 60202749403 ns, Reaching safepoint: 86583 ns, Cleanup: 51709 ns, At safepoint: 14833 ns, Total: 153125 ns
[2025-10-08T08:54:15.144+0000][120][info ][safepoint   ] Safepoint "Cleanup", Time since last: 23043191677 ns, Reaching safepoint: 161625 ns, Cleanup: 60833 ns, At safepoint: 11959 ns, Total: 234417 ns
[2025-10-08T08:54:50.876+0000][120][info ][safepoint   ] Safepoint "Cleanup", Time since last: 34973117932 ns, Reaching safepoint: 76292 ns, Cleanup: 46875 ns, At safepoint: 20541 ns, Total: 143708 ns
[2025-10-08T08:55:08.685+0000][120][info ][safepoint   ] Safepoint "Cleanup", Time since last: 17046208883 ns, Reaching safepoint: 87333 ns, Cleanup: 71500 ns, At safepoint: 15334 ns, Total: 174167 ns
[2025-10-08T08:55:15.706+0000][120][info ][safepoint   ] Safepoint "Cleanup", Time since last: 7020899211 ns, Reaching safepoint: 177750 ns, Cleanup: 41167 ns, At safepoint: 12542 ns, Total: 231459 ns
[2025-10-08T08:55:19.714+0000][120][info ][safepoint   ] Safepoint "Cleanup", Time since last: 4007605127 ns, Reaching safepoint: 93541 ns, Cleanup: 79292 ns, At safepoint: 13375 ns, Total: 186208 ns
[2025-10-08T08:55:24.728+0000][120][info ][safepoint   ] Safepoint "Cleanup", Time since last: 5014120044 ns, Reaching safepoint: 82500 ns, Cleanup: 41417 ns, At safepoint: 10708 ns, Total: 134625 ns
[2025-10-08T08:55:36.246+0000][120][info ][safepoint   ] Safepoint "Cleanup", Time since last: 10023962796 ns, Reaching safepoint: 67625 ns, Cleanup: 35041 ns, At safepoint: 12959 ns, Total: 115625 ns
[2025-10-08T08:55:51.292+0000][120][info ][safepoint   ] Safepoint "Cleanup", Time since last: 15045227757 ns, Reaching safepoint: 99750 ns, Cleanup: 38083 ns, At safepoint: 22917 ns, Total: 160750 ns
[2025-10-08T08:56:42.032+0000][120][info ][safepoint   ] Safepoint "Cleanup", Time since last: 48130514272 ns, Reaching safepoint: 68708 ns, Cleanup: 46917 ns, At safepoint: 14041 ns, Total: 129666 ns
[2025-10-08T08:56:57.007+0000][120][info ][safepoint   ] Safepoint "Cleanup", Time since last: 14974707633 ns, Reaching safepoint: 79375 ns, Cleanup: 47416 ns, At safepoint: 12875 ns, Total: 139666 ns
[2025-10-08T08:58:17.374+0000][120][info ][safepoint   ] Safepoint "Cleanup", Time since last: 76081883201 ns, Reaching safepoint: 81000 ns, Cleanup: 46125 ns, At safepoint: 12375 ns, Total: 139500 ns
[2025-10-08T08:58:34.510+0000][120][info ][safepoint   ] Safepoint "Cleanup", Time since last: 17135715425 ns, Reaching safepoint: 167791 ns, Cleanup: 61709 ns, At safepoint: 12083 ns, Total: 241583 ns
[2025-10-08T08:58:50.303+0000][120][info ][safepoint   ] Safepoint "Cleanup", Time since last: 14032154215 ns, Reaching safepoint: 86583 ns, Cleanup: 55958 ns, At safepoint: 14959 ns, Total: 157500 ns
[2025-10-08T08:59:39.262+0000][120][info ][safepoint   ] Safepoint "Cleanup", Time since last: 45035969229 ns, Reaching safepoint: 73917 ns, Cleanup: 60125 ns, At safepoint: 113000 ns, Total: 247042 ns
[2025-10-08T08:59:55.407+0000][120][info ][safepoint   ] Safepoint "Cleanup", Time since last: 14030478298 ns, Reaching safepoint: 87750 ns, Cleanup: 42417 ns, At safepoint: 14125 ns, Total: 144292 ns
[2025-10-08T09:00:28.477+0000][120][info ][safepoint   ] Safepoint "Cleanup", Time since last: 31111351014 ns, Reaching safepoint: 71459 ns, Cleanup: 70083 ns, At safepoint: 8958 ns, Total: 150500 ns
[2025-10-08T09:00:47.518+0000][120][info ][safepoint   ] Safepoint "Cleanup", Time since last: 19041831134 ns, Reaching safepoint: 24084 ns, Cleanup: 13833 ns, At safepoint: 37875 ns, Total: 75792 ns
[2025-10-08T09:01:17.049+0000][120][info ][safepoint   ] Safepoint "Cleanup", Time since last: 28080813929 ns, Reaching safepoint: 70458 ns, Cleanup: 39709 ns, At safepoint: 16458 ns, Total: 126625 ns
[2025-10-08T09:01:19.057+0000][120][info ][safepoint   ] Safepoint "Cleanup", Time since last: 2007852543 ns, Reaching safepoint: 88250 ns, Cleanup: 54041 ns, At safepoint: 15209 ns, Total: 157500 ns
[2025-10-08T09:01:31.048+0000][120][info ][safepoint   ] Safepoint "Cleanup", Time since last: 11027689254 ns, Reaching safepoint: 74459 ns, Cleanup: 104625 ns, At safepoint: 13958 ns, Total: 193042 ns
[2025-10-08T09:02:04.647+0000][120][info ][safepoint   ] Safepoint "Cleanup", Time since last: 32158083473 ns, Reaching safepoint: 79750 ns, Cleanup: 59375 ns, At safepoint: 13542 ns, Total: 152667 ns
[2025-10-08T09:04:04.386+0000][120][info ][safepoint   ] Safepoint "Cleanup", Time since last: 117199609720 ns, Reaching safepoint: 198584 ns, Cleanup: 51041 ns, At safepoint: 29500 ns, Total: 279125 ns
[2025-10-08T09:04:49.515+0000][120][info ][safepoint   ] Safepoint "Cleanup", Time since last: 45129625688 ns, Reaching safepoint: 124708 ns, Cleanup: 48584 ns, At safepoint: 20250 ns, Total: 193542 ns
[2025-10-08T09:05:05.818+0000][120][info ][safepoint   ] Safepoint "Cleanup", Time since last: 15030774464 ns, Reaching safepoint: 54042 ns, Cleanup: 32583 ns, At safepoint: 7750 ns, Total: 94375 ns
[2025-10-08T09:05:06.822+0000][120][info ][safepoint   ] Safepoint "Cleanup", Time since last: 1003466459 ns, Reaching safepoint: 72042 ns, Cleanup: 55375 ns, At safepoint: 14958 ns, Total: 142375 ns
[2025-10-08T09:05:31.346+0000][120][info ][safepoint   ] Safepoint "Cleanup", Time since last: 22999577218 ns, Reaching safepoint: 965167 ns, Cleanup: 77000 ns, At safepoint: 24917 ns, Total: 1067084 ns
[2025-10-08T09:10:41.426+0000][120][info ][safepoint   ] Safepoint "Cleanup", Time since last: 296347889261 ns, Reaching safepoint: 186542 ns, Cleanup: 93833 ns, At safepoint: 26375 ns, Total: 306750 ns
[2025-10-08T09:11:27.947+0000][120][info ][safepoint   ] Safepoint "Cleanup", Time since last: 45111867979 ns, Reaching safepoint: 170875 ns, Cleanup: 32667 ns, At safepoint: 10333 ns, Total: 213875 ns
[2025-10-08T09:11:36.988+0000][120][info ][safepoint   ] Safepoint "Cleanup", Time since last: 9041351629 ns, Reaching safepoint: 35417 ns, Cleanup: 26750 ns, At safepoint: 10000 ns, Total: 72167 ns
[2025-10-08T09:12:53.407+0000][120][info ][gc,start    ] GC(23) Pause Young (Normal) (G1 Evacuation Pause)
[2025-10-08T09:12:53.408+0000][120][info ][gc,task     ] GC(23) Using 8 workers of 8 for evacuation
[2025-10-08T09:12:53.409+0000][120][debug][gc,age      ] GC(23) Desired survivor size 41943040 bytes, new threshold 15 (max threshold 15)
[2025-10-08T09:12:53.451+0000][120][info ][gc,phases   ] GC(23)   Pre Evacuate Collection Set: 1.02ms
[2025-10-08T09:12:53.451+0000][120][info ][gc,phases   ] GC(23)   Merge Heap Roots: 0.35ms
[2025-10-08T09:12:53.451+0000][120][info ][gc,phases   ] GC(23)   Evacuate Collection Set: 36.56ms
[2025-10-08T09:12:53.451+0000][120][info ][gc,phases   ] GC(23)   Post Evacuate Collection Set: 3.68ms
[2025-10-08T09:12:53.451+0000][120][info ][gc,phases   ] GC(23)   Other: 0.53ms
[2025-10-08T09:12:53.451+0000][120][trace][gc,age      ] GC(23) Age table with threshold 15 (max threshold 15)
[2025-10-08T09:12:53.451+0000][120][trace][gc,age      ] GC(23) - age   1:     183712 bytes,     183712 total
[2025-10-08T09:12:53.451+0000][120][trace][gc,age      ] GC(23) - age   2:      83984 bytes,     267696 total
[2025-10-08T09:12:53.451+0000][120][trace][gc,age      ] GC(23) - age   3:      65840 bytes,     333536 total
[2025-10-08T09:12:53.451+0000][120][trace][gc,age      ] GC(23) - age   4:      76416 bytes,     409952 total
[2025-10-08T09:12:53.451+0000][120][trace][gc,age      ] GC(23) - age   5:    1503288 bytes,    1913240 total
[2025-10-08T09:12:53.451+0000][120][trace][gc,age      ] GC(23) - age   6:     513944 bytes,    2427184 total
[2025-10-08T09:12:53.451+0000][120][trace][gc,age      ] GC(23) - age   7:   25729320 bytes,   28156504 total
[2025-10-08T09:12:53.451+0000][120][trace][gc,age      ] GC(23) - age   8:     543824 bytes,   28700328 total
[2025-10-08T09:12:53.451+0000][120][info ][gc,heap     ] GC(23) Eden regions: 145->0(145)
[2025-10-08T09:12:53.451+0000][120][info ][gc,heap     ] GC(23) Survivor regions: 8->8(20)
[2025-10-08T09:12:53.451+0000][120][info ][gc,heap     ] GC(23) Old regions: 29->29
[2025-10-08T09:12:53.451+0000][120][info ][gc,heap     ] GC(23) Humongous regions: 2->2
[2025-10-08T09:12:53.451+0000][120][info ][gc,metaspace] GC(23) Metaspace: 152864K(157184K)->152864K(157184K) NonClass: 131651K(134016K)->131651K(134016K) Class: 21213K(23168K)->21213K(23168K)
[2025-10-08T09:12:53.452+0000][120][info ][gc          ] GC(23) Pause Young (Normal) (G1 Evacuation Pause) 731M->152M(1024M) 44.203ms
[2025-10-08T09:12:53.452+0000][120][info ][gc,cpu      ] GC(23) User=0.30s Sys=0.00s Real=0.04s
[2025-10-08T09:12:53.452+0000][120][info ][safepoint   ] Safepoint "G1CollectForAllocation", Time since last: 73500641907 ns, Reaching safepoint: 483000 ns, Cleanup: 14875 ns, At safepoint: 44609542 ns, Total: 45107417 ns
[2025-10-08T09:13:17.518+0000][120][info ][safepoint   ] Safepoint "Cleanup", Time since last: 24066421428 ns, Reaching safepoint: 73500 ns, Cleanup: 68042 ns, At safepoint: 15041 ns, Total: 156583 ns
[2025-10-08T09:14:44.872+0000][120][info ][safepoint   ] Safepoint "Cleanup", Time since last: 82883718996 ns, Reaching safepoint: 74959 ns, Cleanup: 67625 ns, At safepoint: 36666 ns, Total: 179250 ns
[2025-10-08T09:14:51.885+0000][120][info ][safepoint   ] Safepoint "Cleanup", Time since last: 7013110379 ns, Reaching safepoint: 88041 ns, Cleanup: 73000 ns, At safepoint: 14417 ns, Total: 175458 ns
[2025-10-08T09:15:03.785+0000][120][info ][safepoint   ] Safepoint "Cleanup", Time since last: 10028492130 ns, Reaching safepoint: 51500 ns, Cleanup: 27375 ns, At safepoint: 6208 ns, Total: 85083 ns
[2025-10-08T09:15:06.794+0000][120][info ][safepoint   ] Safepoint "Cleanup", Time since last: 3009193835 ns, Reaching safepoint: 93583 ns, Cleanup: 59625 ns, At safepoint: 20125 ns, Total: 173333 ns
[2025-10-08T09:15:33.100+0000][120][info ][safepoint   ] Safepoint "Cleanup", Time since last: 25134175845 ns, Reaching safepoint: 223500 ns, Cleanup: 64208 ns, At safepoint: 23125 ns, Total: 310833 ns
[2025-10-08T09:15:35.103+0000][120][info ][safepoint   ] Safepoint "Cleanup", Time since last: 2003113835 ns, Reaching safepoint: 80166 ns, Cleanup: 91792 ns, At safepoint: 16792 ns, Total: 188750 ns
[2025-10-08T09:16:06.436+0000][120][info ][safepoint   ] Safepoint "Cleanup", Time since last: 29988093139 ns, Reaching safepoint: 129375 ns, Cleanup: 44666 ns, At safepoint: 13250 ns, Total: 187291 ns
[2025-10-08T09:16:50.881+0000][120][info ][safepoint   ] Safepoint "Cleanup", Time since last: 43078260228 ns, Reaching safepoint: 66792 ns, Cleanup: 56333 ns, At safepoint: 13084 ns, Total: 136209 ns
[2025-10-08T09:17:28.683+0000][120][info ][safepoint   ] Safepoint "Cleanup", Time since last: 37077833517 ns, Reaching safepoint: 73833 ns, Cleanup: 35167 ns, At safepoint: 17917 ns, Total: 126917 ns
[2025-10-08T09:18:41.369+0000][120][info ][safepoint   ] Safepoint "Cleanup", Time since last: 70281378574 ns, Reaching safepoint: 357250 ns, Cleanup: 160208 ns, At safepoint: 36333 ns, Total: 553791 ns
[2025-10-08T09:19:20.485+0000][120][info ][safepoint   ] Safepoint "Cleanup", Time since last: 37977782893 ns, Reaching safepoint: 213208 ns, Cleanup: 50042 ns, At safepoint: 17875 ns, Total: 281125 ns
[2025-10-08T09:19:55.198+0000][120][info ][safepoint   ] Safepoint "Cleanup", Time since last: 34180386599 ns, Reaching safepoint: 68458 ns, Cleanup: 31292 ns, At safepoint: 12750 ns, Total: 112500 ns
[2025-10-08T09:20:14.029+0000][120][info ][safepoint   ] Safepoint "Cleanup", Time since last: 18035833424 ns, Reaching safepoint: 57959 ns, Cleanup: 35625 ns, At safepoint: 11083 ns, Total: 104667 ns
[2025-10-08T09:20:34.074+0000][120][info ][safepoint   ] Safepoint "Cleanup", Time since last: 20044702551 ns, Reaching safepoint: 127292 ns, Cleanup: 41250 ns, At safepoint: 12750 ns, Total: 181292 ns
[2025-10-08T09:20:57.612+0000][120][info ][safepoint   ] Safepoint "Cleanup", Time since last: 22007896802 ns, Reaching safepoint: 84250 ns, Cleanup: 40291 ns, At safepoint: 11875 ns, Total: 136416 ns
[2025-10-08T09:21:17.776+0000][120][info ][safepoint   ] Safepoint "Cleanup", Time since last: 18056760008 ns, Reaching safepoint: 76583 ns, Cleanup: 54667 ns, At safepoint: 12792 ns, Total: 144042 ns
[2025-10-08T09:38:15.351+0000][120][info ][safepoint   ] Safepoint "Cleanup", Time since last: 72122205490 ns, Reaching safepoint: 172500 ns, Cleanup: 44834 ns, At safepoint: 16583 ns, Total: 233917 ns
[2025-10-08T09:38:34.996+0000][120][info ][safepoint   ] Safepoint "Cleanup", Time since last: 18032798383 ns, Reaching safepoint: 63250 ns, Cleanup: 54042 ns, At safepoint: 10792 ns, Total: 128084 ns
[2025-10-08T09:41:55.295+0000][120][info ][safepoint   ] Safepoint "Cleanup", Time since last: 194431874547 ns, Reaching safepoint: 19417 ns, Cleanup: 19333 ns, At safepoint: 16250 ns, Total: 55000 ns
[2025-10-08T09:41:56.298+0000][120][info ][safepoint   ] Safepoint "Cleanup", Time since last: 1003012667 ns, Reaching safepoint: 86709 ns, Cleanup: 63791 ns, At safepoint: 13125 ns, Total: 163625 ns
[2025-10-08T09:43:19.737+0000][120][info ][safepoint   ] Safepoint "Cleanup", Time since last: 81077533203 ns, Reaching safepoint: 87209 ns, Cleanup: 113541 ns, At safepoint: 14125 ns, Total: 214875 ns
[2025-10-08T09:44:17.835+0000][120][info ][safepoint   ] Safepoint "Cleanup", Time since last: 54199929317 ns, Reaching safepoint: 76166 ns, Cleanup: 35750 ns, At safepoint: 15625 ns, Total: 127541 ns
[2025-10-08T09:46:03.101+0000][120][info ][safepoint   ] Safepoint "Cleanup", Time since last: 101260436255 ns, Reaching safepoint: 65709 ns, Cleanup: 45708 ns, At safepoint: 37167 ns, Total: 148584 ns
[2025-10-08T09:47:00.566+0000][120][info ][safepoint   ] Safepoint "Cleanup", Time since last: 55121476232 ns, Reaching safepoint: 59209 ns, Cleanup: 13333 ns, At safepoint: 9125 ns, Total: 81667 ns
[2025-10-08T09:50:00.116+0000][120][info ][safepoint   ] Safepoint "Cleanup", Time since last: 174355195413 ns, Reaching safepoint: 167875 ns, Cleanup: 64833 ns, At safepoint: 31167 ns, Total: 263875 ns
[2025-10-08T09:52:12.419+0000][120][info ][safepoint   ] Safepoint "Cleanup", Time since last: 126412079890 ns, Reaching safepoint: 50792 ns, Cleanup: 15125 ns, At safepoint: 19833 ns, Total: 85750 ns
[2025-10-08T09:52:15.490+0000][120][info ][safepoint   ] Safepoint "Cleanup", Time since last: 3071294751 ns, Reaching safepoint: 89875 ns, Cleanup: 41875 ns, At safepoint: 16667 ns, Total: 148417 ns
[2025-10-08T09:52:17.244+0000][120][info ][safepoint   ] Safepoint "Cleanup", Time since last: 1753725543 ns, Reaching safepoint: 72250 ns, Cleanup: 49250 ns, At safepoint: 11291 ns, Total: 132791 ns
[2025-10-08T09:52:33.376+0000][120][info ][gc,start    ] GC(24) Pause Young (Normal) (G1 Evacuation Pause)
[2025-10-08T09:52:33.377+0000][120][info ][gc,task     ] GC(24) Using 8 workers of 8 for evacuation
[2025-10-08T09:52:33.377+0000][120][debug][gc,age      ] GC(24) Desired survivor size 41943040 bytes, new threshold 15 (max threshold 15)
[2025-10-08T09:52:33.409+0000][120][info ][gc,phases   ] GC(24)   Pre Evacuate Collection Set: 0.93ms
[2025-10-08T09:52:33.410+0000][120][info ][gc,phases   ] GC(24)   Merge Heap Roots: 0.25ms
[2025-10-08T09:52:33.410+0000][120][info ][gc,phases   ] GC(24)   Evacuate Collection Set: 27.96ms
[2025-10-08T09:52:33.410+0000][120][info ][gc,phases   ] GC(24)   Post Evacuate Collection Set: 2.75ms
[2025-10-08T09:52:33.410+0000][120][info ][gc,phases   ] GC(24)   Other: 0.72ms
[2025-10-08T09:52:33.410+0000][120][trace][gc,age      ] GC(24) Age table with threshold 15 (max threshold 15)
[2025-10-08T09:52:33.410+0000][120][trace][gc,age      ] GC(24) - age   1:     134384 bytes,     134384 total
[2025-10-08T09:52:33.410+0000][120][trace][gc,age      ] GC(24) - age   2:      82416 bytes,     216800 total
[2025-10-08T09:52:33.410+0000][120][trace][gc,age      ] GC(24) - age   3:      83656 bytes,     300456 total
[2025-10-08T09:52:33.410+0000][120][trace][gc,age      ] GC(24) - age   4:      65840 bytes,     366296 total
[2025-10-08T09:52:33.410+0000][120][trace][gc,age      ] GC(24) - age   5:      76376 bytes,     442672 total
[2025-10-08T09:52:33.410+0000][120][trace][gc,age      ] GC(24) - age   6:    1503288 bytes,    1945960 total
[2025-10-08T09:52:33.410+0000][120][trace][gc,age      ] GC(24) - age   7:     513944 bytes,    2459904 total
[2025-10-08T09:52:33.410+0000][120][trace][gc,age      ] GC(24) - age   8:   25729088 bytes,   28188992 total
[2025-10-08T09:52:33.410+0000][120][trace][gc,age      ] GC(24) - age   9:     543824 bytes,   28732816 total
[2025-10-08T09:52:33.410+0000][120][info ][gc,heap     ] GC(24) Eden regions: 145->0(145)
[2025-10-08T09:52:33.410+0000][120][info ][gc,heap     ] GC(24) Survivor regions: 8->8(20)
[2025-10-08T09:52:33.410+0000][120][info ][gc,heap     ] GC(24) Old regions: 29->29
[2025-10-08T09:52:33.410+0000][120][info ][gc,heap     ] GC(24) Humongous regions: 2->2
[2025-10-08T09:52:33.410+0000][120][info ][gc,metaspace] GC(24) Metaspace: 152962K(157312K)->152962K(157312K) NonClass: 131748K(134144K)->131748K(134144K) Class: 21213K(23168K)->21213K(23168K)
[2025-10-08T09:52:33.410+0000][120][info ][gc          ] GC(24) Pause Young (Normal) (G1 Evacuation Pause) 732M->151M(1024M) 34.099ms
[2025-10-08T09:52:33.411+0000][120][info ][gc,cpu      ] GC(24) User=0.23s Sys=0.00s Real=0.04s
[2025-10-08T09:52:33.411+0000][120][info ][safepoint   ] Safepoint "G1CollectForAllocation", Time since last: 14605483173 ns, Reaching safepoint: 186833 ns, Cleanup: 17500 ns, At safepoint: 34425625 ns, Total: 34629958 ns
[2025-10-08T09:53:09.441+0000][120][info ][safepoint   ] Safepoint "Cleanup", Time since last: 35072512224 ns, Reaching safepoint: 145959 ns, Cleanup: 45416 ns, At safepoint: 15834 ns, Total: 207209 ns
[2025-10-08T09:54:52.488+0000][120][info ][safepoint   ] Safepoint "Cleanup", Time since last: 99582161753 ns, Reaching safepoint: 138125 ns, Cleanup: 105750 ns, At safepoint: 22375 ns, Total: 266250 ns
[2025-10-08T09:57:34.582+0000][120][info ][safepoint   ] Safepoint "Cleanup", Time since last: 149429334486 ns, Reaching safepoint: 72916 ns, Cleanup: 62667 ns, At safepoint: 15750 ns, Total: 151333 ns
[2025-10-08T09:58:21.726+0000][120][info ][safepoint   ] Safepoint "Cleanup", Time since last: 42894504019 ns, Reaching safepoint: 83667 ns, Cleanup: 71958 ns, At safepoint: 13334 ns, Total: 168959 ns
[2025-10-08T09:59:02.519+0000][120][info ][safepoint   ] Safepoint "Cleanup", Time since last: 38192881184 ns, Reaching safepoint: 51083 ns, Cleanup: 9750 ns, At safepoint: 8042 ns, Total: 68875 ns
[2025-10-08T09:59:22.692+0000][120][info ][safepoint   ] Safepoint "Cleanup", Time since last: 19053889050 ns, Reaching safepoint: 78667 ns, Cleanup: 50083 ns, At safepoint: 21000 ns, Total: 149750 ns
[2025-10-08T10:02:31.978+0000][120][info ][safepoint   ] Safepoint "Cleanup", Time since last: 183472290292 ns, Reaching safepoint: 78375 ns, Cleanup: 73917 ns, At safepoint: 12875 ns, Total: 165167 ns
[2025-10-08T10:03:02.990+0000][120][info ][safepoint   ] Safepoint "Cleanup", Time since last: 30042083472 ns, Reaching safepoint: 64167 ns, Cleanup: 41708 ns, At safepoint: 14417 ns, Total: 120292 ns
[2025-10-08T10:03:11.008+0000][120][info ][safepoint   ] Safepoint "Cleanup", Time since last: 8017978712 ns, Reaching safepoint: 12833 ns, Cleanup: 10959 ns, At safepoint: 5583 ns, Total: 29375 ns
[2025-10-08T10:03:44.117+0000][120][info ][safepoint   ] Safepoint "Cleanup", Time since last: 30138954930 ns, Reaching safepoint: 12417 ns, Cleanup: 42667 ns, At safepoint: 5250 ns, Total: 60334 ns
[2025-10-08T10:04:07.470+0000][120][info ][safepoint   ] Safepoint "Cleanup", Time since last: 22005814052 ns, Reaching safepoint: 24291 ns, Cleanup: 61792 ns, At safepoint: 9042 ns, Total: 95125 ns
[2025-10-08T10:04:15.487+0000][120][info ][safepoint   ] Safepoint "Cleanup", Time since last: 8016888378 ns, Reaching safepoint: 12625 ns, Cleanup: 15584 ns, At safepoint: 4875 ns, Total: 33084 ns
[2025-10-08T10:04:47.097+0000][120][info ][safepoint   ] Safepoint "Cleanup", Time since last: 30068340763 ns, Reaching safepoint: 18292 ns, Cleanup: 17791 ns, At safepoint: 10292 ns, Total: 46375 ns
[2025-10-08T10:05:19.354+0000][120][info ][safepoint   ] Safepoint "Cleanup", Time since last: 30072722556 ns, Reaching safepoint: 41458 ns, Cleanup: 23208 ns, At safepoint: 9292 ns, Total: 73958 ns
[2025-10-08T10:05:50.815+0000][120][info ][safepoint   ] Safepoint "Cleanup", Time since last: 30056768805 ns, Reaching safepoint: 52500 ns, Cleanup: 44500 ns, At safepoint: 10833 ns, Total: 107833 ns
[2025-10-08T10:06:28.700+0000][120][info ][safepoint   ] Safepoint "Cleanup", Time since last: 37114174601 ns, Reaching safepoint: 196292 ns, Cleanup: 32791 ns, At safepoint: 19667 ns, Total: 248750 ns
[2025-10-08T10:10:00.899+0000][120][info ][safepoint   ] Safepoint "Cleanup", Time since last: 203352519592 ns, Reaching safepoint: 29334 ns, Cleanup: 8625 ns, At safepoint: 5375 ns, Total: 43334 ns
[2025-10-08T10:12:04.908+0000][120][info ][safepoint   ] Safepoint "Cleanup", Time since last: 112439917676 ns, Reaching safepoint: 138750 ns, Cleanup: 79416 ns, At safepoint: 12167 ns, Total: 230333 ns
[2025-10-08T10:12:20.944+0000][120][info ][safepoint   ] Safepoint "Cleanup", Time since last: 16035134258 ns, Reaching safepoint: 74875 ns, Cleanup: 60041 ns, At safepoint: 12750 ns, Total: 147666 ns
[2025-10-08T10:12:44.797+0000][120][info ][safepoint   ] Safepoint "Cleanup", Time since last: 21949077343 ns, Reaching safepoint: 23584 ns, Cleanup: 9625 ns, At safepoint: 3208 ns, Total: 36417 ns
[2025-10-08T10:13:09.845+0000][120][info ][safepoint   ] Safepoint "Cleanup", Time since last: 23051334552 ns, Reaching safepoint: 142458 ns, Cleanup: 54167 ns, At safepoint: 13333 ns, Total: 209958 ns
[2025-10-08T10:13:22.865+0000][120][info ][safepoint   ] Safepoint "Cleanup", Time since last: 13020287382 ns, Reaching safepoint: 76833 ns, Cleanup: 45000 ns, At safepoint: 11417 ns, Total: 133250 ns
[2025-10-08T10:13:55.107+0000][120][info ][safepoint   ] Safepoint "Cleanup", Time since last: 30096813805 ns, Reaching safepoint: 167625 ns, Cleanup: 30458 ns, At safepoint: 18500 ns, Total: 216583 ns
[2025-10-08T10:15:53.389+0000][120][info ][safepoint   ] Safepoint "Cleanup", Time since last: 114235356177 ns, Reaching safepoint: 51042 ns, Cleanup: 17041 ns, At safepoint: 7417 ns, Total: 75500 ns
[2025-10-08T10:16:18.436+0000][120][info ][safepoint   ] Safepoint "Cleanup", Time since last: 23035649552 ns, Reaching safepoint: 120042 ns, Cleanup: 40083 ns, At safepoint: 11583 ns, Total: 171708 ns
[2025-10-08T10:16:25.452+0000][120][info ][safepoint   ] Safepoint "Cleanup", Time since last: 7015839045 ns, Reaching safepoint: 56167 ns, Cleanup: 28167 ns, At safepoint: 13333 ns, Total: 97667 ns
[2025-10-08T10:16:33.473+0000][120][info ][safepoint   ] Safepoint "Cleanup", Time since last: 8020665254 ns, Reaching safepoint: 39041 ns, Cleanup: 32459 ns, At safepoint: 9000 ns, Total: 80500 ns
[2025-10-08T10:16:49.682+0000][120][info ][gc,start    ] GC(25) Pause Young (Normal) (G1 Evacuation Pause)
[2025-10-08T10:16:49.683+0000][120][info ][gc,task     ] GC(25) Using 8 workers of 8 for evacuation
[2025-10-08T10:16:49.683+0000][120][debug][gc,age      ] GC(25) Desired survivor size 41943040 bytes, new threshold 15 (max threshold 15)
[2025-10-08T10:16:49.702+0000][120][info ][gc,phases   ] GC(25)   Pre Evacuate Collection Set: 0.51ms
[2025-10-08T10:16:49.703+0000][120][info ][gc,phases   ] GC(25)   Merge Heap Roots: 0.18ms
[2025-10-08T10:16:49.703+0000][120][info ][gc,phases   ] GC(25)   Evacuate Collection Set: 16.64ms
[2025-10-08T10:16:49.703+0000][120][info ][gc,phases   ] GC(25)   Post Evacuate Collection Set: 1.59ms
[2025-10-08T10:16:49.703+0000][120][info ][gc,phases   ] GC(25)   Other: 0.36ms
[2025-10-08T10:16:49.703+0000][120][trace][gc,age      ] GC(25) Age table with threshold 15 (max threshold 15)
[2025-10-08T10:16:49.703+0000][120][trace][gc,age      ] GC(25) - age   1:     113136 bytes,     113136 total
[2025-10-08T10:16:49.703+0000][120][trace][gc,age      ] GC(25) - age   2:      26536 bytes,     139672 total
[2025-10-08T10:16:49.703+0000][120][trace][gc,age      ] GC(25) - age   3:      82120 bytes,     221792 total
[2025-10-08T10:16:49.703+0000][120][trace][gc,age      ] GC(25) - age   4:      83208 bytes,     305000 total
[2025-10-08T10:16:49.703+0000][120][trace][gc,age      ] GC(25) - age   5:      65768 bytes,     370768 total
[2025-10-08T10:16:49.703+0000][120][trace][gc,age      ] GC(25) - age   6:      76344 bytes,     447112 total
[2025-10-08T10:16:49.703+0000][120][trace][gc,age      ] GC(25) - age   7:    1503288 bytes,    1950400 total
[2025-10-08T10:16:49.703+0000][120][trace][gc,age      ] GC(25) - age   8:     513944 bytes,    2464344 total
[2025-10-08T10:16:49.703+0000][120][trace][gc,age      ] GC(25) - age   9:   25728944 bytes,   28193288 total
[2025-10-08T10:16:49.703+0000][120][trace][gc,age      ] GC(25) - age  10:     543824 bytes,   28737112 total
[2025-10-08T10:16:49.703+0000][120][info ][gc,heap     ] GC(25) Eden regions: 145->0(145)
[2025-10-08T10:16:49.703+0000][120][info ][gc,heap     ] GC(25) Survivor regions: 8->8(20)
[2025-10-08T10:16:49.703+0000][120][info ][gc,heap     ] GC(25) Old regions: 29->29
[2025-10-08T10:16:49.703+0000][120][info ][gc,heap     ] GC(25) Humongous regions: 2->2
[2025-10-08T10:16:49.703+0000][120][info ][gc,metaspace] GC(25) Metaspace: 153066K(157376K)->153066K(157376K) NonClass: 131852K(134208K)->131852K(134208K) Class: 21213K(23168K)->21213K(23168K)
[2025-10-08T10:16:49.704+0000][120][info ][gc          ] GC(25) Pause Young (Normal) (G1 Evacuation Pause) 731M->152M(1024M) 21.135ms
[2025-10-08T10:16:49.704+0000][120][info ][gc,cpu      ] GC(25) User=0.11s Sys=0.00s Real=0.03s
[2025-10-08T10:16:49.704+0000][120][info ][safepoint   ] Safepoint "G1CollectForAllocation", Time since last: 16210431798 ns, Reaching safepoint: 142209 ns, Cleanup: 16583 ns, At safepoint: 21347125 ns, Total: 21505917 ns
[2025-10-08T10:17:53.984+0000][120][info ][safepoint   ] Safepoint "Cleanup", Time since last: 59011640027 ns, Reaching safepoint: 158042 ns, Cleanup: 105875 ns, At safepoint: 27375 ns, Total: 291292 ns
[2025-10-08T10:19:05.611+0000][120][info ][safepoint   ] Safepoint "Cleanup", Time since last: 67188797780 ns, Reaching safepoint: 174459 ns, Cleanup: 45291 ns, At safepoint: 15750 ns, Total: 235500 ns
[2025-10-08T10:21:18.557+0000][120][info ][safepoint   ] Safepoint "Cleanup", Time since last: 127397123142 ns, Reaching safepoint: 168125 ns, Cleanup: 66000 ns, At safepoint: 20500 ns, Total: 254625 ns
[2025-10-08T10:22:04.779+0000][120][info ][safepoint   ] Safepoint "Cleanup", Time since last: 44218945394 ns, Reaching safepoint: 88959 ns, Cleanup: 71166 ns, At safepoint: 20250 ns, Total: 180375 ns
[2025-10-08T10:25:53.827+0000][120][info ][safepoint   ] Safepoint "Cleanup", Time since last: 219455516184 ns, Reaching safepoint: 54167 ns, Cleanup: 35208 ns, At safepoint: 8458 ns, Total: 97833 ns
[2025-10-08T10:26:17.779+0000][120][info ][safepoint   ] Safepoint "Cleanup", Time since last: 23025157761 ns, Reaching safepoint: 68875 ns, Cleanup: 50625 ns, At safepoint: 16791 ns, Total: 136291 ns
[2025-10-08T10:26:58.958+0000][120][info ][safepoint   ] Safepoint "Cleanup", Time since last: 40155807269 ns, Reaching safepoint: 164042 ns, Cleanup: 58500 ns, At safepoint: 18791 ns, Total: 241333 ns
[2025-10-08T10:28:54.139+0000][120][info ][safepoint   ] Safepoint "Cleanup", Time since last: 110211666342 ns, Reaching safepoint: 13250 ns, Cleanup: 12667 ns, At safepoint: 26416 ns, Total: 52333 ns
[2025-10-08T10:31:26.751+0000][120][info ][safepoint   ] Safepoint "Cleanup", Time since last: 147849819526 ns, Reaching safepoint: 82875 ns, Cleanup: 71291 ns, At safepoint: 17250 ns, Total: 171416 ns
[2025-10-08T10:32:28.401+0000][120][info ][safepoint   ] Safepoint "Cleanup", Time since last: 59384861653 ns, Reaching safepoint: 34667 ns, Cleanup: 30916 ns, At safepoint: 20084 ns, Total: 85667 ns
[2025-10-08T10:32:33.411+0000][120][info ][safepoint   ] Safepoint "Cleanup", Time since last: 5009861586 ns, Reaching safepoint: 74708 ns, Cleanup: 43875 ns, At safepoint: 12625 ns, Total: 131208 ns
[2025-10-08T10:34:05.879+0000][120][info ][safepoint   ] Safepoint "Cleanup", Time since last: 89254860457 ns, Reaching safepoint: 127791 ns, Cleanup: 38667 ns, At safepoint: 17875 ns, Total: 184333 ns
[2025-10-08T10:34:16.961+0000][120][info ][safepoint   ] Safepoint "Cleanup", Time since last: 11081376963 ns, Reaching safepoint: 70917 ns, Cleanup: 39125 ns, At safepoint: 14375 ns, Total: 124417 ns
[2025-10-08T10:36:47.625+0000][120][info ][safepoint   ] Safepoint "Cleanup", Time since last: 145330344107 ns, Reaching safepoint: 130250 ns, Cleanup: 43584 ns, At safepoint: 13458 ns, Total: 187292 ns
[2025-10-08T10:36:57.651+0000][120][info ][safepoint   ] Safepoint "Cleanup", Time since last: 10025002088 ns, Reaching safepoint: 64833 ns, Cleanup: 61917 ns, At safepoint: 12042 ns, Total: 138792 ns
[2025-10-08T10:37:45.688+0000][120][info ][safepoint   ] Safepoint "Cleanup", Time since last: 44081773312 ns, Reaching safepoint: 140792 ns, Cleanup: 45416 ns, At safepoint: 13125 ns, Total: 199333 ns
[2025-10-08T10:39:27.465+0000][120][info ][safepoint   ] Safepoint "Cleanup", Time since last: 96279381086 ns, Reaching safepoint: 113125 ns, Cleanup: 34709 ns, At safepoint: 28791 ns, Total: 176625 ns
[2025-10-08T10:39:51.597+0000][120][info ][safepoint   ] Safepoint "Cleanup", Time since last: 24044164053 ns, Reaching safepoint: 135500 ns, Cleanup: 39042 ns, At safepoint: 17958 ns, Total: 192500 ns
[2025-10-08T10:39:57.605+0000][120][info ][safepoint   ] Safepoint "Cleanup", Time since last: 6008288628 ns, Reaching safepoint: 59875 ns, Cleanup: 27583 ns, At safepoint: 9708 ns, Total: 97166 ns
[2025-10-08T10:40:07.624+0000][120][info ][safepoint   ] Safepoint "Cleanup", Time since last: 10018614672 ns, Reaching safepoint: 87541 ns, Cleanup: 48917 ns, At safepoint: 16542 ns, Total: 153000 ns
[2025-10-08T10:40:28.393+0000][120][info ][safepoint   ] Safepoint "Cleanup", Time since last: 20042352759 ns, Reaching safepoint: 201750 ns, Cleanup: 52875 ns, At safepoint: 16333 ns, Total: 270958 ns
[2025-10-08T10:40:32.398+0000][120][info ][safepoint   ] Safepoint "Cleanup", Time since last: 4004911127 ns, Reaching safepoint: 89709 ns, Cleanup: 65458 ns, At safepoint: 12875 ns, Total: 168042 ns
[2025-10-08T10:40:49.902+0000][120][info ][gc,start    ] GC(26) Pause Young (Normal) (G1 Evacuation Pause)
[2025-10-08T10:40:49.902+0000][120][info ][gc,task     ] GC(26) Using 8 workers of 8 for evacuation
[2025-10-08T10:40:49.902+0000][120][debug][gc,age      ] GC(26) Desired survivor size 41943040 bytes, new threshold 15 (max threshold 15)
[2025-10-08T10:40:49.928+0000][120][info ][gc,phases   ] GC(26)   Pre Evacuate Collection Set: 0.77ms
[2025-10-08T10:40:49.928+0000][120][info ][gc,phases   ] GC(26)   Merge Heap Roots: 0.21ms
[2025-10-08T10:40:49.928+0000][120][info ][gc,phases   ] GC(26)   Evacuate Collection Set: 22.51ms
[2025-10-08T10:40:49.928+0000][120][info ][gc,phases   ] GC(26)   Post Evacuate Collection Set: 1.84ms
[2025-10-08T10:40:49.928+0000][120][info ][gc,phases   ] GC(26)   Other: 0.48ms
[2025-10-08T10:40:49.928+0000][120][trace][gc,age      ] GC(26) Age table with threshold 15 (max threshold 15)
[2025-10-08T10:40:49.928+0000][120][trace][gc,age      ] GC(26) - age   1:     126456 bytes,     126456 total
[2025-10-08T10:40:49.928+0000][120][trace][gc,age      ] GC(26) - age   2:      22848 bytes,     149304 total
[2025-10-08T10:40:49.928+0000][120][trace][gc,age      ] GC(26) - age   3:      26536 bytes,     175840 total
[2025-10-08T10:40:49.928+0000][120][trace][gc,age      ] GC(26) - age   4:      82080 bytes,     257920 total
[2025-10-08T10:40:49.929+0000][120][trace][gc,age      ] GC(26) - age   5:      83136 bytes,     341056 total
[2025-10-08T10:40:49.929+0000][120][trace][gc,age      ] GC(26) - age   6:      65736 bytes,     406792 total
[2025-10-08T10:40:49.929+0000][120][trace][gc,age      ] GC(26) - age   7:      76344 bytes,     483136 total
[2025-10-08T10:40:49.929+0000][120][trace][gc,age      ] GC(26) - age   8:    1503288 bytes,    1986424 total
[2025-10-08T10:40:49.929+0000][120][trace][gc,age      ] GC(26) - age   9:     513944 bytes,    2500368 total
[2025-10-08T10:40:49.929+0000][120][trace][gc,age      ] GC(26) - age  10:   25728944 bytes,   28229312 total
[2025-10-08T10:40:49.929+0000][120][trace][gc,age      ] GC(26) - age  11:     543824 bytes,   28773136 total
[2025-10-08T10:40:49.929+0000][120][info ][gc,heap     ] GC(26) Eden regions: 145->0(145)
[2025-10-08T10:40:49.929+0000][120][info ][gc,heap     ] GC(26) Survivor regions: 8->8(20)
[2025-10-08T10:40:49.929+0000][120][info ][gc,heap     ] GC(26) Old regions: 29->29
[2025-10-08T10:40:49.929+0000][120][info ][gc,heap     ] GC(26) Humongous regions: 2->2
[2025-10-08T10:40:49.929+0000][120][info ][gc,metaspace] GC(26) Metaspace: 153120K(157440K)->153120K(157440K) NonClass: 131906K(134272K)->131906K(134272K) Class: 21213K(23168K)->21213K(23168K)
[2025-10-08T10:40:49.929+0000][120][info ][gc          ] GC(26) Pause Young (Normal) (G1 Evacuation Pause) 732M->151M(1024M) 27.352ms
[2025-10-08T10:40:49.929+0000][120][info ][gc,cpu      ] GC(26) User=0.18s Sys=0.00s Real=0.03s
[2025-10-08T10:40:49.929+0000][120][info ][safepoint   ] Safepoint "G1CollectForAllocation", Time since last: 17172010924 ns, Reaching safepoint: 130917 ns, Cleanup: 10917 ns, At safepoint: 27590333 ns, Total: 27732167 ns
[2025-10-08T10:45:14.369+0000][120][info ][safepoint   ] Safepoint "Cleanup", Time since last: 253053531823 ns, Reaching safepoint: 73542 ns, Cleanup: 51708 ns, At safepoint: 22208 ns, Total: 147458 ns
[2025-10-08T10:46:12.476+0000][120][info ][safepoint   ] Safepoint "Cleanup", Time since last: 57119634151 ns, Reaching safepoint: 118667 ns, Cleanup: 46458 ns, At safepoint: 17250 ns, Total: 182375 ns
[2025-10-08T10:46:37.476+0000][120][info ][safepoint   ] Safepoint "Cleanup", Time since last: 24052674386 ns, Reaching safepoint: 87375 ns, Cleanup: 45292 ns, At safepoint: 14708 ns, Total: 147375 ns
[2025-10-08T10:47:49.427+0000][120][info ][safepoint   ] Safepoint "Cleanup", Time since last: 69267230949 ns, Reaching safepoint: 81000 ns, Cleanup: 33500 ns, At safepoint: 13250 ns, Total: 127750 ns
[2025-10-08T10:48:20.307+0000][120][info ][safepoint   ] Safepoint "Cleanup", Time since last: 30046170639 ns, Reaching safepoint: 203541 ns, Cleanup: 70459 ns, At safepoint: 20125 ns, Total: 294125 ns
[2025-10-08T10:50:21.619+0000][120][info ][safepoint   ] Safepoint "Cleanup", Time since last: 110208044425 ns, Reaching safepoint: 81708 ns, Cleanup: 74542 ns, At safepoint: 17125 ns, Total: 173375 ns
[2025-10-08T10:50:59.625+0000][120][info ][safepoint   ] Safepoint "Cleanup", Time since last: 36117721767 ns, Reaching safepoint: 37083 ns, Cleanup: 12208 ns, At safepoint: 5750 ns, Total: 55041 ns
[2025-10-08T10:51:03.637+0000][120][info ][safepoint   ] Safepoint "Cleanup", Time since last: 4011436544 ns, Reaching safepoint: 170000 ns, Cleanup: 88416 ns, At safepoint: 18959 ns, Total: 277375 ns
[2025-10-08T10:52:19.589+0000][120][info ][safepoint   ] Safepoint "Cleanup", Time since last: 71953528907 ns, Reaching safepoint: 80125 ns, Cleanup: 25500 ns, At safepoint: 17375 ns, Total: 123000 ns
[2025-10-08T10:53:00.975+0000][120][info ][safepoint   ] Safepoint "Cleanup", Time since last: 39091604060 ns, Reaching safepoint: 59666 ns, Cleanup: 39667 ns, At safepoint: 103750 ns, Total: 203083 ns
[2025-10-08T10:53:09.990+0000][120][info ][safepoint   ] Safepoint "Cleanup", Time since last: 9014584838 ns, Reaching safepoint: 95916 ns, Cleanup: 91334 ns, At safepoint: 19416 ns, Total: 206666 ns
[2025-10-08T10:55:45.320+0000][120][info ][safepoint   ] Safepoint "Cleanup", Time since last: 147275974650 ns, Reaching safepoint: 12667 ns, Cleanup: 12166 ns, At safepoint: 5459 ns, Total: 30292 ns
[2025-10-08T11:00:27.881+0000][120][info ][safepoint   ] Safepoint "Cleanup", Time since last: 271714792664 ns, Reaching safepoint: 85542 ns, Cleanup: 85000 ns, At safepoint: 98667 ns, Total: 269209 ns
[2025-10-08T11:02:14.785+0000][120][info ][safepoint   ] Safepoint "Cleanup", Time since last: 101292199379 ns, Reaching safepoint: 90875 ns, Cleanup: 41000 ns, At safepoint: 14917 ns, Total: 146792 ns
[2025-10-08T11:04:57.910+0000][120][info ][gc,start    ] GC(27) Pause Young (Normal) (G1 Evacuation Pause)
[2025-10-08T11:04:57.919+0000][120][info ][gc,task     ] GC(27) Using 8 workers of 8 for evacuation
[2025-10-08T11:04:57.919+0000][120][debug][gc,age      ] GC(27) Desired survivor size 41943040 bytes, new threshold 15 (max threshold 15)
[2025-10-08T11:04:57.934+0000][120][info ][gc,phases   ] GC(27)   Pre Evacuate Collection Set: 0.35ms
[2025-10-08T11:04:57.934+0000][120][info ][gc,phases   ] GC(27)   Merge Heap Roots: 0.21ms
[2025-10-08T11:04:57.934+0000][120][info ][gc,phases   ] GC(27)   Evacuate Collection Set: 12.66ms
[2025-10-08T11:04:57.934+0000][120][info ][gc,phases   ] GC(27)   Post Evacuate Collection Set: 1.64ms
[2025-10-08T11:04:57.934+0000][120][info ][gc,phases   ] GC(27)   Other: 0.31ms
[2025-10-08T11:04:57.934+0000][120][trace][gc,age      ] GC(27) Age table with threshold 15 (max threshold 15)
[2025-10-08T11:04:57.934+0000][120][trace][gc,age      ] GC(27) - age   1:     148816 bytes,     148816 total
[2025-10-08T11:04:57.934+0000][120][trace][gc,age      ] GC(27) - age   2:      41352 bytes,     190168 total
[2025-10-08T11:04:57.934+0000][120][trace][gc,age      ] GC(27) - age   3:      22440 bytes,     212608 total
[2025-10-08T11:04:57.934+0000][120][trace][gc,age      ] GC(27) - age   4:      26496 bytes,     239104 total
[2025-10-08T11:04:57.935+0000][120][trace][gc,age      ] GC(27) - age   5:      82048 bytes,     321152 total
[2025-10-08T11:04:57.935+0000][120][trace][gc,age      ] GC(27) - age   6:      83072 bytes,     404224 total
[2025-10-08T11:04:57.935+0000][120][trace][gc,age      ] GC(27) - age   7:      65704 bytes,     469928 total
[2025-10-08T11:04:57.935+0000][120][trace][gc,age      ] GC(27) - age   8:      76344 bytes,     546272 total
[2025-10-08T11:04:57.935+0000][120][trace][gc,age      ] GC(27) - age   9:    1503288 bytes,    2049560 total
[2025-10-08T11:04:57.935+0000][120][trace][gc,age      ] GC(27) - age  10:     513944 bytes,    2563504 total
[2025-10-08T11:04:57.935+0000][120][trace][gc,age      ] GC(27) - age  11:   25728944 bytes,   28292448 total
[2025-10-08T11:04:57.935+0000][120][trace][gc,age      ] GC(27) - age  12:     543824 bytes,   28836272 total
[2025-10-08T11:04:57.935+0000][120][info ][gc,heap     ] GC(27) Eden regions: 145->0(145)
[2025-10-08T11:04:57.935+0000][120][info ][gc,heap     ] GC(27) Survivor regions: 8->8(20)
[2025-10-08T11:04:57.935+0000][120][info ][gc,heap     ] GC(27) Old regions: 29->29
[2025-10-08T11:04:57.935+0000][120][info ][gc,heap     ] GC(27) Humongous regions: 2->2
[2025-10-08T11:04:57.935+0000][120][info ][gc,metaspace] GC(27) Metaspace: 153163K(157504K)->153163K(157504K) NonClass: 131949K(134336K)->131949K(134336K) Class: 21213K(23168K)->21213K(23168K)
[2025-10-08T11:04:57.935+0000][120][info ][gc          ] GC(27) Pause Young (Normal) (G1 Evacuation Pause) 731M->152M(1024M) 25.621ms
[2025-10-08T11:04:57.935+0000][120][info ][gc,cpu      ] GC(27) User=0.09s Sys=0.00s Real=0.02s
[2025-10-08T11:04:57.935+0000][120][info ][safepoint   ] Safepoint "G1CollectForAllocation", Time since last: 153486240028 ns, Reaching safepoint: 26166 ns, Cleanup: 5417 ns, At safepoint: 25884375 ns, Total: 25915958 ns
[2025-10-08T11:08:20.488+0000][120][info ][safepoint   ] Safepoint "Cleanup", Time since last: 196021681964 ns, Reaching safepoint: 125083 ns, Cleanup: 43000 ns, At safepoint: 69000 ns, Total: 237083 ns
[2025-10-08T11:13:22.046+0000][120][info ][safepoint   ] Safepoint "Cleanup", Time since last: 24056321886 ns, Reaching safepoint: 53542 ns, Cleanup: 14542 ns, At safepoint: 14333 ns, Total: 82417 ns
[2025-10-08T11:14:20.184+0000][120][info ][safepoint   ] Safepoint "Cleanup", Time since last: 56041011859 ns, Reaching safepoint: 120625 ns, Cleanup: 56167 ns, At safepoint: 15666 ns, Total: 192458 ns
[2025-10-08T11:16:00.842+0000][120][info ][safepoint   ] Safepoint "Cleanup", Time since last: 95164562002 ns, Reaching safepoint: 176125 ns, Cleanup: 65750 ns, At safepoint: 20625 ns, Total: 262500 ns
[2025-10-08T11:16:04.859+0000][120][info ][safepoint   ] Safepoint "Cleanup", Time since last: 4017041502 ns, Reaching safepoint: 81500 ns, Cleanup: 45792 ns, At safepoint: 13750 ns, Total: 141042 ns
[2025-10-08T11:16:35.781+0000][120][info ][safepoint   ] Safepoint "Cleanup", Time since last: 30066000555 ns, Reaching safepoint: 84958 ns, Cleanup: 41667 ns, At safepoint: 20875 ns, Total: 147500 ns
[2025-10-08T11:16:51.755+0000][120][info ][safepoint   ] Safepoint "Cleanup", Time since last: 13996188340 ns, Reaching safepoint: 65208 ns, Cleanup: 43792 ns, At safepoint: 11625 ns, Total: 120625 ns
[2025-10-08T11:17:07.785+0000][120][info ][safepoint   ] Safepoint "Cleanup", Time since last: 16029340091 ns, Reaching safepoint: 166458 ns, Cleanup: 38583 ns, At safepoint: 12667 ns, Total: 217708 ns
[2025-10-08T11:17:39.159+0000][120][info ][safepoint   ] Safepoint "Cleanup", Time since last: 30070291305 ns, Reaching safepoint: 85292 ns, Cleanup: 41958 ns, At safepoint: 71625 ns, Total: 198875 ns
[2025-10-08T11:18:11.677+0000][120][info ][safepoint   ] Safepoint "Cleanup", Time since last: 31018807056 ns, Reaching safepoint: 128667 ns, Cleanup: 65292 ns, At safepoint: 14458 ns, Total: 208417 ns
[2025-10-08T11:19:41.468+0000][120][info ][safepoint   ] Safepoint "Cleanup", Time since last: 84172288039 ns, Reaching safepoint: 150041 ns, Cleanup: 49167 ns, At safepoint: 11667 ns, Total: 210875 ns
[2025-10-08T11:23:26.372+0000][120][info ][safepoint   ] Safepoint "Cleanup", Time since last: 215555180347 ns, Reaching safepoint: 46209 ns, Cleanup: 51875 ns, At safepoint: 8916 ns, Total: 107000 ns
[2025-10-08T11:23:54.379+0000][120][info ][safepoint   ] Safepoint "Cleanup", Time since last: 26041551595 ns, Reaching safepoint: 146084 ns, Cleanup: 49208 ns, At safepoint: 15667 ns, Total: 210959 ns
[2025-10-08T11:23:58.388+0000][120][info ][safepoint   ] Safepoint "Cleanup", Time since last: 4008355168 ns, Reaching safepoint: 74750 ns, Cleanup: 54042 ns, At safepoint: 15417 ns, Total: 144209 ns
[2025-10-08T11:26:35.432+0000][120][info ][safepoint   ] Safepoint "Cleanup", Time since last: 150452399194 ns, Reaching safepoint: 79834 ns, Cleanup: 32583 ns, At safepoint: 14125 ns, Total: 126542 ns
[2025-10-08T11:27:02.725+0000][120][info ][safepoint   ] Safepoint "Cleanup", Time since last: 26068149261 ns, Reaching safepoint: 75709 ns, Cleanup: 62583 ns, At safepoint: 18333 ns, Total: 156625 ns
[2025-10-08T11:31:48.059+0000][120][info ][safepoint   ] Safepoint "Cleanup", Time since last: 271557285250 ns, Reaching safepoint: 78292 ns, Cleanup: 31833 ns, At safepoint: 11000 ns, Total: 121125 ns
[2025-10-08T11:32:52.137+0000][120][info ][safepoint   ] Safepoint "Cleanup", Time since last: 60134148027 ns, Reaching safepoint: 170166 ns, Cleanup: 72292 ns, At safepoint: 13667 ns, Total: 256125 ns
[2025-10-08T11:32:55.151+0000][120][info ][safepoint   ] Safepoint "Cleanup", Time since last: 3013954126 ns, Reaching safepoint: 88042 ns, Cleanup: 39250 ns, At safepoint: 12833 ns, Total: 140125 ns
[2025-10-08T11:33:39.358+0000][120][info ][gc,start    ] GC(28) Pause Young (Normal) (G1 Evacuation Pause)
[2025-10-08T11:33:39.359+0000][120][info ][gc,task     ] GC(28) Using 8 workers of 8 for evacuation
[2025-10-08T11:33:39.359+0000][120][debug][gc,age      ] GC(28) Desired survivor size 41943040 bytes, new threshold 15 (max threshold 15)
[2025-10-08T11:33:39.377+0000][120][info ][gc,phases   ] GC(28)   Pre Evacuate Collection Set: 0.44ms
[2025-10-08T11:33:39.377+0000][120][info ][gc,phases   ] GC(28)   Merge Heap Roots: 0.20ms
[2025-10-08T11:33:39.377+0000][120][info ][gc,phases   ] GC(28)   Evacuate Collection Set: 15.31ms
[2025-10-08T11:33:39.377+0000][120][info ][gc,phases   ] GC(28)   Post Evacuate Collection Set: 1.30ms
[2025-10-08T11:33:39.377+0000][120][info ][gc,phases   ] GC(28)   Other: 0.33ms
[2025-10-08T11:33:39.377+0000][120][trace][gc,age      ] GC(28) Age table with threshold 15 (max threshold 15)
[2025-10-08T11:33:39.377+0000][120][trace][gc,age      ] GC(28) - age   1:     123656 bytes,     123656 total
[2025-10-08T11:33:39.377+0000][120][trace][gc,age      ] GC(28) - age   2:      63200 bytes,     186856 total
[2025-10-08T11:33:39.377+0000][120][trace][gc,age      ] GC(28) - age   3:      41352 bytes,     228208 total
[2025-10-08T11:33:39.377+0000][120][trace][gc,age      ] GC(28) - age   4:      22400 bytes,     250608 total
[2025-10-08T11:33:39.377+0000][120][trace][gc,age      ] GC(28) - age   5:      26464 bytes,     277072 total
[2025-10-08T11:33:39.377+0000][120][trace][gc,age      ] GC(28) - age   6:      82048 bytes,     359120 total
[2025-10-08T11:33:39.377+0000][120][trace][gc,age      ] GC(28) - age   7:      83072 bytes,     442192 total
[2025-10-08T11:33:39.378+0000][120][trace][gc,age      ] GC(28) - age   8:      65704 bytes,     507896 total
[2025-10-08T11:33:39.378+0000][120][trace][gc,age      ] GC(28) - age   9:      76344 bytes,     584240 total
[2025-10-08T11:33:39.378+0000][120][trace][gc,age      ] GC(28) - age  10:    1503288 bytes,    2087528 total
[2025-10-08T11:33:39.378+0000][120][trace][gc,age      ] GC(28) - age  11:     513944 bytes,    2601472 total
[2025-10-08T11:33:39.378+0000][120][trace][gc,age      ] GC(28) - age  12:   25728944 bytes,   28330416 total
[2025-10-08T11:33:39.378+0000][120][trace][gc,age      ] GC(28) - age  13:     543824 bytes,   28874240 total
[2025-10-08T11:33:39.378+0000][120][info ][gc,heap     ] GC(28) Eden regions: 145->0(145)
[2025-10-08T11:33:39.378+0000][120][info ][gc,heap     ] GC(28) Survivor regions: 8->8(20)
[2025-10-08T11:33:39.378+0000][120][info ][gc,heap     ] GC(28) Old regions: 29->29
[2025-10-08T11:33:39.378+0000][120][info ][gc,heap     ] GC(28) Humongous regions: 2->2
[2025-10-08T11:33:39.378+0000][120][info ][gc,metaspace] GC(28) Metaspace: 153223K(157568K)->153223K(157568K) NonClass: 132009K(134400K)->132009K(134400K) Class: 21213K(23168K)->21213K(23168K)
[2025-10-08T11:33:39.378+0000][120][info ][gc          ] GC(28) Pause Young (Normal) (G1 Evacuation Pause) 732M->152M(1024M) 19.552ms
[2025-10-08T11:33:39.378+0000][120][info ][gc,cpu      ] GC(28) User=0.09s Sys=0.00s Real=0.02s
[2025-10-08T11:33:39.378+0000][120][info ][safepoint   ] Safepoint "G1CollectForAllocation", Time since last: 41497790519 ns, Reaching safepoint: 65583 ns, Cleanup: 14708 ns, At safepoint: 19851375 ns, Total: 19931666 ns
[2025-10-08T11:34:29.132+0000][120][info ][safepoint   ] Safepoint "Cleanup", Time since last: 49117719190 ns, Reaching safepoint: 112667 ns, Cleanup: 32083 ns, At safepoint: 18833 ns, Total: 163583 ns
[2025-10-08T11:37:01.312+0000][120][info ][safepoint   ] Safepoint "Cleanup", Time since last: 144145092483 ns, Reaching safepoint: 179708 ns, Cleanup: 64333 ns, At safepoint: 14292 ns, Total: 258333 ns
[2025-10-08T11:39:42.688+0000][120][info ][safepoint   ] Safepoint "Cleanup", Time since last: 156437996156 ns, Reaching safepoint: 162875 ns, Cleanup: 79250 ns, At safepoint: 21250 ns, Total: 263375 ns
[2025-10-08T11:41:14.104+0000][120][info ][safepoint   ] Safepoint "Cleanup", Time since last: 87245562414 ns, Reaching safepoint: 89958 ns, Cleanup: 60375 ns, At safepoint: 81625 ns, Total: 231958 ns
[2025-10-08T11:42:08.033+0000][120][info ][safepoint   ] Safepoint "Cleanup", Time since last: 51225936315 ns, Reaching safepoint: 85209 ns, Cleanup: 62875 ns, At safepoint: 17875 ns, Total: 165959 ns
[2025-10-08T11:42:13.041+0000][120][info ][safepoint   ] Safepoint "Cleanup", Time since last: 5007824544 ns, Reaching safepoint: 94833 ns, Cleanup: 74375 ns, At safepoint: 13750 ns, Total: 182958 ns
[2025-10-08T11:42:49.754+0000][120][info ][safepoint   ] Safepoint "Cleanup", Time since last: 35163289891 ns, Reaching safepoint: 94292 ns, Cleanup: 90208 ns, At safepoint: 79917 ns, Total: 264417 ns
[2025-10-08T11:42:50.755+0000][120][info ][safepoint   ] Safepoint "Cleanup", Time since last: 1000924334 ns, Reaching safepoint: 13375 ns, Cleanup: 16000 ns, At safepoint: 7166 ns, Total: 36541 ns
[2025-10-08T11:45:55.389+0000][120][info ][safepoint   ] Safepoint "Cleanup", Time since last: 178318939582 ns, Reaching safepoint: 82625 ns, Cleanup: 48125 ns, At safepoint: 79000 ns, Total: 209750 ns
[2025-10-08T11:46:52.992+0000][120][info ][safepoint   ] Safepoint "Cleanup", Time since last: 56115228651 ns, Reaching safepoint: 72000 ns, Cleanup: 30250 ns, At safepoint: 58459 ns, Total: 160709 ns
[2025-10-08T11:47:30.529+0000][120][info ][safepoint   ] Safepoint "Cleanup", Time since last: 36860725683 ns, Reaching safepoint: 85417 ns, Cleanup: 44958 ns, At safepoint: 14750 ns, Total: 145125 ns
[2025-10-08T11:52:04.365+0000][120][info ][safepoint   ] Safepoint "Cleanup", Time since last: 267515020248 ns, Reaching safepoint: 14166 ns, Cleanup: 13459 ns, At safepoint: 5500 ns, Total: 33125 ns
[2025-10-08T11:55:52.822+0000][120][info ][safepoint   ] Safepoint "Cleanup", Time since last: 219670983641 ns, Reaching safepoint: 86916 ns, Cleanup: 45542 ns, At safepoint: 11208 ns, Total: 143666 ns
[2025-10-08T11:56:57.982+0000][120][info ][safepoint   ] Safepoint "Cleanup", Time since last: 63178280571 ns, Reaching safepoint: 111625 ns, Cleanup: 25833 ns, At safepoint: 15083 ns, Total: 152541 ns
[2025-10-08T11:57:28.965+0000][120][info ][gc,start    ] GC(29) Pause Young (Normal) (G1 Evacuation Pause)
[2025-10-08T11:57:28.965+0000][120][info ][gc,task     ] GC(29) Using 8 workers of 8 for evacuation
[2025-10-08T11:57:28.966+0000][120][debug][gc,age      ] GC(29) Desired survivor size 41943040 bytes, new threshold 15 (max threshold 15)
[2025-10-08T11:57:28.987+0000][120][info ][gc,phases   ] GC(29)   Pre Evacuate Collection Set: 0.62ms
[2025-10-08T11:57:28.987+0000][120][info ][gc,phases   ] GC(29)   Merge Heap Roots: 0.27ms
[2025-10-08T11:57:28.987+0000][120][info ][gc,phases   ] GC(29)   Evacuate Collection Set: 18.72ms
[2025-10-08T11:57:28.987+0000][120][info ][gc,phases   ] GC(29)   Post Evacuate Collection Set: 1.92ms
[2025-10-08T11:57:28.988+0000][120][info ][gc,phases   ] GC(29)   Other: 0.41ms
[2025-10-08T11:57:28.988+0000][120][trace][gc,age      ] GC(29) Age table with threshold 15 (max threshold 15)
[2025-10-08T11:57:28.988+0000][120][trace][gc,age      ] GC(29) - age   1:     108688 bytes,     108688 total
[2025-10-08T11:57:28.988+0000][120][trace][gc,age      ] GC(29) - age   2:      39928 bytes,     148616 total
[2025-10-08T11:57:28.988+0000][120][trace][gc,age      ] GC(29) - age   3:      63200 bytes,     211816 total
[2025-10-08T11:57:28.988+0000][120][trace][gc,age      ] GC(29) - age   4:      41272 bytes,     253088 total
[2025-10-08T11:57:28.988+0000][120][trace][gc,age      ] GC(29) - age   5:      22368 bytes,     275456 total
[2025-10-08T11:57:28.988+0000][120][trace][gc,age      ] GC(29) - age   6:      26168 bytes,     301624 total
[2025-10-08T11:57:28.988+0000][120][trace][gc,age      ] GC(29) - age   7:      81672 bytes,     383296 total
[2025-10-08T11:57:28.988+0000][120][trace][gc,age      ] GC(29) - age   8:      83072 bytes,     466368 total
[2025-10-08T11:57:28.988+0000][120][trace][gc,age      ] GC(29) - age   9:      65704 bytes,     532072 total
[2025-10-08T11:57:28.988+0000][120][trace][gc,age      ] GC(29) - age  10:      76344 bytes,     608416 total
[2025-10-08T11:57:28.988+0000][120][trace][gc,age      ] GC(29) - age  11:    1503288 bytes,    2111704 total
[2025-10-08T11:57:28.988+0000][120][trace][gc,age      ] GC(29) - age  12:     513944 bytes,    2625648 total
[2025-10-08T11:57:28.988+0000][120][trace][gc,age      ] GC(29) - age  13:   25728544 bytes,   28354192 total
[2025-10-08T11:57:28.988+0000][120][trace][gc,age      ] GC(29) - age  14:     543824 bytes,   28898016 total
[2025-10-08T11:57:28.988+0000][120][info ][gc,heap     ] GC(29) Eden regions: 145->0(145)
[2025-10-08T11:57:28.988+0000][120][info ][gc,heap     ] GC(29) Survivor regions: 8->8(20)
[2025-10-08T11:57:28.988+0000][120][info ][gc,heap     ] GC(29) Old regions: 29->29
[2025-10-08T11:57:28.988+0000][120][info ][gc,heap     ] GC(29) Humongous regions: 2->2
[2025-10-08T11:57:28.989+0000][120][info ][gc,metaspace] GC(29) Metaspace: 153242K(157568K)->153242K(157568K) NonClass: 132028K(134400K)->132028K(134400K) Class: 21213K(23168K)->21213K(23168K)
[2025-10-08T11:57:28.989+0000][120][info ][gc          ] GC(29) Pause Young (Normal) (G1 Evacuation Pause) 732M->152M(1024M) 23.562ms
[2025-10-08T11:57:28.989+0000][120][info ][gc,cpu      ] GC(29) User=0.16s Sys=0.00s Real=0.03s
[2025-10-08T11:57:28.989+0000][120][info ][safepoint   ] Safepoint "G1CollectForAllocation", Time since last: 30460652431 ns, Reaching safepoint: 17583 ns, Cleanup: 4292 ns, At safepoint: 23751208 ns, Total: 23773083 ns
[2025-10-08T12:01:53.735+0000][120][info ][safepoint   ] Safepoint "Cleanup", Time since last: 259024839161 ns, Reaching safepoint: 96000 ns, Cleanup: 45791 ns, At safepoint: 13667 ns, Total: 155458 ns
[2025-10-08T12:02:28.216+0000][120][info ][safepoint   ] Safepoint "Cleanup", Time since last: 32090881390 ns, Reaching safepoint: 79917 ns, Cleanup: 42291 ns, At safepoint: 12584 ns, Total: 134792 ns
[2025-10-08T12:03:29.905+0000][120][info ][safepoint   ] Safepoint "Cleanup", Time since last: 58209847026 ns, Reaching safepoint: 13458 ns, Cleanup: 10625 ns, At safepoint: 25875 ns, Total: 49958 ns
[2025-10-08T12:06:02.588+0000][120][info ][safepoint   ] Safepoint "Cleanup", Time since last: 147118110360 ns, Reaching safepoint: 87125 ns, Cleanup: 47458 ns, At safepoint: 12542 ns, Total: 147125 ns
[2025-10-08T12:06:34.021+0000][120][info ][safepoint   ] Safepoint "Cleanup", Time since last: 30068836514 ns, Reaching safepoint: 97500 ns, Cleanup: 67458 ns, At safepoint: 103125 ns, Total: 268083 ns
[2025-10-08T12:07:31.220+0000][120][info ][safepoint   ] Safepoint "Cleanup", Time since last: 54082645233 ns, Reaching safepoint: 177459 ns, Cleanup: 49875 ns, At safepoint: 15000 ns, Total: 242334 ns
[2025-10-08T12:07:35.226+0000][120][info ][safepoint   ] Safepoint "Cleanup", Time since last: 4005595126 ns, Reaching safepoint: 65584 ns, Cleanup: 36208 ns, At safepoint: 17708 ns, Total: 119500 ns
[2025-10-08T12:09:51.236+0000][120][info ][safepoint   ] Safepoint "Cleanup", Time since last: 126202737433 ns, Reaching safepoint: 98416 ns, Cleanup: 47792 ns, At safepoint: 16250 ns, Total: 162458 ns
[2025-10-08T12:12:59.913+0000][120][info ][safepoint   ] Safepoint "Cleanup", Time since last: 181367715291 ns, Reaching safepoint: 12666 ns, Cleanup: 16417 ns, At safepoint: 5125 ns, Total: 34208 ns
[2025-10-08T12:16:10.058+0000][120][info ][safepoint   ] Safepoint "Cleanup", Time since last: 179156446082 ns, Reaching safepoint: 84209 ns, Cleanup: 38750 ns, At safepoint: 72625 ns, Total: 195584 ns
[2025-10-08T12:19:49.427+0000][120][info ][safepoint   ] Safepoint "Cleanup", Time since last: 210858816011 ns, Reaching safepoint: 142958 ns, Cleanup: 42584 ns, At safepoint: 18541 ns, Total: 204083 ns
[2025-10-08T12:21:16.363+0000][120][info ][safepoint   ] Safepoint "Cleanup", Time since last: 84203636622 ns, Reaching safepoint: 17625 ns, Cleanup: 17542 ns, At safepoint: 38042 ns, Total: 73209 ns
[2025-10-08T12:21:23.379+0000][120][info ][safepoint   ] Safepoint "Cleanup", Time since last: 7015925878 ns, Reaching safepoint: 68125 ns, Cleanup: 30417 ns, At safepoint: 15666 ns, Total: 114208 ns
[2025-10-08T12:21:33.019+0000][120][info ][gc,start    ] GC(30) Pause Young (Normal) (G1 Evacuation Pause)
[2025-10-08T12:21:33.020+0000][120][info ][gc,task     ] GC(30) Using 8 workers of 8 for evacuation
[2025-10-08T12:21:33.020+0000][120][debug][gc,age      ] GC(30) Desired survivor size 41943040 bytes, new threshold 15 (max threshold 15)
[2025-10-08T12:21:33.038+0000][120][info ][gc,phases   ] GC(30)   Pre Evacuate Collection Set: 0.35ms
[2025-10-08T12:21:33.038+0000][120][info ][gc,phases   ] GC(30)   Merge Heap Roots: 0.17ms
[2025-10-08T12:21:33.038+0000][120][info ][gc,phases   ] GC(30)   Evacuate Collection Set: 15.39ms
[2025-10-08T12:21:33.038+0000][120][info ][gc,phases   ] GC(30)   Post Evacuate Collection Set: 1.40ms
[2025-10-08T12:21:33.038+0000][120][info ][gc,phases   ] GC(30)   Other: 0.54ms
[2025-10-08T12:21:33.038+0000][120][trace][gc,age      ] GC(30) Age table with threshold 15 (max threshold 15)
[2025-10-08T12:21:33.038+0000][120][trace][gc,age      ] GC(30) - age   1:     116168 bytes,     116168 total
[2025-10-08T12:21:33.038+0000][120][trace][gc,age      ] GC(30) - age   2:      23368 bytes,     139536 total
[2025-10-08T12:21:33.038+0000][120][trace][gc,age      ] GC(30) - age   3:      39896 bytes,     179432 total
[2025-10-08T12:21:33.038+0000][120][trace][gc,age      ] GC(30) - age   4:      62792 bytes,     242224 total
[2025-10-08T12:21:33.038+0000][120][trace][gc,age      ] GC(30) - age   5:      41200 bytes,     283424 total
[2025-10-08T12:21:33.038+0000][120][trace][gc,age      ] GC(30) - age   6:      22304 bytes,     305728 total
[2025-10-08T12:21:33.038+0000][120][trace][gc,age      ] GC(30) - age   7:      26168 bytes,     331896 total
[2025-10-08T12:21:33.038+0000][120][trace][gc,age      ] GC(30) - age   8:      81672 bytes,     413568 total
[2025-10-08T12:21:33.038+0000][120][trace][gc,age      ] GC(30) - age   9:      83072 bytes,     496640 total
[2025-10-08T12:21:33.038+0000][120][trace][gc,age      ] GC(30) - age  10:      65672 bytes,     562312 total
[2025-10-08T12:21:33.038+0000][120][trace][gc,age      ] GC(30) - age  11:      76344 bytes,     638656 total
[2025-10-08T12:21:33.038+0000][120][trace][gc,age      ] GC(30) - age  12:    1503288 bytes,    2141944 total
[2025-10-08T12:21:33.038+0000][120][trace][gc,age      ] GC(30) - age  13:     513944 bytes,    2655888 total
[2025-10-08T12:21:33.038+0000][120][trace][gc,age      ] GC(30) - age  14:   25728544 bytes,   28384432 total
[2025-10-08T12:21:33.038+0000][120][trace][gc,age      ] GC(30) - age  15:     543824 bytes,   28928256 total
[2025-10-08T12:21:33.038+0000][120][info ][gc,heap     ] GC(30) Eden regions: 145->0(145)
[2025-10-08T12:21:33.039+0000][120][info ][gc,heap     ] GC(30) Survivor regions: 8->8(20)
[2025-10-08T12:21:33.039+0000][120][info ][gc,heap     ] GC(30) Old regions: 29->29
[2025-10-08T12:21:33.039+0000][120][info ][gc,heap     ] GC(30) Humongous regions: 2->2
[2025-10-08T12:21:33.039+0000][120][info ][gc,metaspace] GC(30) Metaspace: 153246K(157568K)->153246K(157568K) NonClass: 132032K(134400K)->132032K(134400K) Class: 21213K(23168K)->21213K(23168K)
[2025-10-08T12:21:33.039+0000][120][info ][gc          ] GC(30) Pause Young (Normal) (G1 Evacuation Pause) 732M->153M(1024M) 19.290ms
[2025-10-08T12:21:33.039+0000][120][info ][gc,cpu      ] GC(30) User=0.09s Sys=0.00s Real=0.02s
[2025-10-08T12:21:33.039+0000][120][info ][safepoint   ] Safepoint "G1CollectForAllocation", Time since last: 7279479962 ns, Reaching safepoint: 75166 ns, Cleanup: 8459 ns, At safepoint: 19456625 ns, Total: 19540250 ns
[2025-10-08T12:21:55.732+0000][120][info ][safepoint   ] Safepoint "Cleanup", Time since last: 22692731219 ns, Reaching safepoint: 80125 ns, Cleanup: 32583 ns, At safepoint: 15334 ns, Total: 128042 ns
[2025-10-08T12:22:56.040+0000][120][info ][safepoint   ] Safepoint "Cleanup", Time since last: 59159762818 ns, Reaching safepoint: 67916 ns, Cleanup: 34792 ns, At safepoint: 10917 ns, Total: 113625 ns
[2025-10-08T12:22:57.042+0000][120][info ][safepoint   ] Safepoint "Cleanup", Time since last: 1002135167 ns, Reaching safepoint: 61125 ns, Cleanup: 49833 ns, At safepoint: 19459 ns, Total: 130417 ns
[2025-10-08T12:23:28.282+0000][120][info ][safepoint   ] Safepoint "Cleanup", Time since last: 30077049805 ns, Reaching safepoint: 97750 ns, Cleanup: 35167 ns, At safepoint: 22667 ns, Total: 155584 ns
[2025-10-08T12:23:53.176+0000][120][info ][safepoint   ] Safepoint "Cleanup", Time since last: 23052634468 ns, Reaching safepoint: 144334 ns, Cleanup: 42666 ns, At safepoint: 14042 ns, Total: 201042 ns
[2025-10-08T12:23:59.190+0000][120][info ][safepoint   ] Safepoint "Cleanup", Time since last: 6013135170 ns, Reaching safepoint: 12958 ns, Cleanup: 10042 ns, At safepoint: 3916 ns, Total: 26916 ns
[2025-10-08T12:24:00.193+0000][120][info ][safepoint   ] Safepoint "Cleanup", Time since last: 1003475376 ns, Reaching safepoint: 75875 ns, Cleanup: 42916 ns, At safepoint: 16000 ns, Total: 134791 ns
[2025-10-08T12:24:24.689+0000][120][info ][safepoint   ] Safepoint "Cleanup", Time since last: 23060712886 ns, Reaching safepoint: 167792 ns, Cleanup: 61666 ns, At safepoint: 13792 ns, Total: 243250 ns
[2025-10-08T12:24:31.704+0000][120][info ][safepoint   ] Safepoint "Cleanup", Time since last: 7014051378 ns, Reaching safepoint: 82167 ns, Cleanup: 55167 ns, At safepoint: 19166 ns, Total: 156500 ns
[2025-10-08T12:29:21.433+0000][120][info ][safepoint   ] Safepoint "Cleanup", Time since last: 270430544666 ns, Reaching safepoint: 106708 ns, Cleanup: 26542 ns, At safepoint: 11666 ns, Total: 144916 ns
[2025-10-08T12:32:24.450+0000][120][info ][safepoint   ] Safepoint "Cleanup", Time since last: 177408506746 ns, Reaching safepoint: 30209 ns, Cleanup: 43041 ns, At safepoint: 13375 ns, Total: 86625 ns
[2025-10-08T12:40:23.942+0000][120][info ][safepoint   ] Safepoint "Cleanup", Time since last: 454777323457 ns, Reaching safepoint: 76041 ns, Cleanup: 55542 ns, At safepoint: 15833 ns, Total: 147416 ns
[2025-10-08T12:40:54.479+0000][120][info ][safepoint   ] Safepoint "Cleanup", Time since last: 29856548972 ns, Reaching safepoint: 70667 ns, Cleanup: 49875 ns, At safepoint: 16458 ns, Total: 137000 ns
[2025-10-08T12:41:25.290+0000][120][info ][safepoint   ] Safepoint "Cleanup", Time since last: 30062238472 ns, Reaching safepoint: 203750 ns, Cleanup: 71750 ns, At safepoint: 24708 ns, Total: 300208 ns
[2025-10-08T12:42:14.143+0000][120][info ][safepoint   ] Safepoint "Cleanup", Time since last: 48214958689 ns, Reaching safepoint: 98042 ns, Cleanup: 37333 ns, At safepoint: 11333 ns, Total: 146708 ns
[2025-10-08T12:45:38.949+0000][120][info ][gc,start    ] GC(31) Pause Young (Normal) (G1 Evacuation Pause)
[2025-10-08T12:45:38.950+0000][120][info ][gc,task     ] GC(31) Using 8 workers of 8 for evacuation
[2025-10-08T12:45:38.950+0000][120][debug][gc,age      ] GC(31) Desired survivor size 41943040 bytes, new threshold 15 (max threshold 15)
[2025-10-08T12:45:38.979+0000][120][info ][gc,phases   ] GC(31)   Pre Evacuate Collection Set: 0.91ms
[2025-10-08T12:45:38.979+0000][120][info ][gc,phases   ] GC(31)   Merge Heap Roots: 0.29ms
[2025-10-08T12:45:38.979+0000][120][info ][gc,phases   ] GC(31)   Evacuate Collection Set: 24.38ms
[2025-10-08T12:45:38.979+0000][120][info ][gc,phases   ] GC(31)   Post Evacuate Collection Set: 2.90ms
[2025-10-08T12:45:38.979+0000][120][info ][gc,phases   ] GC(31)   Other: 0.48ms
[2025-10-08T12:45:38.979+0000][120][trace][gc,age      ] GC(31) Age table with threshold 15 (max threshold 15)
[2025-10-08T12:45:38.979+0000][120][trace][gc,age      ] GC(31) - age   1:     103328 bytes,     103328 total
[2025-10-08T12:45:38.979+0000][120][trace][gc,age      ] GC(31) - age   2:      25192 bytes,     128520 total
[2025-10-08T12:45:38.979+0000][120][trace][gc,age      ] GC(31) - age   3:      23008 bytes,     151528 total
[2025-10-08T12:45:38.979+0000][120][trace][gc,age      ] GC(31) - age   4:      39896 bytes,     191424 total
[2025-10-08T12:45:38.979+0000][120][trace][gc,age      ] GC(31) - age   5:      62752 bytes,     254176 total
[2025-10-08T12:45:38.979+0000][120][trace][gc,age      ] GC(31) - age   6:      41168 bytes,     295344 total
[2025-10-08T12:45:38.979+0000][120][trace][gc,age      ] GC(31) - age   7:      22304 bytes,     317648 total
[2025-10-08T12:45:38.980+0000][120][trace][gc,age      ] GC(31) - age   8:      26168 bytes,     343816 total
[2025-10-08T12:45:38.980+0000][120][trace][gc,age      ] GC(31) - age   9:      81672 bytes,     425488 total
[2025-10-08T12:45:38.980+0000][120][trace][gc,age      ] GC(31) - age  10:      82872 bytes,     508360 total
[2025-10-08T12:45:38.980+0000][120][trace][gc,age      ] GC(31) - age  11:      65672 bytes,     574032 total
[2025-10-08T12:45:38.980+0000][120][trace][gc,age      ] GC(31) - age  12:      76344 bytes,     650376 total
[2025-10-08T12:45:38.980+0000][120][trace][gc,age      ] GC(31) - age  13:    1503288 bytes,    2153664 total
[2025-10-08T12:45:38.980+0000][120][trace][gc,age      ] GC(31) - age  14:     513944 bytes,    2667608 total
[2025-10-08T12:45:38.980+0000][120][trace][gc,age      ] GC(31) - age  15:   25728544 bytes,   28396152 total
[2025-10-08T12:45:38.980+0000][120][info ][gc,heap     ] GC(31) Eden regions: 145->0(145)
[2025-10-08T12:45:38.980+0000][120][info ][gc,heap     ] GC(31) Survivor regions: 8->8(20)
[2025-10-08T12:45:38.980+0000][120][info ][gc,heap     ] GC(31) Old regions: 29->29
[2025-10-08T12:45:38.980+0000][120][info ][gc,heap     ] GC(31) Humongous regions: 2->2
[2025-10-08T12:45:38.980+0000][120][info ][gc,metaspace] GC(31) Metaspace: 153405K(157696K)->153405K(157696K) NonClass: 132191K(134528K)->132191K(134528K) Class: 21213K(23168K)->21213K(23168K)
[2025-10-08T12:45:38.980+0000][120][info ][gc          ] GC(31) Pause Young (Normal) (G1 Evacuation Pause) 733M->151M(1024M) 30.923ms
[2025-10-08T12:45:38.980+0000][120][info ][gc,cpu      ] GC(31) User=0.21s Sys=0.00s Real=0.03s
[2025-10-08T12:45:38.980+0000][120][info ][safepoint   ] Safepoint "G1CollectForAllocation", Time since last: 195998318673 ns, Reaching safepoint: 87584 ns, Cleanup: 29708 ns, At safepoint: 31151667 ns, Total: 31268959 ns
[2025-10-08T12:47:39.279+0000][120][info ][safepoint   ] Safepoint "Cleanup", Time since last: 116457015428 ns, Reaching safepoint: 146625 ns, Cleanup: 84417 ns, At safepoint: 21458 ns, Total: 252500 ns
[2025-10-08T12:48:10.919+0000][120][info ][safepoint   ] Safepoint "Cleanup", Time since last: 30141035513 ns, Reaching safepoint: 75000 ns, Cleanup: 49375 ns, At safepoint: 22000 ns, Total: 146375 ns
[2025-10-08T12:48:42.564+0000][120][info ][safepoint   ] Safepoint "Cleanup", Time since last: 30176349597 ns, Reaching safepoint: 181667 ns, Cleanup: 47792 ns, At safepoint: 15583 ns, Total: 245042 ns
[2025-10-08T12:54:38.288+0000][120][info ][safepoint   ] Safepoint "Cleanup", Time since last: 330913467317 ns, Reaching safepoint: 160958 ns, Cleanup: 44042 ns, At safepoint: 12083 ns, Total: 217083 ns
[2025-10-08T12:57:07.134+0000][120][info ][safepoint   ] Safepoint "Cleanup", Time since last: 140380647482 ns, Reaching safepoint: 79792 ns, Cleanup: 26916 ns, At safepoint: 14042 ns, Total: 120750 ns
[2025-10-08T13:09:50.766+0000][120][info ][safepoint   ] Safepoint "Cleanup", Time since last: 728766787371 ns, Reaching safepoint: 103292 ns, Cleanup: 54750 ns, At safepoint: 12333 ns, Total: 170375 ns
[2025-10-08T13:09:55.142+0000][120][info ][gc,start    ] GC(32) Pause Young (Normal) (G1 Evacuation Pause)
[2025-10-08T13:09:55.143+0000][120][info ][gc,task     ] GC(32) Using 8 workers of 8 for evacuation
[2025-10-08T13:09:55.143+0000][120][debug][gc,age      ] GC(32) Desired survivor size 41943040 bytes, new threshold 15 (max threshold 15)
[2025-10-08T13:09:55.167+0000][120][info ][gc,phases   ] GC(32)   Pre Evacuate Collection Set: 0.44ms
[2025-10-08T13:09:55.167+0000][120][info ][gc,phases   ] GC(32)   Merge Heap Roots: 0.17ms
[2025-10-08T13:09:55.167+0000][120][info ][gc,phases   ] GC(32)   Evacuate Collection Set: 21.97ms
[2025-10-08T13:09:55.167+0000][120][info ][gc,phases   ] GC(32)   Post Evacuate Collection Set: 1.17ms
[2025-10-08T13:09:55.167+0000][120][info ][gc,phases   ] GC(32)   Other: 0.30ms
[2025-10-08T13:09:55.167+0000][120][trace][gc,age      ] GC(32) Age table with threshold 15 (max threshold 15)
[2025-10-08T13:09:55.167+0000][120][trace][gc,age      ] GC(32) - age   1:     109480 bytes,     109480 total
[2025-10-08T13:09:55.167+0000][120][trace][gc,age      ] GC(32) - age   2:      18744 bytes,     128224 total
[2025-10-08T13:09:55.167+0000][120][trace][gc,age      ] GC(32) - age   3:      25192 bytes,     153416 total
[2025-10-08T13:09:55.167+0000][120][trace][gc,age      ] GC(32) - age   4:      23008 bytes,     176424 total
[2025-10-08T13:09:55.167+0000][120][trace][gc,age      ] GC(32) - age   5:      39856 bytes,     216280 total
[2025-10-08T13:09:55.167+0000][120][trace][gc,age      ] GC(32) - age   6:      62720 bytes,     279000 total
[2025-10-08T13:09:55.167+0000][120][trace][gc,age      ] GC(32) - age   7:      41168 bytes,     320168 total
[2025-10-08T13:09:55.167+0000][120][trace][gc,age      ] GC(32) - age   8:      22304 bytes,     342472 total
[2025-10-08T13:09:55.168+0000][120][trace][gc,age      ] GC(32) - age   9:      26168 bytes,     368640 total
[2025-10-08T13:09:55.168+0000][120][trace][gc,age      ] GC(32) - age  10:      81672 bytes,     450312 total
[2025-10-08T13:09:55.168+0000][120][trace][gc,age      ] GC(32) - age  11:      82872 bytes,     533184 total
[2025-10-08T13:09:55.168+0000][120][trace][gc,age      ] GC(32) - age  12:      65672 bytes,     598856 total
[2025-10-08T13:09:55.168+0000][120][trace][gc,age      ] GC(32) - age  13:      76344 bytes,     675200 total
[2025-10-08T13:09:55.168+0000][120][trace][gc,age      ] GC(32) - age  14:    1503288 bytes,    2178488 total
[2025-10-08T13:09:55.168+0000][120][trace][gc,age      ] GC(32) - age  15:     513944 bytes,    2692432 total
[2025-10-08T13:09:55.168+0000][120][info ][gc,heap     ] GC(32) Eden regions: 145->0(151)
[2025-10-08T13:09:55.168+0000][120][info ][gc,heap     ] GC(32) Survivor regions: 8->2(20)
[2025-10-08T13:09:55.168+0000][120][info ][gc,heap     ] GC(32) Old regions: 29->35
[2025-10-08T13:09:55.168+0000][120][info ][gc,heap     ] GC(32) Humongous regions: 2->2
[2025-10-08T13:09:55.168+0000][120][info ][gc,metaspace] GC(32) Metaspace: 153459K(157760K)->153459K(157760K) NonClass: 132245K(134592K)->132245K(134592K) Class: 21213K(23168K)->21213K(23168K)
[2025-10-08T13:09:55.168+0000][120][info ][gc          ] GC(32) Pause Young (Normal) (G1 Evacuation Pause) 731M->152M(1024M) 26.088ms
[2025-10-08T13:09:55.168+0000][120][info ][gc,cpu      ] GC(32) User=0.16s Sys=0.01s Real=0.02s
[2025-10-08T13:09:55.168+0000][120][info ][safepoint   ] Safepoint "G1CollectForAllocation", Time since last: 4375578128 ns, Reaching safepoint: 57458 ns, Cleanup: 7833 ns, At safepoint: 26325125 ns, Total: 26390416 ns
[2025-10-08T13:09:56.172+0000][120][info ][safepoint   ] Safepoint "Cleanup", Time since last: 1002888334 ns, Reaching safepoint: 631458 ns, Cleanup: 36500 ns, At safepoint: 34209 ns, Total: 702167 ns
[2025-10-08T13:10:39.081+0000][120][info ][safepoint   ] Safepoint "Cleanup", Time since last: 41786282894 ns, Reaching safepoint: 84542 ns, Cleanup: 45667 ns, At safepoint: 117125 ns, Total: 247334 ns
[2025-10-08T13:16:56.354+0000][120][info ][safepoint   ] Safepoint "Cleanup", Time since last: 361654085164 ns, Reaching safepoint: 77209 ns, Cleanup: 49000 ns, At safepoint: 11041 ns, Total: 137250 ns
[2025-10-08T13:19:42.612+0000][120][info ][safepoint   ] Safepoint "Cleanup", Time since last: 156399308822 ns, Reaching safepoint: 88750 ns, Cleanup: 79625 ns, At safepoint: 32875 ns, Total: 201250 ns
[2025-10-08T13:22:12.910+0000][120][info ][safepoint   ] Safepoint "Cleanup", Time since last: 135263123229 ns, Reaching safepoint: 179667 ns, Cleanup: 63250 ns, At safepoint: 23125 ns, Total: 266042 ns
[2025-10-08T13:29:58.188+0000][120][info ][safepoint   ] Safepoint "Cleanup", Time since last: 447121227914 ns, Reaching safepoint: 78792 ns, Cleanup: 45041 ns, At safepoint: 13875 ns, Total: 137708 ns
[2025-10-08T13:30:26.474+0000][120][info ][safepoint   ] Safepoint "Cleanup", Time since last: 27054329346 ns, Reaching safepoint: 89750 ns, Cleanup: 54459 ns, At safepoint: 14375 ns, Total: 158584 ns
[2025-10-08T13:31:28.828+0000][120][info ][safepoint   ] Safepoint "Cleanup", Time since last: 60076956777 ns, Reaching safepoint: 17792 ns, Cleanup: 25542 ns, At safepoint: 6625 ns, Total: 49959 ns
[2025-10-08T13:31:43.892+0000][120][info ][safepoint   ] Safepoint "Cleanup", Time since last: 15063419257 ns, Reaching safepoint: 88458 ns, Cleanup: 88125 ns, At safepoint: 20167 ns, Total: 196750 ns
[2025-10-08T13:32:00.192+0000][120][info ][safepoint   ] Safepoint "Cleanup", Time since last: 15031838798 ns, Reaching safepoint: 76042 ns, Cleanup: 42666 ns, At safepoint: 22625 ns, Total: 141333 ns
[2025-10-08T13:33:02.817+0000][120][info ][safepoint   ] Safepoint "Cleanup", Time since last: 60128161819 ns, Reaching safepoint: 16834 ns, Cleanup: 32416 ns, At safepoint: 36334 ns, Total: 85584 ns
[2025-10-08T13:35:07.927+0000][120][info ][gc,start    ] GC(33) Pause Young (Normal) (G1 Evacuation Pause)
[2025-10-08T13:35:07.928+0000][120][info ][gc,task     ] GC(33) Using 8 workers of 8 for evacuation
[2025-10-08T13:35:07.928+0000][120][debug][gc,age      ] GC(33) Desired survivor size 41943040 bytes, new threshold 15 (max threshold 15)
[2025-10-08T13:35:07.940+0000][120][info ][gc,phases   ] GC(33)   Pre Evacuate Collection Set: 0.79ms
[2025-10-08T13:35:07.940+0000][120][info ][gc,phases   ] GC(33)   Merge Heap Roots: 0.27ms
[2025-10-08T13:35:07.940+0000][120][info ][gc,phases   ] GC(33)   Evacuate Collection Set: 8.97ms
[2025-10-08T13:35:07.941+0000][120][info ][gc,phases   ] GC(33)   Post Evacuate Collection Set: 1.87ms
[2025-10-08T13:35:07.941+0000][120][info ][gc,phases   ] GC(33)   Other: 0.78ms
[2025-10-08T13:35:07.941+0000][120][trace][gc,age      ] GC(33) Age table with threshold 15 (max threshold 15)
[2025-10-08T13:35:07.941+0000][120][trace][gc,age      ] GC(33) - age   1:     107048 bytes,     107048 total
[2025-10-08T13:35:07.941+0000][120][trace][gc,age      ] GC(33) - age   2:      18224 bytes,     125272 total
[2025-10-08T13:35:07.941+0000][120][trace][gc,age      ] GC(33) - age   3:      18704 bytes,     143976 total
[2025-10-08T13:35:07.941+0000][120][trace][gc,age      ] GC(33) - age   4:      24744 bytes,     168720 total
[2025-10-08T13:35:07.941+0000][120][trace][gc,age      ] GC(33) - age   5:      22936 bytes,     191656 total
[2025-10-08T13:35:07.941+0000][120][trace][gc,age      ] GC(33) - age   6:      39824 bytes,     231480 total
[2025-10-08T13:35:07.941+0000][120][trace][gc,age      ] GC(33) - age   7:      62656 bytes,     294136 total
[2025-10-08T13:35:07.941+0000][120][trace][gc,age      ] GC(33) - age   8:      41168 bytes,     335304 total
[2025-10-08T13:35:07.941+0000][120][trace][gc,age      ] GC(33) - age   9:      22304 bytes,     357608 total
[2025-10-08T13:35:07.942+0000][120][trace][gc,age      ] GC(33) - age  10:      26168 bytes,     383776 total
[2025-10-08T13:35:07.942+0000][120][trace][gc,age      ] GC(33) - age  11:      81672 bytes,     465448 total
[2025-10-08T13:35:07.942+0000][120][trace][gc,age      ] GC(33) - age  12:      82872 bytes,     548320 total
[2025-10-08T13:35:07.942+0000][120][trace][gc,age      ] GC(33) - age  13:      65640 bytes,     613960 total
[2025-10-08T13:35:07.942+0000][120][trace][gc,age      ] GC(33) - age  14:      76344 bytes,     690304 total
[2025-10-08T13:35:07.942+0000][120][trace][gc,age      ] GC(33) - age  15:    1503288 bytes,    2193592 total
[2025-10-08T13:35:07.942+0000][120][info ][gc,heap     ] GC(33) Eden regions: 151->0(152)
[2025-10-08T13:35:07.942+0000][120][info ][gc,heap     ] GC(33) Survivor regions: 2->1(20)
[2025-10-08T13:35:07.942+0000][120][info ][gc,heap     ] GC(33) Old regions: 35->36
[2025-10-08T13:35:07.942+0000][120][info ][gc,heap     ] GC(33) Humongous regions: 2->2
[2025-10-08T13:35:07.942+0000][120][info ][gc,metaspace] GC(33) Metaspace: 153467K(157760K)->153467K(157760K) NonClass: 132252K(134592K)->132252K(134592K) Class: 21214K(23168K)->21214K(23168K)
[2025-10-08T13:35:07.942+0000][120][info ][gc          ] GC(33) Pause Young (Normal) (G1 Evacuation Pause) 756M->153M(1024M) 15.771ms
[2025-10-08T13:35:07.943+0000][120][info ][gc,cpu      ] GC(33) User=0.05s Sys=0.00s Real=0.02s
[2025-10-08T13:35:07.943+0000][120][info ][safepoint   ] Safepoint "G1CollectForAllocation", Time since last: 118797081344 ns, Reaching safepoint: 70042 ns, Cleanup: 15083 ns, At safepoint: 16137584 ns, Total: 16222709 ns
[2025-10-08T13:35:12.949+0000][120][info ][safepoint   ] Safepoint "Cleanup", Time since last: 5006573419 ns, Reaching safepoint: 76583 ns, Cleanup: 42167 ns, At safepoint: 11458 ns, Total: 130208 ns
[2025-10-08T13:50:42.526+0000][120][info ][safepoint   ] Safepoint "Cleanup", Time since last: 877250547483 ns, Reaching safepoint: 204125 ns, Cleanup: 44375 ns, At safepoint: 21333 ns, Total: 269833 ns
[2025-10-08T13:52:17.151+0000][120][info ][safepoint   ] Safepoint "Cleanup", Time since last: 91063805542 ns, Reaching safepoint: 90208 ns, Cleanup: 31625 ns, At safepoint: 24083 ns, Total: 145916 ns
[2025-10-08T13:54:23.951+0000][120][info ][safepoint   ] Safepoint "Cleanup", Time since last: 122420065598 ns, Reaching safepoint: 31208 ns, Cleanup: 26334 ns, At safepoint: 68541 ns, Total: 126083 ns
[2025-10-08T13:56:57.420+0000][120][info ][safepoint   ] Safepoint "Cleanup", Time since last: 148395644485 ns, Reaching safepoint: 88167 ns, Cleanup: 73250 ns, At safepoint: 132708 ns, Total: 294125 ns
[2025-10-08T14:00:12.928+0000][120][info ][gc,start    ] GC(34) Pause Young (Normal) (G1 Evacuation Pause)
[2025-10-08T14:00:12.929+0000][120][info ][gc,task     ] GC(34) Using 8 workers of 8 for evacuation
[2025-10-08T14:00:12.929+0000][120][debug][gc,age      ] GC(34) Desired survivor size 41943040 bytes, new threshold 15 (max threshold 15)
[2025-10-08T14:00:12.938+0000][120][info ][gc,phases   ] GC(34)   Pre Evacuate Collection Set: 0.54ms
[2025-10-08T14:00:12.938+0000][120][info ][gc,phases   ] GC(34)   Merge Heap Roots: 0.20ms
[2025-10-08T14:00:12.939+0000][120][info ][gc,phases   ] GC(34)   Evacuate Collection Set: 6.43ms
[2025-10-08T14:00:12.939+0000][120][info ][gc,phases   ] GC(34)   Post Evacuate Collection Set: 1.39ms
[2025-10-08T14:00:12.939+0000][120][info ][gc,phases   ] GC(34)   Other: 0.57ms
[2025-10-08T14:00:12.939+0000][120][trace][gc,age      ] GC(34) Age table with threshold 15 (max threshold 15)
[2025-10-08T14:00:12.939+0000][120][trace][gc,age      ] GC(34) - age   1:     121488 bytes,     121488 total
[2025-10-08T14:00:12.939+0000][120][trace][gc,age      ] GC(34) - age   2:      22032 bytes,     143520 total
[2025-10-08T14:00:12.939+0000][120][trace][gc,age      ] GC(34) - age   3:      18224 bytes,     161744 total
[2025-10-08T14:00:12.939+0000][120][trace][gc,age      ] GC(34) - age   4:      18328 bytes,     180072 total
[2025-10-08T14:00:12.939+0000][120][trace][gc,age      ] GC(34) - age   5:      24712 bytes,     204784 total
[2025-10-08T14:00:12.939+0000][120][trace][gc,age      ] GC(34) - age   6:      22616 bytes,     227400 total
[2025-10-08T14:00:12.939+0000][120][trace][gc,age      ] GC(34) - age   7:      39824 bytes,     267224 total
[2025-10-08T14:00:12.939+0000][120][trace][gc,age      ] GC(34) - age   8:      62656 bytes,     329880 total
[2025-10-08T14:00:12.939+0000][120][trace][gc,age      ] GC(34) - age   9:      41168 bytes,     371048 total
[2025-10-08T14:00:12.939+0000][120][trace][gc,age      ] GC(34) - age  10:      22304 bytes,     393352 total
[2025-10-08T14:00:12.939+0000][120][trace][gc,age      ] GC(34) - age  11:      26168 bytes,     419520 total
[2025-10-08T14:00:12.939+0000][120][trace][gc,age      ] GC(34) - age  12:      69304 bytes,     488824 total
[2025-10-08T14:00:12.939+0000][120][trace][gc,age      ] GC(34) - age  13:      82832 bytes,     571656 total
[2025-10-08T14:00:12.939+0000][120][trace][gc,age      ] GC(34) - age  14:      65640 bytes,     637296 total
[2025-10-08T14:00:12.939+0000][120][trace][gc,age      ] GC(34) - age  15:      76344 bytes,     713640 total
[2025-10-08T14:00:12.939+0000][120][info ][gc,heap     ] GC(34) Eden regions: 152->0(152)
[2025-10-08T14:00:12.939+0000][120][info ][gc,heap     ] GC(34) Survivor regions: 1->1(20)
[2025-10-08T14:00:12.939+0000][120][info ][gc,heap     ] GC(34) Old regions: 36->37
[2025-10-08T14:00:12.939+0000][120][info ][gc,heap     ] GC(34) Humongous regions: 2->2
[2025-10-08T14:00:12.939+0000][120][info ][gc,metaspace] GC(34) Metaspace: 153473K(157760K)->153473K(157760K) NonClass: 132259K(134592K)->132259K(134592K) Class: 21214K(23168K)->21214K(23168K)
[2025-10-08T14:00:12.940+0000][120][info ][gc          ] GC(34) Pause Young (Normal) (G1 Evacuation Pause) 761M->153M(1024M) 11.473ms
[2025-10-08T14:00:12.940+0000][120][info ][gc,cpu      ] GC(34) User=0.04s Sys=0.00s Real=0.01s
[2025-10-08T14:00:12.940+0000][120][info ][safepoint   ] Safepoint "G1CollectForAllocation", Time since last: 189198817088 ns, Reaching safepoint: 72000 ns, Cleanup: 5417 ns, At safepoint: 11720916 ns, Total: 11798333 ns
[2025-10-08T14:07:02.751+0000][120][info ][safepoint   ] Safepoint "Cleanup", Time since last: 386827117717 ns, Reaching safepoint: 98834 ns, Cleanup: 56166 ns, At safepoint: 18834 ns, Total: 173834 ns
[2025-10-08T14:11:42.712+0000][120][info ][safepoint   ] Safepoint "Cleanup", Time since last: 271805150457 ns, Reaching safepoint: 207583 ns, Cleanup: 40250 ns, At safepoint: 20792 ns, Total: 268625 ns
[2025-10-08T14:12:13.130+0000][120][info ][safepoint   ] Safepoint "Cleanup", Time since last: 28246033513 ns, Reaching safepoint: 25208 ns, Cleanup: 43750 ns, At safepoint: 11458 ns, Total: 80416 ns
[2025-10-08T14:13:40.956+0000][120][info ][safepoint   ] Safepoint "Cleanup", Time since last: 83092714622 ns, Reaching safepoint: 72416 ns, Cleanup: 40959 ns, At safepoint: 9500 ns, Total: 122875 ns
[2025-10-08T14:14:49.048+0000][120][info ][safepoint   ] Safepoint "Cleanup", Time since last: 64061788654 ns, Reaching safepoint: 76166 ns, Cleanup: 51125 ns, At safepoint: 23500 ns, Total: 150791 ns
[2025-10-08T14:20:55.143+0000][120][info ][safepoint   ] Safepoint "Cleanup", Time since last: 349894907159 ns, Reaching safepoint: 92417 ns, Cleanup: 56833 ns, At safepoint: 13334 ns, Total: 162584 ns
[2025-10-08T14:23:05.727+0000][120][info ][safepoint   ] Safepoint "Cleanup", Time since last: 126140782516 ns, Reaching safepoint: 56917 ns, Cleanup: 23625 ns, At safepoint: 7875 ns, Total: 88417 ns
[2025-10-08T14:23:32.678+0000][120][info ][safepoint   ] Safepoint "Cleanup", Time since last: 25059991844 ns, Reaching safepoint: 90875 ns, Cleanup: 37333 ns, At safepoint: 13000 ns, Total: 141208 ns
[2025-10-08T14:25:18.488+0000][120][info ][safepoint   ] Safepoint "Cleanup", Time since last: 93271782751 ns, Reaching safepoint: 68250 ns, Cleanup: 48625 ns, At safepoint: 11709 ns, Total: 128584 ns
[2025-10-08T14:25:39.592+0000][120][info ][gc,start    ] GC(35) Pause Young (Normal) (G1 Evacuation Pause)
[2025-10-08T14:25:39.593+0000][120][info ][gc,task     ] GC(35) Using 8 workers of 8 for evacuation
[2025-10-08T14:25:39.593+0000][120][debug][gc,age      ] GC(35) Desired survivor size 41943040 bytes, new threshold 15 (max threshold 15)
[2025-10-08T14:25:39.597+0000][120][info ][gc,phases   ] GC(35)   Pre Evacuate Collection Set: 0.37ms
[2025-10-08T14:25:39.597+0000][120][info ][gc,phases   ] GC(35)   Merge Heap Roots: 0.17ms
[2025-10-08T14:25:39.597+0000][120][info ][gc,phases   ] GC(35)   Evacuate Collection Set: 2.38ms
[2025-10-08T14:25:39.597+0000][120][info ][gc,phases   ] GC(35)   Post Evacuate Collection Set: 1.02ms
[2025-10-08T14:25:39.597+0000][120][info ][gc,phases   ] GC(35)   Other: 0.31ms
[2025-10-08T14:25:39.597+0000][120][trace][gc,age      ] GC(35) Age table with threshold 15 (max threshold 15)
[2025-10-08T14:25:39.598+0000][120][trace][gc,age      ] GC(35) - age   1:     114376 bytes,     114376 total
[2025-10-08T14:25:39.598+0000][120][trace][gc,age      ] GC(35) - age   2:      35760 bytes,     150136 total
[2025-10-08T14:25:39.598+0000][120][trace][gc,age      ] GC(35) - age   3:      21584 bytes,     171720 total
[2025-10-08T14:25:39.598+0000][120][trace][gc,age      ] GC(35) - age   4:      18184 bytes,     189904 total
[2025-10-08T14:25:39.598+0000][120][trace][gc,age      ] GC(35) - age   5:      18296 bytes,     208200 total
[2025-10-08T14:25:39.598+0000][120][trace][gc,age      ] GC(35) - age   6:      24648 bytes,     232848 total
[2025-10-08T14:25:39.598+0000][120][trace][gc,age      ] GC(35) - age   7:      22616 bytes,     255464 total
[2025-10-08T14:25:39.598+0000][120][trace][gc,age      ] GC(35) - age   8:      39824 bytes,     295288 total
[2025-10-08T14:25:39.598+0000][120][trace][gc,age      ] GC(35) - age   9:      62656 bytes,     357944 total
[2025-10-08T14:25:39.598+0000][120][trace][gc,age      ] GC(35) - age  10:      41168 bytes,     399112 total
[2025-10-08T14:25:39.598+0000][120][trace][gc,age      ] GC(35) - age  11:      22304 bytes,     421416 total
[2025-10-08T14:25:39.598+0000][120][trace][gc,age      ] GC(35) - age  12:      26168 bytes,     447584 total
[2025-10-08T14:25:39.598+0000][120][trace][gc,age      ] GC(35) - age  13:      69304 bytes,     516888 total
[2025-10-08T14:25:39.599+0000][120][trace][gc,age      ] GC(35) - age  14:      82832 bytes,     599720 total
[2025-10-08T14:25:39.599+0000][120][trace][gc,age      ] GC(35) - age  15:      65608 bytes,     665328 total
[2025-10-08T14:25:39.599+0000][120][info ][gc,heap     ] GC(35) Eden regions: 152->0(152)
[2025-10-08T14:25:39.599+0000][120][info ][gc,heap     ] GC(35) Survivor regions: 1->1(20)
[2025-10-08T14:25:39.599+0000][120][info ][gc,heap     ] GC(35) Old regions: 37->37
[2025-10-08T14:25:39.599+0000][120][info ][gc,heap     ] GC(35) Humongous regions: 2->2
[2025-10-08T14:25:39.599+0000][120][info ][gc,metaspace] GC(35) Metaspace: 153485K(157760K)->153485K(157760K) NonClass: 132271K(134592K)->132271K(134592K) Class: 21214K(23168K)->21214K(23168K)
[2025-10-08T14:25:39.599+0000][120][info ][gc          ] GC(35) Pause Young (Normal) (G1 Evacuation Pause) 761M->153M(1024M) 6.512ms
[2025-10-08T14:25:39.599+0000][120][info ][gc,cpu      ] GC(35) User=0.01s Sys=0.00s Real=0.01s
[2025-10-08T14:25:39.599+0000][120][info ][safepoint   ] Safepoint "G1CollectForAllocation", Time since last: 19561382508 ns, Reaching safepoint: 68750 ns, Cleanup: 4750 ns, At safepoint: 6766958 ns, Total: 6840458 ns
[2025-10-08T14:31:18.258+0000][120][info ][safepoint   ] Safepoint "Cleanup", Time since last: 325895074149 ns, Reaching safepoint: 75458 ns, Cleanup: 30750 ns, At safepoint: 13292 ns, Total: 119500 ns
[2025-10-08T14:31:57.124+0000][120][info ][safepoint   ] Safepoint "Cleanup", Time since last: 37078820434 ns, Reaching safepoint: 208125 ns, Cleanup: 55208 ns, At safepoint: 22208 ns, Total: 285541 ns
[2025-10-08T14:32:08.154+0000][120][info ][safepoint   ] Safepoint "Cleanup", Time since last: 11029908089 ns, Reaching safepoint: 18958 ns, Cleanup: 18750 ns, At safepoint: 7000 ns, Total: 44708 ns
[2025-10-08T14:34:39.370+0000][120][info ][safepoint   ] Safepoint "Cleanup", Time since last: 146342342608 ns, Reaching safepoint: 98125 ns, Cleanup: 52625 ns, At safepoint: 20166 ns, Total: 170916 ns
[2025-10-08T14:34:43.382+0000][120][info ][safepoint   ] Safepoint "Cleanup", Time since last: 4011235585 ns, Reaching safepoint: 19584 ns, Cleanup: 7583 ns, At safepoint: 4667 ns, Total: 31834 ns
[2025-10-08T14:35:58.879+0000][120][info ][safepoint   ] Safepoint "Cleanup", Time since last: 72094357200 ns, Reaching safepoint: 26125 ns, Cleanup: 28833 ns, At safepoint: 9625 ns, Total: 64583 ns
[2025-10-08T14:36:03.896+0000][120][info ][safepoint   ] Safepoint "Cleanup", Time since last: 5016571086 ns, Reaching safepoint: 89000 ns, Cleanup: 89416 ns, At safepoint: 20417 ns, Total: 198833 ns
[2025-10-08T14:37:19.637+0000][120][info ][safepoint   ] Safepoint "Cleanup", Time since last: 74207280576 ns, Reaching safepoint: 79208 ns, Cleanup: 66958 ns, At safepoint: 20500 ns, Total: 166666 ns
[2025-10-08T14:38:46.435+0000][120][info ][safepoint   ] Safepoint "Cleanup", Time since last: 82963420746 ns, Reaching safepoint: 17000 ns, Cleanup: 42917 ns, At safepoint: 9250 ns, Total: 69167 ns
[2025-10-08T14:38:53.454+0000][120][info ][safepoint   ] Safepoint "Cleanup", Time since last: 7018513503 ns, Reaching safepoint: 80792 ns, Cleanup: 25792 ns, At safepoint: 93500 ns, Total: 200084 ns
[2025-10-08T14:42:42.443+0000][120][info ][safepoint   ] Safepoint "Cleanup", Time since last: 220516163933 ns, Reaching safepoint: 82875 ns, Cleanup: 66541 ns, At safepoint: 12084 ns, Total: 161500 ns
[2025-10-08T14:42:57.520+0000][120][info ][safepoint   ] Safepoint "Cleanup", Time since last: 15076833132 ns, Reaching safepoint: 89833 ns, Cleanup: 77084 ns, At safepoint: 18875 ns, Total: 185792 ns
[2025-10-08T14:43:20.282+0000][120][info ][safepoint   ] Safepoint "Cleanup", Time since last: 20043739467 ns, Reaching safepoint: 12542 ns, Cleanup: 12208 ns, At safepoint: 5625 ns, Total: 30375 ns
[2025-10-08T14:46:44.458+0000][120][info ][safepoint   ] Safepoint "Cleanup", Time since last: 200234804341 ns, Reaching safepoint: 34375 ns, Cleanup: 18333 ns, At safepoint: 6750 ns, Total: 59458 ns
[2025-10-08T14:47:01.123+0000][120][info ][safepoint   ] Safepoint "Cleanup", Time since last: 15049111049 ns, Reaching safepoint: 77625 ns, Cleanup: 72083 ns, At safepoint: 42792 ns, Total: 192500 ns
[2025-10-08T14:47:54.316+0000][120][info ][safepoint   ] Safepoint "Cleanup", Time since last: 50200607689 ns, Reaching safepoint: 187791 ns, Cleanup: 79500 ns, At safepoint: 28709 ns, Total: 296000 ns
[2025-10-08T14:48:46.453+0000][120][info ][safepoint   ] Safepoint "Cleanup", Time since last: 51297500231 ns, Reaching safepoint: 186709 ns, Cleanup: 54041 ns, At safepoint: 27417 ns, Total: 268167 ns
[2025-10-08T14:50:41.135+0000][120][info ][gc,start    ] GC(36) Pause Young (Normal) (G1 Evacuation Pause)
[2025-10-08T14:50:41.137+0000][120][info ][gc,task     ] GC(36) Using 8 workers of 8 for evacuation
[2025-10-08T14:50:41.137+0000][120][debug][gc,age      ] GC(36) Desired survivor size 41943040 bytes, new threshold 15 (max threshold 15)
[2025-10-08T14:50:41.153+0000][120][info ][gc,phases   ] GC(36)   Pre Evacuate Collection Set: 1.13ms
[2025-10-08T14:50:41.153+0000][120][info ][gc,phases   ] GC(36)   Merge Heap Roots: 0.32ms
[2025-10-08T14:50:41.153+0000][120][info ][gc,phases   ] GC(36)   Evacuate Collection Set: 10.72ms
[2025-10-08T14:50:41.153+0000][120][info ][gc,phases   ] GC(36)   Post Evacuate Collection Set: 3.63ms
[2025-10-08T14:50:41.153+0000][120][info ][gc,phases   ] GC(36)   Other: 0.45ms
[2025-10-08T14:50:41.153+0000][120][trace][gc,age      ] GC(36) Age table with threshold 15 (max threshold 15)
[2025-10-08T14:50:41.153+0000][120][trace][gc,age      ] GC(36) - age   1:     106816 bytes,     106816 total
[2025-10-08T14:50:41.153+0000][120][trace][gc,age      ] GC(36) - age   2:      29952 bytes,     136768 total
[2025-10-08T14:50:41.153+0000][120][trace][gc,age      ] GC(36) - age   3:      35760 bytes,     172528 total
[2025-10-08T14:50:41.153+0000][120][trace][gc,age      ] GC(36) - age   4:      21544 bytes,     194072 total
[2025-10-08T14:50:41.154+0000][120][trace][gc,age      ] GC(36) - age   5:      18152 bytes,     212224 total
[2025-10-08T14:50:41.154+0000][120][trace][gc,age      ] GC(36) - age   6:      18296 bytes,     230520 total
[2025-10-08T14:50:41.154+0000][120][trace][gc,age      ] GC(36) - age   7:      24648 bytes,     255168 total
[2025-10-08T14:50:41.154+0000][120][trace][gc,age      ] GC(36) - age   8:      22616 bytes,     277784 total
[2025-10-08T14:50:41.154+0000][120][trace][gc,age      ] GC(36) - age   9:      39824 bytes,     317608 total
[2025-10-08T14:50:41.154+0000][120][trace][gc,age      ] GC(36) - age  10:      62656 bytes,     380264 total
[2025-10-08T14:50:41.154+0000][120][trace][gc,age      ] GC(36) - age  11:      41168 bytes,     421432 total
[2025-10-08T14:50:41.154+0000][120][trace][gc,age      ] GC(36) - age  12:      22304 bytes,     443736 total
[2025-10-08T14:50:41.154+0000][120][trace][gc,age      ] GC(36) - age  13:      26168 bytes,     469904 total
[2025-10-08T14:50:41.154+0000][120][trace][gc,age      ] GC(36) - age  14:      69304 bytes,     539208 total
[2025-10-08T14:50:41.154+0000][120][trace][gc,age      ] GC(36) - age  15:      82832 bytes,     622040 total
[2025-10-08T14:50:41.154+0000][120][info ][gc,heap     ] GC(36) Eden regions: 152->0(152)
[2025-10-08T14:50:41.154+0000][120][info ][gc,heap     ] GC(36) Survivor regions: 1->1(20)
[2025-10-08T14:50:41.154+0000][120][info ][gc,heap     ] GC(36) Old regions: 37->37
[2025-10-08T14:50:41.154+0000][120][info ][gc,heap     ] GC(36) Humongous regions: 2->2
[2025-10-08T14:50:41.154+0000][120][info ][gc,metaspace] GC(36) Metaspace: 153507K(157824K)->153507K(157824K) NonClass: 132293K(134656K)->132293K(134656K) Class: 21214K(23168K)->21214K(23168K)
[2025-10-08T14:50:41.155+0000][120][info ][gc          ] GC(36) Pause Young (Normal) (G1 Evacuation Pause) 761M->153M(1024M) 19.179ms
[2025-10-08T14:50:41.155+0000][120][info ][gc,cpu      ] GC(36) User=0.07s Sys=0.00s Real=0.02s
[2025-10-08T14:50:41.155+0000][120][info ][safepoint   ] Safepoint "G1CollectForAllocation", Time since last: 109847443759 ns, Reaching safepoint: 132750 ns, Cleanup: 9625 ns, At safepoint: 19461750 ns, Total: 19604125 ns
[2025-10-08T14:52:08.095+0000][120][info ][safepoint   ] Safepoint "Cleanup", Time since last: 86255826122 ns, Reaching safepoint: 100417 ns, Cleanup: 41541 ns, At safepoint: 19209 ns, Total: 161167 ns
[2025-10-08T14:54:47.791+0000][120][info ][safepoint   ] Safepoint "Cleanup", Time since last: 157204572946 ns, Reaching safepoint: 119959 ns, Cleanup: 39958 ns, At safepoint: 11000 ns, Total: 170917 ns
[2025-10-08T14:56:19.118+0000][120][info ][safepoint   ] Safepoint "Cleanup", Time since last: 90051870541 ns, Reaching safepoint: 85292 ns, Cleanup: 37458 ns, At safepoint: 14500 ns, Total: 137250 ns
[2025-10-08T14:57:57.007+0000][120][info ][safepoint   ] Safepoint "Cleanup", Time since last: 97245550045 ns, Reaching safepoint: 9833 ns, Cleanup: 13125 ns, At safepoint: 13917 ns, Total: 36875 ns
[2025-10-08T15:04:54.991+0000][120][info ][safepoint   ] Safepoint "Cleanup", Time since last: 413893095774 ns, Reaching safepoint: 363291 ns, Cleanup: 78500 ns, At safepoint: 34084 ns, Total: 475875 ns
[2025-10-08T15:05:03.070+0000][120][info ][safepoint   ] Safepoint "Cleanup", Time since last: 8078300004 ns, Reaching safepoint: 139250 ns, Cleanup: 64916 ns, At safepoint: 18709 ns, Total: 222875 ns
[2025-10-08T15:05:25.655+0000][120][info ][safepoint   ] Safepoint "Cleanup", Time since last: 22060653634 ns, Reaching safepoint: 143750 ns, Cleanup: 82958 ns, At safepoint: 22209 ns, Total: 248917 ns
[2025-10-08T15:05:56.377+0000][120][info ][safepoint   ] Safepoint "Cleanup", Time since last: 30085374222 ns, Reaching safepoint: 177416 ns, Cleanup: 48292 ns, At safepoint: 17625 ns, Total: 243333 ns
[2025-10-08T15:11:53.710+0000][120][info ][safepoint   ] Safepoint "Cleanup", Time since last: 353677153243 ns, Reaching safepoint: 35833 ns, Cleanup: 12042 ns, At safepoint: 27083 ns, Total: 74958 ns
[2025-10-08T15:15:03.245+0000][120][info ][gc,start    ] GC(37) Pause Young (Normal) (G1 Evacuation Pause)
[2025-10-08T15:15:03.246+0000][120][info ][gc,task     ] GC(37) Using 8 workers of 8 for evacuation
[2025-10-08T15:15:03.246+0000][120][debug][gc,age      ] GC(37) Desired survivor size 41943040 bytes, new threshold 15 (max threshold 15)
[2025-10-08T15:15:03.255+0000][120][info ][gc,phases   ] GC(37)   Pre Evacuate Collection Set: 0.68ms
[2025-10-08T15:15:03.255+0000][120][info ][gc,phases   ] GC(37)   Merge Heap Roots: 0.23ms
[2025-10-08T15:15:03.255+0000][120][info ][gc,phases   ] GC(37)   Evacuate Collection Set: 5.89ms
[2025-10-08T15:15:03.255+0000][120][info ][gc,phases   ] GC(37)   Post Evacuate Collection Set: 1.97ms
[2025-10-08T15:15:03.255+0000][120][info ][gc,phases   ] GC(37)   Other: 0.37ms
[2025-10-08T15:15:03.255+0000][120][trace][gc,age      ] GC(37) Age table with threshold 15 (max threshold 15)
[2025-10-08T15:15:03.255+0000][120][trace][gc,age      ] GC(37) - age   1:     141816 bytes,     141816 total
[2025-10-08T15:15:03.255+0000][120][trace][gc,age      ] GC(37) - age   2:      21152 bytes,     162968 total
[2025-10-08T15:15:03.255+0000][120][trace][gc,age      ] GC(37) - age   3:      29952 bytes,     192920 total
[2025-10-08T15:15:03.255+0000][120][trace][gc,age      ] GC(37) - age   4:      34080 bytes,     227000 total
[2025-10-08T15:15:03.255+0000][120][trace][gc,age      ] GC(37) - age   5:      21472 bytes,     248472 total
[2025-10-08T15:15:03.255+0000][120][trace][gc,age      ] GC(37) - age   6:      18152 bytes,     266624 total
[2025-10-08T15:15:03.255+0000][120][trace][gc,age      ] GC(37) - age   7:      18296 bytes,     284920 total
[2025-10-08T15:15:03.255+0000][120][trace][gc,age      ] GC(37) - age   8:      24648 bytes,     309568 total
[2025-10-08T15:15:03.255+0000][120][trace][gc,age      ] GC(37) - age   9:      22616 bytes,     332184 total
[2025-10-08T15:15:03.255+0000][120][trace][gc,age      ] GC(37) - age  10:      39824 bytes,     372008 total
[2025-10-08T15:15:03.255+0000][120][trace][gc,age      ] GC(37) - age  11:      62656 bytes,     434664 total
[2025-10-08T15:15:03.255+0000][120][trace][gc,age      ] GC(37) - age  12:      41168 bytes,     475832 total
[2025-10-08T15:15:03.255+0000][120][trace][gc,age      ] GC(37) - age  13:      22304 bytes,     498136 total
[2025-10-08T15:15:03.255+0000][120][trace][gc,age      ] GC(37) - age  14:      26168 bytes,     524304 total
[2025-10-08T15:15:03.255+0000][120][trace][gc,age      ] GC(37) - age  15:      66904 bytes,     591208 total
[2025-10-08T15:15:03.256+0000][120][info ][gc,heap     ] GC(37) Eden regions: 152->0(152)
[2025-10-08T15:15:03.256+0000][120][info ][gc,heap     ] GC(37) Survivor regions: 1->1(20)
[2025-10-08T15:15:03.256+0000][120][info ][gc,heap     ] GC(37) Old regions: 37->37
[2025-10-08T15:15:03.256+0000][120][info ][gc,heap     ] GC(37) Humongous regions: 2->2
[2025-10-08T15:15:03.256+0000][120][info ][gc,metaspace] GC(37) Metaspace: 153514K(157824K)->153514K(157824K) NonClass: 132299K(134656K)->132299K(134656K) Class: 21214K(23168K)->21214K(23168K)
[2025-10-08T15:15:03.256+0000][120][info ][gc          ] GC(37) Pause Young (Normal) (G1 Evacuation Pause) 761M->153M(1024M) 10.441ms
[2025-10-08T15:15:03.256+0000][120][info ][gc,cpu      ] GC(37) User=0.04s Sys=0.00s Real=0.01s
[2025-10-08T15:15:03.256+0000][120][info ][safepoint   ] Safepoint "G1CollectForAllocation", Time since last: 187011020294 ns, Reaching safepoint: 53709 ns, Cleanup: 17291 ns, At safepoint: 10603042 ns, Total: 10674042 ns
[2025-10-08T15:15:32.229+0000][120][info ][safepoint   ] Safepoint "Cleanup", Time since last: 28327810347 ns, Reaching safepoint: 80291 ns, Cleanup: 48875 ns, At safepoint: 72000 ns, Total: 201166 ns
[2025-10-08T15:16:04.289+0000][120][info ][safepoint   ] Safepoint "Cleanup", Time since last: 32060750890 ns, Reaching safepoint: 137375 ns, Cleanup: 50542 ns, At safepoint: 11458 ns, Total: 199375 ns
[2025-10-08T15:16:13.314+0000][120][info ][safepoint   ] Safepoint "Cleanup", Time since last: 9024916921 ns, Reaching safepoint: 17625 ns, Cleanup: 13959 ns, At safepoint: 7708 ns, Total: 39292 ns
[2025-10-08T15:17:35.686+0000][120][info ][safepoint   ] Safepoint "Cleanup", Time since last: 81090261537 ns, Reaching safepoint: 26542 ns, Cleanup: 9333 ns, At safepoint: 5500 ns, Total: 41375 ns
[2025-10-08T15:19:37.232+0000][120][info ][safepoint   ] Safepoint "Cleanup", Time since last: 120214209931 ns, Reaching safepoint: 31250 ns, Cleanup: 11375 ns, At safepoint: 7458 ns, Total: 50083 ns
[2025-10-08T15:19:39.239+0000][120][info ][safepoint   ] Safepoint "Cleanup", Time since last: 2006373459 ns, Reaching safepoint: 75709 ns, Cleanup: 25708 ns, At safepoint: 15875 ns, Total: 117292 ns
[2025-10-08T15:19:46.257+0000][120][info ][safepoint   ] Safepoint "Cleanup", Time since last: 7017628087 ns, Reaching safepoint: 88875 ns, Cleanup: 58291 ns, At safepoint: 16042 ns, Total: 163208 ns
[2025-10-08T15:25:42.514+0000][120][info ][safepoint   ] Safepoint "Cleanup", Time since last: 351868606367 ns, Reaching safepoint: 161833 ns, Cleanup: 33459 ns, At safepoint: 23000 ns, Total: 218292 ns
[2025-10-08T15:26:50.275+0000][120][info ][safepoint   ] Safepoint "Cleanup", Time since last: 67125727364 ns, Reaching safepoint: 91500 ns, Cleanup: 23958 ns, At safepoint: 78667 ns, Total: 194125 ns
[2025-10-08T15:29:46.314+0000][120][info ][safepoint   ] Safepoint "Cleanup", Time since last: 174203023578 ns, Reaching safepoint: 85791 ns, Cleanup: 47042 ns, At safepoint: 17208 ns, Total: 150041 ns
[2025-10-08T15:29:55.338+0000][120][info ][safepoint   ] Safepoint "Cleanup", Time since last: 9023872505 ns, Reaching safepoint: 149958 ns, Cleanup: 68833 ns, At safepoint: 12834 ns, Total: 231625 ns
[2025-10-08T15:31:54.599+0000][120][info ][safepoint   ] Safepoint "Cleanup", Time since last: 117372045596 ns, Reaching safepoint: 74208 ns, Cleanup: 46958 ns, At safepoint: 17917 ns, Total: 139083 ns
[2025-10-08T15:34:45.641+0000][120][info ][safepoint   ] Safepoint "Cleanup", Time since last: 168497957620 ns, Reaching safepoint: 186416 ns, Cleanup: 62167 ns, At safepoint: 15125 ns, Total: 263708 ns
[2025-10-08T15:36:51.872+0000][120][info ][safepoint   ] Safepoint "Cleanup", Time since last: 124375046099 ns, Reaching safepoint: 88250 ns, Cleanup: 25167 ns, At safepoint: 16916 ns, Total: 130333 ns
[2025-10-08T15:36:52.873+0000][120][info ][safepoint   ] Safepoint "Cleanup", Time since last: 1001439209 ns, Reaching safepoint: 15209 ns, Cleanup: 10583 ns, At safepoint: 6208 ns, Total: 32000 ns
[2025-10-08T15:39:26.786+0000][120][info ][gc,start    ] GC(38) Pause Young (Normal) (G1 Evacuation Pause)
[2025-10-08T15:39:26.787+0000][120][info ][gc,task     ] GC(38) Using 8 workers of 8 for evacuation
[2025-10-08T15:39:26.787+0000][120][debug][gc,age      ] GC(38) Desired survivor size 41943040 bytes, new threshold 15 (max threshold 15)
[2025-10-08T15:39:26.798+0000][120][info ][gc,phases   ] GC(38)   Pre Evacuate Collection Set: 0.72ms
[2025-10-08T15:39:26.798+0000][120][info ][gc,phases   ] GC(38)   Merge Heap Roots: 0.16ms
[2025-10-08T15:39:26.798+0000][120][info ][gc,phases   ] GC(38)   Evacuate Collection Set: 7.13ms
[2025-10-08T15:39:26.798+0000][120][info ][gc,phases   ] GC(38)   Post Evacuate Collection Set: 2.14ms
[2025-10-08T15:39:26.798+0000][120][info ][gc,phases   ] GC(38)   Other: 0.44ms
[2025-10-08T15:39:26.798+0000][120][trace][gc,age      ] GC(38) Age table with threshold 15 (max threshold 15)
[2025-10-08T15:39:26.798+0000][120][trace][gc,age      ] GC(38) - age   1:     304328 bytes,     304328 total
[2025-10-08T15:39:26.798+0000][120][trace][gc,age      ] GC(38) - age   2:      25496 bytes,     329824 total
[2025-10-08T15:39:26.798+0000][120][trace][gc,age      ] GC(38) - age   3:      21152 bytes,     350976 total
[2025-10-08T15:39:26.798+0000][120][trace][gc,age      ] GC(38) - age   4:      29464 bytes,     380440 total
[2025-10-08T15:39:26.798+0000][120][trace][gc,age      ] GC(38) - age   5:      34008 bytes,     414448 total
[2025-10-08T15:39:26.799+0000][120][trace][gc,age      ] GC(38) - age   6:      21376 bytes,     435824 total
[2025-10-08T15:39:26.799+0000][120][trace][gc,age      ] GC(38) - age   7:      18152 bytes,     453976 total
[2025-10-08T15:39:26.799+0000][120][trace][gc,age      ] GC(38) - age   8:      18296 bytes,     472272 total
[2025-10-08T15:39:26.799+0000][120][trace][gc,age      ] GC(38) - age   9:      24648 bytes,     496920 total
[2025-10-08T15:39:26.799+0000][120][trace][gc,age      ] GC(38) - age  10:      22616 bytes,     519536 total
[2025-10-08T15:39:26.799+0000][120][trace][gc,age      ] GC(38) - age  11:      39824 bytes,     559360 total
[2025-10-08T15:39:26.799+0000][120][trace][gc,age      ] GC(38) - age  12:      62656 bytes,     622016 total
[2025-10-08T15:39:26.799+0000][120][trace][gc,age      ] GC(38) - age  13:      41168 bytes,     663184 total
[2025-10-08T15:39:26.799+0000][120][trace][gc,age      ] GC(38) - age  14:      22304 bytes,     685488 total
[2025-10-08T15:39:26.799+0000][120][trace][gc,age      ] GC(38) - age  15:      25968 bytes,     711456 total
[2025-10-08T15:39:26.799+0000][120][info ][gc,heap     ] GC(38) Eden regions: 152->0(152)
[2025-10-08T15:39:26.799+0000][120][info ][gc,heap     ] GC(38) Survivor regions: 1->1(20)
[2025-10-08T15:39:26.799+0000][120][info ][gc,heap     ] GC(38) Old regions: 37->37
[2025-10-08T15:39:26.799+0000][120][info ][gc,heap     ] GC(38) Humongous regions: 2->2
[2025-10-08T15:39:26.799+0000][120][info ][gc,metaspace] GC(38) Metaspace: 153531K(157824K)->153531K(157824K) NonClass: 132316K(134656K)->132316K(134656K) Class: 21214K(23168K)->21214K(23168K)
[2025-10-08T15:39:26.800+0000][120][info ][gc          ] GC(38) Pause Young (Normal) (G1 Evacuation Pause) 761M->153M(1024M) 13.978ms
[2025-10-08T15:39:26.800+0000][120][info ][gc,cpu      ] GC(38) User=0.02s Sys=0.00s Real=0.01s
[2025-10-08T15:39:26.800+0000][120][info ][safepoint   ] Safepoint "G1CollectForAllocation", Time since last: 152006472736 ns, Reaching safepoint: 131500 ns, Cleanup: 26667 ns, At safepoint: 14385458 ns, Total: 14543625 ns
[2025-10-08T15:41:54.985+0000][120][info ][safepoint   ] Safepoint "Cleanup", Time since last: 142759741482 ns, Reaching safepoint: 87750 ns, Cleanup: 51250 ns, At safepoint: 14167 ns, Total: 153167 ns
[2025-10-08T15:41:55.989+0000][120][info ][safepoint   ] Safepoint "Cleanup", Time since last: 1003854750 ns, Reaching safepoint: 93750 ns, Cleanup: 47125 ns, At safepoint: 13292 ns, Total: 154167 ns
[2025-10-08T15:42:32.410+0000][120][info ][safepoint   ] Safepoint "Cleanup", Time since last: 35077925891 ns, Reaching safepoint: 105125 ns, Cleanup: 50583 ns, At safepoint: 19125 ns, Total: 174833 ns
[2025-10-08T15:44:02.521+0000][120][info ][safepoint   ] Safepoint "Cleanup", Time since last: 88176765040 ns, Reaching safepoint: 210375 ns, Cleanup: 28917 ns, At safepoint: 15917 ns, Total: 255209 ns
[2025-10-08T15:44:35.133+0000][120][info ][safepoint   ] Safepoint "Cleanup", Time since last: 32077664890 ns, Reaching safepoint: 146250 ns, Cleanup: 52625 ns, At safepoint: 21583 ns, Total: 220458 ns
[2025-10-08T15:46:57.754+0000][120][info ][safepoint   ] Safepoint "Cleanup", Time since last: 136151870396 ns, Reaching safepoint: 90458 ns, Cleanup: 49000 ns, At safepoint: 13292 ns, Total: 152750 ns
[2025-10-08T15:50:24.628+0000][120][info ][safepoint   ] Safepoint "Cleanup", Time since last: 195432061381 ns, Reaching safepoint: 125000 ns, Cleanup: 61542 ns, At safepoint: 29542 ns, Total: 216084 ns
[2025-10-08T15:52:58.999+0000][120][info ][safepoint   ] Safepoint "Cleanup", Time since last: 149456532360 ns, Reaching safepoint: 13125 ns, Cleanup: 15250 ns, At safepoint: 22875 ns, Total: 51250 ns
[2025-10-08T15:54:22.640+0000][120][info ][safepoint   ] Safepoint "Cleanup", Time since last: 78981091911 ns, Reaching safepoint: 50083 ns, Cleanup: 32917 ns, At safepoint: 12166 ns, Total: 95166 ns
[2025-10-08T15:56:30.482+0000][120][info ][safepoint   ] Safepoint "Cleanup", Time since last: 122104952764 ns, Reaching safepoint: 19834 ns, Cleanup: 11125 ns, At safepoint: 10041 ns, Total: 41000 ns
[2025-10-08T16:01:43.726+0000][120][info ][safepoint   ] Safepoint "Cleanup", Time since last: 300607525553 ns, Reaching safepoint: 119667 ns, Cleanup: 57083 ns, At safepoint: 16584 ns, Total: 193334 ns
[2025-10-08T16:02:01.261+0000][120][info ][safepoint   ] Safepoint "Cleanup", Time since last: 16025339007 ns, Reaching safepoint: 77541 ns, Cleanup: 59292 ns, At safepoint: 13833 ns, Total: 150666 ns
[2025-10-08T16:04:38.127+0000][120][info ][gc,start    ] GC(39) Pause Young (Normal) (G1 Evacuation Pause)
[2025-10-08T16:04:38.127+0000][120][info ][gc,task     ] GC(39) Using 8 workers of 8 for evacuation
[2025-10-08T16:04:38.127+0000][120][debug][gc,age      ] GC(39) Desired survivor size 41943040 bytes, new threshold 15 (max threshold 15)
[2025-10-08T16:04:38.137+0000][120][info ][gc,phases   ] GC(39)   Pre Evacuate Collection Set: 0.70ms
[2025-10-08T16:04:38.137+0000][120][info ][gc,phases   ] GC(39)   Merge Heap Roots: 0.25ms
[2025-10-08T16:04:38.137+0000][120][info ][gc,phases   ] GC(39)   Evacuate Collection Set: 6.10ms
[2025-10-08T16:04:38.137+0000][120][info ][gc,phases   ] GC(39)   Post Evacuate Collection Set: 1.83ms
[2025-10-08T16:04:38.137+0000][120][info ][gc,phases   ] GC(39)   Other: 0.50ms
[2025-10-08T16:04:38.137+0000][120][trace][gc,age      ] GC(39) Age table with threshold 15 (max threshold 15)
[2025-10-08T16:04:38.137+0000][120][trace][gc,age      ] GC(39) - age   1:     104968 bytes,     104968 total
[2025-10-08T16:04:38.137+0000][120][trace][gc,age      ] GC(39) - age   2:     219800 bytes,     324768 total
[2025-10-08T16:04:38.137+0000][120][trace][gc,age      ] GC(39) - age   3:      25200 bytes,     349968 total
[2025-10-08T16:04:38.137+0000][120][trace][gc,age      ] GC(39) - age   4:      21112 bytes,     371080 total
[2025-10-08T16:04:38.138+0000][120][trace][gc,age      ] GC(39) - age   5:      29432 bytes,     400512 total
[2025-10-08T16:04:38.138+0000][120][trace][gc,age      ] GC(39) - age   6:      34008 bytes,     434520 total
[2025-10-08T16:04:38.138+0000][120][trace][gc,age      ] GC(39) - age   7:      21376 bytes,     455896 total
[2025-10-08T16:04:38.138+0000][120][trace][gc,age      ] GC(39) - age   8:      18152 bytes,     474048 total
[2025-10-08T16:04:38.138+0000][120][trace][gc,age      ] GC(39) - age   9:      18296 bytes,     492344 total
[2025-10-08T16:04:38.138+0000][120][trace][gc,age      ] GC(39) - age  10:      24648 bytes,     516992 total
[2025-10-08T16:04:38.138+0000][120][trace][gc,age      ] GC(39) - age  11:      22616 bytes,     539608 total
[2025-10-08T16:04:38.138+0000][120][trace][gc,age      ] GC(39) - age  12:      39824 bytes,     579432 total
[2025-10-08T16:04:38.138+0000][120][trace][gc,age      ] GC(39) - age  13:      62656 bytes,     642088 total
[2025-10-08T16:04:38.138+0000][120][trace][gc,age      ] GC(39) - age  14:      41168 bytes,     683256 total
[2025-10-08T16:04:38.138+0000][120][trace][gc,age      ] GC(39) - age  15:      22304 bytes,     705560 total
[2025-10-08T16:04:38.138+0000][120][info ][gc,heap     ] GC(39) Eden regions: 152->0(152)
[2025-10-08T16:04:38.138+0000][120][info ][gc,heap     ] GC(39) Survivor regions: 1->1(20)
[2025-10-08T16:04:38.138+0000][120][info ][gc,heap     ] GC(39) Old regions: 37->37
[2025-10-08T16:04:38.138+0000][120][info ][gc,heap     ] GC(39) Humongous regions: 2->2
[2025-10-08T16:04:38.138+0000][120][info ][gc,metaspace] GC(39) Metaspace: 153546K(157824K)->153546K(157824K) NonClass: 132331K(134656K)->132331K(134656K) Class: 21215K(23168K)->21215K(23168K)
[2025-10-08T16:04:38.139+0000][120][info ][gc          ] GC(39) Pause Young (Normal) (G1 Evacuation Pause) 761M->153M(1024M) 11.675ms
[2025-10-08T16:04:38.139+0000][120][info ][gc,cpu      ] GC(39) User=0.04s Sys=0.00s Real=0.02s
[2025-10-08T16:04:38.139+0000][120][info ][safepoint   ] Safepoint "G1CollectForAllocation", Time since last: 150005280111 ns, Reaching safepoint: 129166 ns, Cleanup: 10042 ns, At safepoint: 12044125 ns, Total: 12183333 ns
[2025-10-08T16:06:57.753+0000][120][info ][safepoint   ] Safepoint "Cleanup", Time since last: 133632649187 ns, Reaching safepoint: 86292 ns, Cleanup: 70625 ns, At safepoint: 30125 ns, Total: 187042 ns
[2025-10-08T16:08:38.864+0000][120][info ][safepoint   ] Safepoint "Cleanup", Time since last: 97337359627 ns, Reaching safepoint: 154167 ns, Cleanup: 44125 ns, At safepoint: 19375 ns, Total: 217667 ns
[2025-10-08T16:12:09.554+0000][120][info ][safepoint   ] Safepoint "Cleanup", Time since last: 203241599174 ns, Reaching safepoint: 92500 ns, Cleanup: 49042 ns, At safepoint: 24250 ns, Total: 165792 ns
[2025-10-08T16:12:11.557+0000][120][info ][safepoint   ] Safepoint "Cleanup", Time since last: 2002912209 ns, Reaching safepoint: 64959 ns, Cleanup: 26625 ns, At safepoint: 17916 ns, Total: 109500 ns
[2025-10-08T16:16:32.231+0000][120][info ][safepoint   ] Safepoint "Cleanup", Time since last: 249644323114 ns, Reaching safepoint: 86542 ns, Cleanup: 45417 ns, At safepoint: 15916 ns, Total: 147875 ns
[2025-10-08T16:16:44.376+0000][120][info ][safepoint   ] Safepoint "Cleanup", Time since last: 12030555172 ns, Reaching safepoint: 163542 ns, Cleanup: 67375 ns, At safepoint: 20458 ns, Total: 251375 ns
[2025-10-08T16:17:23.547+0000][120][info ][safepoint   ] Safepoint "Cleanup", Time since last: 37036262226 ns, Reaching safepoint: 79708 ns, Cleanup: 51625 ns, At safepoint: 38417 ns, Total: 169750 ns
[2025-10-08T16:22:30.281+0000][120][info ][safepoint   ] Safepoint "Cleanup", Time since last: 293544134509 ns, Reaching safepoint: 143792 ns, Cleanup: 46208 ns, At safepoint: 18125 ns, Total: 208125 ns
[2025-10-08T16:23:02.192+0000][120][info ][safepoint   ] Safepoint "Cleanup", Time since last: 30069414638 ns, Reaching safepoint: 36500 ns, Cleanup: 9334 ns, At safepoint: 9250 ns, Total: 55084 ns
[2025-10-08T16:23:45.909+0000][120][info ][safepoint   ] Safepoint "Cleanup", Time since last: 42187790602 ns, Reaching safepoint: 14833 ns, Cleanup: 13500 ns, At safepoint: 37584 ns, Total: 65917 ns
[2025-10-08T16:27:03.693+0000][120][info ][safepoint   ] Safepoint "Cleanup", Time since last: 187298714210 ns, Reaching safepoint: 85834 ns, Cleanup: 32666 ns, At safepoint: 14875 ns, Total: 133375 ns
[2025-10-08T16:29:56.832+0000][120][info ][gc,start    ] GC(40) Pause Young (Normal) (G1 Evacuation Pause)
[2025-10-08T16:29:56.832+0000][120][info ][gc,task     ] GC(40) Using 8 workers of 8 for evacuation
[2025-10-08T16:29:56.832+0000][120][debug][gc,age      ] GC(40) Desired survivor size 41943040 bytes, new threshold 15 (max threshold 15)
[2025-10-08T16:29:56.835+0000][120][info ][gc,phases   ] GC(40)   Pre Evacuate Collection Set: 0.14ms
[2025-10-08T16:29:56.835+0000][120][info ][gc,phases   ] GC(40)   Merge Heap Roots: 0.10ms
[2025-10-08T16:29:56.835+0000][120][info ][gc,phases   ] GC(40)   Evacuate Collection Set: 1.23ms
[2025-10-08T16:29:56.835+0000][120][info ][gc,phases   ] GC(40)   Post Evacuate Collection Set: 0.53ms
[2025-10-08T16:29:56.835+0000][120][info ][gc,phases   ] GC(40)   Other: 0.15ms
[2025-10-08T16:29:56.835+0000][120][trace][gc,age      ] GC(40) Age table with threshold 15 (max threshold 15)
[2025-10-08T16:29:56.835+0000][120][trace][gc,age      ] GC(40) - age   1:     104992 bytes,     104992 total
[2025-10-08T16:29:56.835+0000][120][trace][gc,age      ] GC(40) - age   2:      19704 bytes,     124696 total
[2025-10-08T16:29:56.835+0000][120][trace][gc,age      ] GC(40) - age   3:     219392 bytes,     344088 total
[2025-10-08T16:29:56.835+0000][120][trace][gc,age      ] GC(40) - age   4:      25160 bytes,     369248 total
[2025-10-08T16:29:56.835+0000][120][trace][gc,age      ] GC(40) - age   5:      21080 bytes,     390328 total
[2025-10-08T16:29:56.835+0000][120][trace][gc,age      ] GC(40) - age   6:      29336 bytes,     419664 total
[2025-10-08T16:29:56.835+0000][120][trace][gc,age      ] GC(40) - age   7:      34008 bytes,     453672 total
[2025-10-08T16:29:56.835+0000][120][trace][gc,age      ] GC(40) - age   8:      21376 bytes,     475048 total
[2025-10-08T16:29:56.835+0000][120][trace][gc,age      ] GC(40) - age   9:      18152 bytes,     493200 total
[2025-10-08T16:29:56.835+0000][120][trace][gc,age      ] GC(40) - age  10:      18296 bytes,     511496 total
[2025-10-08T16:29:56.835+0000][120][trace][gc,age      ] GC(40) - age  11:      24648 bytes,     536144 total
[2025-10-08T16:29:56.835+0000][120][trace][gc,age      ] GC(40) - age  12:      22616 bytes,     558760 total
[2025-10-08T16:29:56.835+0000][120][trace][gc,age      ] GC(40) - age  13:      39824 bytes,     598584 total
[2025-10-08T16:29:56.835+0000][120][trace][gc,age      ] GC(40) - age  14:      62656 bytes,     661240 total
[2025-10-08T16:29:56.835+0000][120][trace][gc,age      ] GC(40) - age  15:      41168 bytes,     702408 total
[2025-10-08T16:29:56.835+0000][120][info ][gc,heap     ] GC(40) Eden regions: 152->0(152)
[2025-10-08T16:29:56.835+0000][120][info ][gc,heap     ] GC(40) Survivor regions: 1->1(20)
[2025-10-08T16:29:56.835+0000][120][info ][gc,heap     ] GC(40) Old regions: 37->37
[2025-10-08T16:29:56.835+0000][120][info ][gc,heap     ] GC(40) Humongous regions: 2->2
[2025-10-08T16:29:56.835+0000][120][info ][gc,metaspace] GC(40) Metaspace: 153577K(157888K)->153577K(157888K) NonClass: 132362K(134720K)->132362K(134720K) Class: 21215K(23168K)->21215K(23168K)
[2025-10-08T16:29:56.835+0000][120][info ][gc          ] GC(40) Pause Young (Normal) (G1 Evacuation Pause) 761M->153M(1024M) 3.784ms
[2025-10-08T16:29:56.835+0000][120][info ][gc,cpu      ] GC(40) User=0.01s Sys=0.00s Real=0.01s
[2025-10-08T16:29:56.835+0000][120][info ][safepoint   ] Safepoint "G1CollectForAllocation", Time since last: 161428846074 ns, Reaching safepoint: 12250 ns, Cleanup: 7791 ns, At safepoint: 3960750 ns, Total: 3980791 ns
[2025-10-08T17:16:58.656+0000][120][info ][safepoint   ] Safepoint "Cleanup", Time since last: 765548282226 ns, Reaching safepoint: 182375 ns, Cleanup: 61250 ns, At safepoint: 157458 ns, Total: 401083 ns
[2025-10-08T17:22:29.690+0000][120][info ][safepoint   ] Safepoint "Cleanup", Time since last: 318594549478 ns, Reaching safepoint: 308875 ns, Cleanup: 51167 ns, At safepoint: 115333 ns, Total: 475375 ns
[2025-10-08T17:24:54.067+0000][120][info ][safepoint   ] Safepoint "Cleanup", Time since last: 137341265854 ns, Reaching safepoint: 131083 ns, Cleanup: 65959 ns, At safepoint: 113250 ns, Total: 310292 ns
[2025-10-08T17:25:36.754+0000][120][info ][safepoint   ] Safepoint "Cleanup", Time since last: 40174596518 ns, Reaching safepoint: 32208 ns, Cleanup: 25208 ns, At safepoint: 15375 ns, Total: 72791 ns
[2025-10-08T17:27:45.014+0000][120][info ][safepoint   ] Safepoint "Cleanup", Time since last: 123193526016 ns, Reaching safepoint: 74750 ns, Cleanup: 59709 ns, At safepoint: 58708 ns, Total: 193167 ns
[2025-10-08T17:28:53.063+0000][120][info ][gc,start    ] GC(41) Pause Young (Normal) (G1 Evacuation Pause)
[2025-10-08T17:28:53.063+0000][120][info ][gc,task     ] GC(41) Using 8 workers of 8 for evacuation
[2025-10-08T17:28:53.064+0000][120][debug][gc,age      ] GC(41) Desired survivor size 41943040 bytes, new threshold 15 (max threshold 15)
[2025-10-08T17:28:53.075+0000][120][info ][gc,phases   ] GC(41)   Pre Evacuate Collection Set: 1.02ms
[2025-10-08T17:28:53.075+0000][120][info ][gc,phases   ] GC(41)   Merge Heap Roots: 0.24ms
[2025-10-08T17:28:53.075+0000][120][info ][gc,phases   ] GC(41)   Evacuate Collection Set: 7.25ms
[2025-10-08T17:28:53.075+0000][120][info ][gc,phases   ] GC(41)   Post Evacuate Collection Set: 2.41ms
[2025-10-08T17:28:53.076+0000][120][info ][gc,phases   ] GC(41)   Other: 0.62ms
[2025-10-08T17:28:53.076+0000][120][trace][gc,age      ] GC(41) Age table with threshold 15 (max threshold 15)
[2025-10-08T17:28:53.076+0000][120][trace][gc,age      ] GC(41) - age   1:     103680 bytes,     103680 total
[2025-10-08T17:28:53.076+0000][120][trace][gc,age      ] GC(41) - age   2:      22056 bytes,     125736 total
[2025-10-08T17:28:53.076+0000][120][trace][gc,age      ] GC(41) - age   3:      19704 bytes,     145440 total
[2025-10-08T17:28:53.076+0000][120][trace][gc,age      ] GC(41) - age   4:     219352 bytes,     364792 total
[2025-10-08T17:28:53.076+0000][120][trace][gc,age      ] GC(41) - age   5:      25128 bytes,     389920 total
[2025-10-08T17:28:53.076+0000][120][trace][gc,age      ] GC(41) - age   6:      21080 bytes,     411000 total
[2025-10-08T17:28:53.076+0000][120][trace][gc,age      ] GC(41) - age   7:      29336 bytes,     440336 total
[2025-10-08T17:28:53.076+0000][120][trace][gc,age      ] GC(41) - age   8:      34008 bytes,     474344 total
[2025-10-08T17:28:53.077+0000][120][trace][gc,age      ] GC(41) - age   9:      21376 bytes,     495720 total
[2025-10-08T17:28:53.077+0000][120][trace][gc,age      ] GC(41) - age  10:      18152 bytes,     513872 total
[2025-10-08T17:28:53.077+0000][120][trace][gc,age      ] GC(41) - age  11:      18296 bytes,     532168 total
[2025-10-08T17:28:53.077+0000][120][trace][gc,age      ] GC(41) - age  12:      24648 bytes,     556816 total
[2025-10-08T17:28:53.077+0000][120][trace][gc,age      ] GC(41) - age  13:      22616 bytes,     579432 total
[2025-10-08T17:28:53.077+0000][120][trace][gc,age      ] GC(41) - age  14:      39824 bytes,     619256 total
[2025-10-08T17:28:53.077+0000][120][trace][gc,age      ] GC(41) - age  15:      62656 bytes,     681912 total
[2025-10-08T17:28:53.077+0000][120][info ][gc,heap     ] GC(41) Eden regions: 152->0(152)
[2025-10-08T17:28:53.077+0000][120][info ][gc,heap     ] GC(41) Survivor regions: 1->1(20)
[2025-10-08T17:28:53.078+0000][120][info ][gc,heap     ] GC(41) Old regions: 37->37
[2025-10-08T17:28:53.078+0000][120][info ][gc,heap     ] GC(41) Humongous regions: 2->2
[2025-10-08T17:28:53.078+0000][120][info ][gc,metaspace] GC(41) Metaspace: 153593K(157888K)->153593K(157888K) NonClass: 132377K(134720K)->132377K(134720K) Class: 21215K(23168K)->21215K(23168K)
[2025-10-08T17:28:53.078+0000][120][info ][gc          ] GC(41) Pause Young (Normal) (G1 Evacuation Pause) 761M->153M(1024M) 14.986ms
[2025-10-08T17:28:53.078+0000][120][info ][gc,cpu      ] GC(41) User=0.04s Sys=0.00s Real=0.02s
[2025-10-08T17:28:53.078+0000][120][info ][safepoint   ] Safepoint "G1CollectForAllocation", Time since last: 65171229613 ns, Reaching safepoint: 1113292 ns, Cleanup: 18666 ns, At safepoint: 15468750 ns, Total: 16600708 ns
[2025-10-08T17:29:50.181+0000][120][info ][safepoint   ] Safepoint "Cleanup", Time since last: 55145566650 ns, Reaching safepoint: 77833 ns, Cleanup: 52625 ns, At safepoint: 19000 ns, Total: 149458 ns
[2025-10-08T17:31:59.830+0000][120][info ][safepoint   ] Safepoint "Cleanup", Time since last: 123234820807 ns, Reaching safepoint: 92667 ns, Cleanup: 47875 ns, At safepoint: 24333 ns, Total: 164875 ns
[2025-10-08T17:41:04.546+0000][120][info ][safepoint   ] Safepoint "Cleanup", Time since last: 516496784236 ns, Reaching safepoint: 51542 ns, Cleanup: 15583 ns, At safepoint: 7125 ns, Total: 74250 ns
[2025-10-08T17:52:12.166+0000][120][info ][safepoint   ] Safepoint "Cleanup", Time since last: 639227290751 ns, Reaching safepoint: 67833 ns, Cleanup: 59583 ns, At safepoint: 20542 ns, Total: 147958 ns
[2025-10-08T17:52:13.169+0000][120][info ][safepoint   ] Safepoint "Cleanup", Time since last: 1003036875 ns, Reaching safepoint: 19000 ns, Cleanup: 16959 ns, At safepoint: 8916 ns, Total: 44875 ns
[2025-10-08T17:54:06.583+0000][120][info ][gc,start    ] GC(42) Pause Young (Normal) (G1 Evacuation Pause)
[2025-10-08T17:54:06.583+0000][120][info ][gc,task     ] GC(42) Using 8 workers of 8 for evacuation
[2025-10-08T17:54:06.584+0000][120][debug][gc,age      ] GC(42) Desired survivor size 41943040 bytes, new threshold 15 (max threshold 15)
[2025-10-08T17:54:06.589+0000][120][info ][gc,phases   ] GC(42)   Pre Evacuate Collection Set: 0.56ms
[2025-10-08T17:54:06.589+0000][120][info ][gc,phases   ] GC(42)   Merge Heap Roots: 0.20ms
[2025-10-08T17:54:06.589+0000][120][info ][gc,phases   ] GC(42)   Evacuate Collection Set: 2.70ms
[2025-10-08T17:54:06.589+0000][120][info ][gc,phases   ] GC(42)   Post Evacuate Collection Set: 1.44ms
[2025-10-08T17:54:06.589+0000][120][info ][gc,phases   ] GC(42)   Other: 0.70ms
[2025-10-08T17:54:06.589+0000][120][trace][gc,age      ] GC(42) Age table with threshold 15 (max threshold 15)
[2025-10-08T17:54:06.589+0000][120][trace][gc,age      ] GC(42) - age   1:     106800 bytes,     106800 total
[2025-10-08T17:54:06.589+0000][120][trace][gc,age      ] GC(42) - age   2:      19192 bytes,     125992 total
[2025-10-08T17:54:06.590+0000][120][trace][gc,age      ] GC(42) - age   3:      21648 bytes,     147640 total
[2025-10-08T17:54:06.590+0000][120][trace][gc,age      ] GC(42) - age   4:      19568 bytes,     167208 total
[2025-10-08T17:54:06.590+0000][120][trace][gc,age      ] GC(42) - age   5:     219216 bytes,     386424 total
[2025-10-08T17:54:06.590+0000][120][trace][gc,age      ] GC(42) - age   6:      24456 bytes,     410880 total
[2025-10-08T17:54:06.590+0000][120][trace][gc,age      ] GC(42) - age   7:      21080 bytes,     431960 total
[2025-10-08T17:54:06.590+0000][120][trace][gc,age      ] GC(42) - age   8:      29336 bytes,     461296 total
[2025-10-08T17:54:06.590+0000][120][trace][gc,age      ] GC(42) - age   9:      34008 bytes,     495304 total
[2025-10-08T17:54:06.590+0000][120][trace][gc,age      ] GC(42) - age  10:      21376 bytes,     516680 total
[2025-10-08T17:54:06.590+0000][120][trace][gc,age      ] GC(42) - age  11:      18152 bytes,     534832 total
[2025-10-08T17:54:06.590+0000][120][trace][gc,age      ] GC(42) - age  12:      18296 bytes,     553128 total
[2025-10-08T17:54:06.590+0000][120][trace][gc,age      ] GC(42) - age  13:      24648 bytes,     577776 total
[2025-10-08T17:54:06.590+0000][120][trace][gc,age      ] GC(42) - age  14:      22216 bytes,     599992 total
[2025-10-08T17:54:06.590+0000][120][trace][gc,age      ] GC(42) - age  15:      39824 bytes,     639816 total
[2025-10-08T17:54:06.590+0000][120][info ][gc,heap     ] GC(42) Eden regions: 152->0(152)
[2025-10-08T17:54:06.590+0000][120][info ][gc,heap     ] GC(42) Survivor regions: 1->1(20)
[2025-10-08T17:54:06.590+0000][120][info ][gc,heap     ] GC(42) Old regions: 37->37
[2025-10-08T17:54:06.590+0000][120][info ][gc,heap     ] GC(42) Humongous regions: 2->2
[2025-10-08T17:54:06.591+0000][120][info ][gc,metaspace] GC(42) Metaspace: 153603K(157952K)->153603K(157952K) NonClass: 132387K(134784K)->132387K(134784K) Class: 21216K(23168K)->21216K(23168K)
[2025-10-08T17:54:06.591+0000][120][info ][gc          ] GC(42) Pause Young (Normal) (G1 Evacuation Pause) 761M->153M(1024M) 7.469ms
[2025-10-08T17:54:06.591+0000][120][info ][gc,cpu      ] GC(42) User=0.01s Sys=0.00s Real=0.01s
[2025-10-08T17:54:06.591+0000][120][info ][safepoint   ] Safepoint "G1CollectForAllocation", Time since last: 109246032676 ns, Reaching safepoint: 158750 ns, Cleanup: 8292 ns, At safepoint: 7808416 ns, Total: 7975458 ns
[2025-10-08T17:57:11.706+0000][120][info ][safepoint   ] Safepoint "Cleanup", Time since last: 178103389748 ns, Reaching safepoint: 75083 ns, Cleanup: 41167 ns, At safepoint: 15500 ns, Total: 131750 ns
[2025-10-08T17:57:41.043+0000][120][info ][safepoint   ] Safepoint "Cleanup", Time since last: 28062846221 ns, Reaching safepoint: 170417 ns, Cleanup: 53625 ns, At safepoint: 18417 ns, Total: 242459 ns
[2025-10-08T17:58:43.815+0000][120][info ][safepoint   ] Safepoint "Cleanup", Time since last: 60181545402 ns, Reaching safepoint: 135083 ns, Cleanup: 39209 ns, At safepoint: 22958 ns, Total: 197250 ns
[2025-10-08T17:59:04.543+0000][120][info ][safepoint   ] Safepoint "Cleanup", Time since last: 15028261298 ns, Reaching safepoint: 152958 ns, Cleanup: 43167 ns, At safepoint: 15917 ns, Total: 212042 ns
[2025-10-08T17:59:13.520+0000][120][info ][safepoint   ] Safepoint "Cleanup", Time since last: 8976719629 ns, Reaching safepoint: 83417 ns, Cleanup: 51250 ns, At safepoint: 13875 ns, Total: 148542 ns
[2025-10-08T18:00:06.843+0000][120][info ][safepoint   ] Safepoint "Cleanup", Time since last: 51097648481 ns, Reaching safepoint: 147500 ns, Cleanup: 82750 ns, At safepoint: 19917 ns, Total: 250167 ns
[2025-10-08T18:00:21.892+0000][120][info ][safepoint   ] Safepoint "Cleanup", Time since last: 15048964841 ns, Reaching safepoint: 89500 ns, Cleanup: 45875 ns, At safepoint: 22000 ns, Total: 157375 ns
[2025-10-08T18:02:30.176+0000][120][info ][safepoint   ] Safepoint "Cleanup", Time since last: 121233703055 ns, Reaching safepoint: 66000 ns, Cleanup: 58333 ns, At safepoint: 14084 ns, Total: 138417 ns
[2025-10-08T18:11:44.634+0000][120][info ][safepoint   ] Safepoint "Cleanup", Time since last: 525537148239 ns, Reaching safepoint: 190500 ns, Cleanup: 59750 ns, At safepoint: 18333 ns, Total: 268583 ns
[2025-10-08T18:12:00.415+0000][120][info ][safepoint   ] Safepoint "Cleanup", Time since last: 15781000091 ns, Reaching safepoint: 185583 ns, Cleanup: 53958 ns, At safepoint: 23667 ns, Total: 263208 ns
[2025-10-08T18:13:52.461+0000][120][info ][safepoint   ] Safepoint "Cleanup", Time since last: 104302321922 ns, Reaching safepoint: 95625 ns, Cleanup: 111958 ns, At safepoint: 124875 ns, Total: 332458 ns
[2025-10-08T18:14:23.725+0000][120][info ][safepoint   ] Safepoint "Cleanup", Time since last: 30013572639 ns, Reaching safepoint: 210625 ns, Cleanup: 52167 ns, At safepoint: 19708 ns, Total: 282500 ns
[2025-10-08T18:19:39.439+0000][120][info ][gc,start    ] GC(43) Pause Young (Normal) (G1 Evacuation Pause)
[2025-10-08T18:19:39.440+0000][120][info ][gc,task     ] GC(43) Using 8 workers of 8 for evacuation
[2025-10-08T18:19:39.441+0000][120][debug][gc,age      ] GC(43) Desired survivor size 41943040 bytes, new threshold 15 (max threshold 15)
[2025-10-08T18:19:39.450+0000][120][info ][gc,phases   ] GC(43)   Pre Evacuate Collection Set: 0.76ms
[2025-10-08T18:19:39.451+0000][120][info ][gc,phases   ] GC(43)   Merge Heap Roots: 0.28ms
[2025-10-08T18:19:39.451+0000][120][info ][gc,phases   ] GC(43)   Evacuate Collection Set: 6.58ms
[2025-10-08T18:19:39.451+0000][120][info ][gc,phases   ] GC(43)   Post Evacuate Collection Set: 1.74ms
[2025-10-08T18:19:39.451+0000][120][info ][gc,phases   ] GC(43)   Other: 0.62ms
[2025-10-08T18:19:39.451+0000][120][trace][gc,age      ] GC(43) Age table with threshold 15 (max threshold 15)
[2025-10-08T18:19:39.451+0000][120][trace][gc,age      ] GC(43) - age   1:     107536 bytes,     107536 total
[2025-10-08T18:19:39.451+0000][120][trace][gc,age      ] GC(43) - age   2:      20400 bytes,     127936 total
[2025-10-08T18:19:39.451+0000][120][trace][gc,age      ] GC(43) - age   3:      19160 bytes,     147096 total
[2025-10-08T18:19:39.451+0000][120][trace][gc,age      ] GC(43) - age   4:      21608 bytes,     168704 total
[2025-10-08T18:19:39.451+0000][120][trace][gc,age      ] GC(43) - age   5:      19496 bytes,     188200 total
[2025-10-08T18:19:39.451+0000][120][trace][gc,age      ] GC(43) - age   6:     219184 bytes,     407384 total
[2025-10-08T18:19:39.451+0000][120][trace][gc,age      ] GC(43) - age   7:      24456 bytes,     431840 total
[2025-10-08T18:19:39.451+0000][120][trace][gc,age      ] GC(43) - age   8:      21080 bytes,     452920 total
[2025-10-08T18:19:39.451+0000][120][trace][gc,age      ] GC(43) - age   9:      29336 bytes,     482256 total
[2025-10-08T18:19:39.452+0000][120][trace][gc,age      ] GC(43) - age  10:      34008 bytes,     516264 total
[2025-10-08T18:19:39.452+0000][120][trace][gc,age      ] GC(43) - age  11:      21376 bytes,     537640 total
[2025-10-08T18:19:39.452+0000][120][trace][gc,age      ] GC(43) - age  12:      18152 bytes,     555792 total
[2025-10-08T18:19:39.452+0000][120][trace][gc,age      ] GC(43) - age  13:      18296 bytes,     574088 total
[2025-10-08T18:19:39.452+0000][120][trace][gc,age      ] GC(43) - age  14:      24648 bytes,     598736 total
[2025-10-08T18:19:39.452+0000][120][trace][gc,age      ] GC(43) - age  15:      22216 bytes,     620952 total
[2025-10-08T18:19:39.452+0000][120][info ][gc,heap     ] GC(43) Eden regions: 152->0(152)
[2025-10-08T18:19:39.452+0000][120][info ][gc,heap     ] GC(43) Survivor regions: 1->1(20)
[2025-10-08T18:19:39.452+0000][120][info ][gc,heap     ] GC(43) Old regions: 37->37
[2025-10-08T18:19:39.452+0000][120][info ][gc,heap     ] GC(43) Humongous regions: 2->2
[2025-10-08T18:19:39.452+0000][120][info ][gc,metaspace] GC(43) Metaspace: 153605K(157952K)->153605K(157952K) NonClass: 132389K(134784K)->132389K(134784K) Class: 21216K(23168K)->21216K(23168K)
[2025-10-08T18:19:39.452+0000][120][info ][gc          ] GC(43) Pause Young (Normal) (G1 Evacuation Pause) 761M->154M(1024M) 13.768ms
[2025-10-08T18:19:39.452+0000][120][info ][gc,cpu      ] GC(43) User=0.04s Sys=0.00s Real=0.02s
[2025-10-08T18:19:39.453+0000][120][info ][safepoint   ] Safepoint "G1CollectForAllocation", Time since last: 299501798011 ns, Reaching safepoint: 164375 ns, Cleanup: 14625 ns, At safepoint: 14079667 ns, Total: 14258667 ns
[2025-10-08T18:25:34.117+0000][120][info ][safepoint   ] Safepoint "Cleanup", Time since last: 336764981820 ns, Reaching safepoint: 24583 ns, Cleanup: 34750 ns, At safepoint: 10625 ns, Total: 69958 ns
[2025-10-08T18:45:02.537+0000][120][info ][gc,start    ] GC(44) Pause Young (Normal) (G1 Evacuation Pause)
[2025-10-08T18:45:02.539+0000][120][info ][gc,task     ] GC(44) Using 8 workers of 8 for evacuation
[2025-10-08T18:45:02.539+0000][120][debug][gc,age      ] GC(44) Desired survivor size 41943040 bytes, new threshold 15 (max threshold 15)
[2025-10-08T18:45:02.544+0000][120][info ][gc,phases   ] GC(44)   Pre Evacuate Collection Set: 0.60ms
[2025-10-08T18:45:02.545+0000][120][info ][gc,phases   ] GC(44)   Merge Heap Roots: 0.17ms
[2025-10-08T18:45:02.545+0000][120][info ][gc,phases   ] GC(44)   Evacuate Collection Set: 2.76ms
[2025-10-08T18:45:02.545+0000][120][info ][gc,phases   ] GC(44)   Post Evacuate Collection Set: 1.55ms
[2025-10-08T18:45:02.545+0000][120][info ][gc,phases   ] GC(44)   Other: 0.38ms
[2025-10-08T18:45:02.545+0000][120][trace][gc,age      ] GC(44) Age table with threshold 15 (max threshold 15)
[2025-10-08T18:45:02.545+0000][120][trace][gc,age      ] GC(44) - age   1:     104192 bytes,     104192 total
[2025-10-08T18:45:02.545+0000][120][trace][gc,age      ] GC(44) - age   2:      20872 bytes,     125064 total
[2025-10-08T18:45:02.545+0000][120][trace][gc,age      ] GC(44) - age   3:      20048 bytes,     145112 total
[2025-10-08T18:45:02.545+0000][120][trace][gc,age      ] GC(44) - age   4:      19120 bytes,     164232 total
[2025-10-08T18:45:02.545+0000][120][trace][gc,age      ] GC(44) - age   5:      21576 bytes,     185808 total
[2025-10-08T18:45:02.546+0000][120][trace][gc,age      ] GC(44) - age   6:      19496 bytes,     205304 total
[2025-10-08T18:45:02.546+0000][120][trace][gc,age      ] GC(44) - age   7:     219184 bytes,     424488 total
[2025-10-08T18:45:02.546+0000][120][trace][gc,age      ] GC(44) - age   8:      24456 bytes,     448944 total
[2025-10-08T18:45:02.546+0000][120][trace][gc,age      ] GC(44) - age   9:      21080 bytes,     470024 total
[2025-10-08T18:45:02.546+0000][120][trace][gc,age      ] GC(44) - age  10:      29336 bytes,     499360 total
[2025-10-08T18:45:02.546+0000][120][trace][gc,age      ] GC(44) - age  11:      34008 bytes,     533368 total
[2025-10-08T18:45:02.546+0000][120][trace][gc,age      ] GC(44) - age  12:      21376 bytes,     554744 total
[2025-10-08T18:45:02.546+0000][120][trace][gc,age      ] GC(44) - age  13:      18152 bytes,     572896 total
[2025-10-08T18:45:02.546+0000][120][trace][gc,age      ] GC(44) - age  14:      18096 bytes,     590992 total
[2025-10-08T18:45:02.546+0000][120][trace][gc,age      ] GC(44) - age  15:      24648 bytes,     615640 total
[2025-10-08T18:45:02.546+0000][120][info ][gc,heap     ] GC(44) Eden regions: 152->0(152)
[2025-10-08T18:45:02.546+0000][120][info ][gc,heap     ] GC(44) Survivor regions: 1->1(20)
[2025-10-08T18:45:02.546+0000][120][info ][gc,heap     ] GC(44) Old regions: 37->37
[2025-10-08T18:45:02.546+0000][120][info ][gc,heap     ] GC(44) Humongous regions: 2->2
[2025-10-08T18:45:02.546+0000][120][info ][gc,metaspace] GC(44) Metaspace: 153633K(157952K)->153633K(157952K) NonClass: 132417K(134784K)->132417K(134784K) Class: 21216K(23168K)->21216K(23168K)
[2025-10-08T18:45:02.547+0000][120][info ][gc          ] GC(44) Pause Young (Normal) (G1 Evacuation Pause) 762M->154M(1024M) 9.619ms
[2025-10-08T18:45:02.547+0000][120][info ][gc,cpu      ] GC(44) User=0.01s Sys=0.00s Real=0.01s
[2025-10-08T18:45:02.547+0000][120][info ][safepoint   ] Safepoint "G1CollectForAllocation", Time since last: 1111141592547 ns, Reaching safepoint: 156208 ns, Cleanup: 14292 ns, At safepoint: 9939792 ns, Total: 10110292 ns
[2025-10-08T18:45:37.954+0000][120][info ][safepoint   ] Safepoint "Cleanup", Time since last: 34079320640 ns, Reaching safepoint: 91917 ns, Cleanup: 59375 ns, At safepoint: 52291 ns, Total: 203583 ns
[2025-10-08T18:46:09.698+0000][120][info ][safepoint   ] Safepoint "Cleanup", Time since last: 30065420556 ns, Reaching safepoint: 202375 ns, Cleanup: 99667 ns, At safepoint: 36625 ns, Total: 338667 ns
[2025-10-08T19:02:12.805+0000][120][info ][safepoint   ] Safepoint "Cleanup", Time since last: 919540093043 ns, Reaching safepoint: 70125 ns, Cleanup: 53875 ns, At safepoint: 18292 ns, Total: 142292 ns
[2025-10-08T19:02:58.828+0000][120][info ][safepoint   ] Safepoint "Cleanup", Time since last: 44086623062 ns, Reaching safepoint: 195167 ns, Cleanup: 37333 ns, At safepoint: 20500 ns, Total: 253000 ns
[2025-10-08T19:07:01.141+0000][120][info ][safepoint   ] Safepoint "Cleanup", Time since last: 232586628857 ns, Reaching safepoint: 175750 ns, Cleanup: 68916 ns, At safepoint: 12750 ns, Total: 257416 ns
[2025-10-08T19:10:20.167+0000][120][info ][gc,start    ] GC(45) Pause Young (Normal) (G1 Evacuation Pause)
[2025-10-08T19:10:20.169+0000][120][info ][gc,task     ] GC(45) Using 8 workers of 8 for evacuation
[2025-10-08T19:10:20.169+0000][120][debug][gc,age      ] GC(45) Desired survivor size 41943040 bytes, new threshold 15 (max threshold 15)
[2025-10-08T19:10:20.174+0000][120][info ][gc,phases   ] GC(45)   Pre Evacuate Collection Set: 0.73ms
[2025-10-08T19:10:20.175+0000][120][info ][gc,phases   ] GC(45)   Merge Heap Roots: 0.16ms
[2025-10-08T19:10:20.175+0000][120][info ][gc,phases   ] GC(45)   Evacuate Collection Set: 2.72ms
[2025-10-08T19:10:20.175+0000][120][info ][gc,phases   ] GC(45)   Post Evacuate Collection Set: 1.63ms
[2025-10-08T19:10:20.175+0000][120][info ][gc,phases   ] GC(45)   Other: 0.53ms
[2025-10-08T19:10:20.175+0000][120][trace][gc,age      ] GC(45) Age table with threshold 15 (max threshold 15)
[2025-10-08T19:10:20.175+0000][120][trace][gc,age      ] GC(45) - age   1:     111064 bytes,     111064 total
[2025-10-08T19:10:20.175+0000][120][trace][gc,age      ] GC(45) - age   2:      19600 bytes,     130664 total
[2025-10-08T19:10:20.176+0000][120][trace][gc,age      ] GC(45) - age   3:      20872 bytes,     151536 total
[2025-10-08T19:10:20.176+0000][120][trace][gc,age      ] GC(45) - age   4:      19600 bytes,     171136 total
[2025-10-08T19:10:20.176+0000][120][trace][gc,age      ] GC(45) - age   5:      19088 bytes,     190224 total
[2025-10-08T19:10:20.176+0000][120][trace][gc,age      ] GC(45) - age   6:      21512 bytes,     211736 total
[2025-10-08T19:10:20.176+0000][120][trace][gc,age      ] GC(45) - age   7:      19496 bytes,     231232 total
[2025-10-08T19:10:20.176+0000][120][trace][gc,age      ] GC(45) - age   8:     219184 bytes,     450416 total
[2025-10-08T19:10:20.176+0000][120][trace][gc,age      ] GC(45) - age   9:      24456 bytes,     474872 total
[2025-10-08T19:10:20.176+0000][120][trace][gc,age      ] GC(45) - age  10:      21080 bytes,     495952 total
[2025-10-08T19:10:20.176+0000][120][trace][gc,age      ] GC(45) - age  11:      29336 bytes,     525288 total
[2025-10-08T19:10:20.176+0000][120][trace][gc,age      ] GC(45) - age  12:      34008 bytes,     559296 total
[2025-10-08T19:10:20.176+0000][120][trace][gc,age      ] GC(45) - age  13:      21376 bytes,     580672 total
[2025-10-08T19:10:20.176+0000][120][trace][gc,age      ] GC(45) - age  14:      18152 bytes,     598824 total
[2025-10-08T19:10:20.176+0000][120][trace][gc,age      ] GC(45) - age  15:      18096 bytes,     616920 total
[2025-10-08T19:10:20.177+0000][120][info ][gc,heap     ] GC(45) Eden regions: 152->0(152)
[2025-10-08T19:10:20.177+0000][120][info ][gc,heap     ] GC(45) Survivor regions: 1->1(20)
[2025-10-08T19:10:20.177+0000][120][info ][gc,heap     ] GC(45) Old regions: 37->37
[2025-10-08T19:10:20.177+0000][120][info ][gc,heap     ] GC(45) Humongous regions: 2->2
[2025-10-08T19:10:20.177+0000][120][info ][gc,metaspace] GC(45) Metaspace: 153645K(157952K)->153645K(157952K) NonClass: 132429K(134784K)->132429K(134784K) Class: 21216K(23168K)->21216K(23168K)
[2025-10-08T19:10:20.177+0000][120][info ][gc          ] GC(45) Pause Young (Normal) (G1 Evacuation Pause) 762M->154M(1024M) 9.698ms
[2025-10-08T19:10:20.177+0000][120][info ][gc,cpu      ] GC(45) User=0.02s Sys=0.00s Real=0.01s
[2025-10-08T19:10:20.177+0000][120][info ][safepoint   ] Safepoint "G1CollectForAllocation", Time since last: 186976678169 ns, Reaching safepoint: 184500 ns, Cleanup: 10083 ns, At safepoint: 10023584 ns, Total: 10218167 ns
[2025-10-08T19:10:33.846+0000][120][info ][safepoint   ] Safepoint "Cleanup", Time since last: 12030035005 ns, Reaching safepoint: 87750 ns, Cleanup: 49042 ns, At safepoint: 14750 ns, Total: 151542 ns
[2025-10-08T19:12:05.777+0000][120][info ][safepoint   ] Safepoint "Cleanup", Time since last: 87574300956 ns, Reaching safepoint: 74375 ns, Cleanup: 47375 ns, At safepoint: 17000 ns, Total: 138750 ns
[2025-10-08T19:12:17.812+0000][120][info ][safepoint   ] Safepoint "Cleanup", Time since last: 12034532631 ns, Reaching safepoint: 83167 ns, Cleanup: 56541 ns, At safepoint: 107334 ns, Total: 247042 ns
[2025-10-08T19:19:40.682+0000][120][info ][safepoint   ] Safepoint "Cleanup", Time since last: 422118922068 ns, Reaching safepoint: 74792 ns, Cleanup: 37166 ns, At safepoint: 14125 ns, Total: 126083 ns
[2025-10-08T19:54:29.393+0000][120][info ][safepoint   ] Safepoint "Cleanup", Time since last: 187485101170 ns, Reaching safepoint: 128833 ns, Cleanup: 44417 ns, At safepoint: 15875 ns, Total: 189125 ns
[2025-10-09T01:00:00.961+0000][120][info ][safepoint   ] Safepoint "Cleanup", Time since last: 529119028574 ns, Reaching safepoint: 272042 ns, Cleanup: 75041 ns, At safepoint: 20792 ns, Total: 367875 ns
[2025-10-09T01:38:30.545+0000][120][info ][safepoint   ] Safepoint "Cleanup", Time since last: 110165890176 ns, Reaching safepoint: 696416 ns, Cleanup: 66334 ns, At safepoint: 49916 ns, Total: 812666 ns
[2025-10-09T01:39:41.922+0000][120][info ][gc,start    ] GC(46) Pause Young (Normal) (G1 Evacuation Pause)
[2025-10-09T01:39:41.924+0000][120][info ][gc,task     ] GC(46) Using 8 workers of 8 for evacuation
[2025-10-09T01:39:41.924+0000][120][debug][gc,age      ] GC(46) Desired survivor size 41943040 bytes, new threshold 15 (max threshold 15)
[2025-10-09T01:39:41.947+0000][120][info ][gc,phases   ] GC(46)   Pre Evacuate Collection Set: 1.60ms
[2025-10-09T01:39:41.947+0000][120][info ][gc,phases   ] GC(46)   Merge Heap Roots: 0.32ms
[2025-10-09T01:39:41.947+0000][120][info ][gc,phases   ] GC(46)   Evacuate Collection Set: 15.69ms
[2025-10-09T01:39:41.947+0000][120][info ][gc,phases   ] GC(46)   Post Evacuate Collection Set: 5.22ms
[2025-10-09T01:39:41.948+0000][120][info ][gc,phases   ] GC(46)   Other: 0.77ms
[2025-10-09T01:39:41.948+0000][120][trace][gc,age      ] GC(46) Age table with threshold 15 (max threshold 15)
[2025-10-09T01:39:41.948+0000][120][trace][gc,age      ] GC(46) - age   1:     127112 bytes,     127112 total
[2025-10-09T01:39:41.948+0000][120][trace][gc,age      ] GC(46) - age   2:      22336 bytes,     149448 total
[2025-10-09T01:39:41.948+0000][120][trace][gc,age      ] GC(46) - age   3:      19064 bytes,     168512 total
[2025-10-09T01:39:41.948+0000][120][trace][gc,age      ] GC(46) - age   4:      20792 bytes,     189304 total
[2025-10-09T01:39:41.948+0000][120][trace][gc,age      ] GC(46) - age   5:      18848 bytes,     208152 total
[2025-10-09T01:39:41.948+0000][120][trace][gc,age      ] GC(46) - age   6:      19088 bytes,     227240 total
[2025-10-09T01:39:41.948+0000][120][trace][gc,age      ] GC(46) - age   7:      21512 bytes,     248752 total
[2025-10-09T01:39:41.948+0000][120][trace][gc,age      ] GC(46) - age   8:      19496 bytes,     268248 total
[2025-10-09T01:39:41.948+0000][120][trace][gc,age      ] GC(46) - age   9:     218688 bytes,     486936 total
[2025-10-09T01:39:41.948+0000][120][trace][gc,age      ] GC(46) - age  10:      21344 bytes,     508280 total
[2025-10-09T01:39:41.948+0000][120][trace][gc,age      ] GC(46) - age  11:      21080 bytes,     529360 total
[2025-10-09T01:39:41.948+0000][120][trace][gc,age      ] GC(46) - age  12:      29336 bytes,     558696 total
[2025-10-09T01:39:41.948+0000][120][trace][gc,age      ] GC(46) - age  13:      22608 bytes,     581304 total
[2025-10-09T01:39:41.948+0000][120][trace][gc,age      ] GC(46) - age  14:      21376 bytes,     602680 total
[2025-10-09T01:39:41.948+0000][120][trace][gc,age      ] GC(46) - age  15:      18152 bytes,     620832 total
[2025-10-09T01:39:41.948+0000][120][info ][gc,heap     ] GC(46) Eden regions: 152->0(152)
[2025-10-09T01:39:41.948+0000][120][info ][gc,heap     ] GC(46) Survivor regions: 1->1(20)
[2025-10-09T01:39:41.948+0000][120][info ][gc,heap     ] GC(46) Old regions: 37->37
[2025-10-09T01:39:41.948+0000][120][info ][gc,heap     ] GC(46) Humongous regions: 2->2
[2025-10-09T01:39:41.948+0000][120][info ][gc,metaspace] GC(46) Metaspace: 153655K(157952K)->153655K(157952K) NonClass: 132439K(134784K)->132439K(134784K) Class: 21216K(23168K)->21216K(23168K)
[2025-10-09T01:39:41.948+0000][120][info ][gc          ] GC(46) Pause Young (Normal) (G1 Evacuation Pause) 762M->154M(1024M) 26.726ms
[2025-10-09T01:39:41.949+0000][120][info ][gc,cpu      ] GC(46) User=0.10s Sys=0.00s Real=0.03s
[2025-10-09T01:39:41.949+0000][120][info ][safepoint   ] Safepoint "G1CollectForAllocation", Time since last: 71374221532 ns, Reaching safepoint: 476792 ns, Cleanup: 31667 ns, At safepoint: 27003250 ns, Total: 27511709 ns
[2025-10-09T01:46:47.517+0000][120][info ][safepoint   ] Safepoint "Cleanup", Time since last: 425566867320 ns, Reaching safepoint: 203666 ns, Cleanup: 76375 ns, At safepoint: 27334 ns, Total: 307375 ns
[2025-10-09T01:47:07.550+0000][120][info ][safepoint   ] Safepoint "Cleanup", Time since last: 20032119592 ns, Reaching safepoint: 73541 ns, Cleanup: 52709 ns, At safepoint: 25416 ns, Total: 151666 ns
[2025-10-09T01:54:38.628+0000][120][info ][safepoint   ] Safepoint "Cleanup", Time since last: 451076877622 ns, Reaching safepoint: 30209 ns, Cleanup: 11875 ns, At safepoint: 7125 ns, Total: 49209 ns
[2025-10-09T01:54:48.643+0000][120][info ][safepoint   ] Safepoint "Cleanup", Time since last: 10015013254 ns, Reaching safepoint: 72375 ns, Cleanup: 36875 ns, At safepoint: 17125 ns, Total: 126375 ns
[2025-10-09T01:54:50.645+0000][120][info ][safepoint   ] Safepoint "Cleanup", Time since last: 2002367168 ns, Reaching safepoint: 137958 ns, Cleanup: 60667 ns, At safepoint: 19458 ns, Total: 218083 ns
[2025-10-09T02:03:12.943+0000][120][info ][safepoint   ] Safepoint "Cleanup", Time since last: 502294336146 ns, Reaching safepoint: 101834 ns, Cleanup: 134166 ns, At safepoint: 28875 ns, Total: 264875 ns
[2025-10-09T02:03:31.803+0000][120][info ][gc,start    ] GC(47) Pause Young (Normal) (G1 Evacuation Pause)
[2025-10-09T02:03:31.805+0000][120][info ][gc,task     ] GC(47) Using 8 workers of 8 for evacuation
[2025-10-09T02:03:31.805+0000][120][debug][gc,age      ] GC(47) Desired survivor size 41943040 bytes, new threshold 15 (max threshold 15)
[2025-10-09T02:03:31.827+0000][120][info ][gc,phases   ] GC(47)   Pre Evacuate Collection Set: 1.94ms
[2025-10-09T02:03:31.827+0000][120][info ][gc,phases   ] GC(47)   Merge Heap Roots: 0.32ms
[2025-10-09T02:03:31.827+0000][120][info ][gc,phases   ] GC(47)   Evacuate Collection Set: 13.36ms
[2025-10-09T02:03:31.827+0000][120][info ][gc,phases   ] GC(47)   Post Evacuate Collection Set: 5.61ms
[2025-10-09T02:03:31.827+0000][120][info ][gc,phases   ] GC(47)   Other: 0.89ms
[2025-10-09T02:03:31.827+0000][120][trace][gc,age      ] GC(47) Age table with threshold 15 (max threshold 15)
[2025-10-09T02:03:31.828+0000][120][trace][gc,age      ] GC(47) - age   1:     117880 bytes,     117880 total
[2025-10-09T02:03:31.828+0000][120][trace][gc,age      ] GC(47) - age   2:      22624 bytes,     140504 total
[2025-10-09T02:03:31.828+0000][120][trace][gc,age      ] GC(47) - age   3:      21928 bytes,     162432 total
[2025-10-09T02:03:31.828+0000][120][trace][gc,age      ] GC(47) - age   4:      19064 bytes,     181496 total
[2025-10-09T02:03:31.828+0000][120][trace][gc,age      ] GC(47) - age   5:      20720 bytes,     202216 total
[2025-10-09T02:03:31.828+0000][120][trace][gc,age      ] GC(47) - age   6:      18784 bytes,     221000 total
[2025-10-09T02:03:31.828+0000][120][trace][gc,age      ] GC(47) - age   7:      19088 bytes,     240088 total
[2025-10-09T02:03:31.828+0000][120][trace][gc,age      ] GC(47) - age   8:      21512 bytes,     261600 total
[2025-10-09T02:03:31.828+0000][120][trace][gc,age      ] GC(47) - age   9:      19496 bytes,     281096 total
[2025-10-09T02:03:31.828+0000][120][trace][gc,age      ] GC(47) - age  10:     218688 bytes,     499784 total
[2025-10-09T02:03:31.828+0000][120][trace][gc,age      ] GC(47) - age  11:      21344 bytes,     521128 total
[2025-10-09T02:03:31.828+0000][120][trace][gc,age      ] GC(47) - age  12:      21080 bytes,     542208 total
[2025-10-09T02:03:31.828+0000][120][trace][gc,age      ] GC(47) - age  13:      29336 bytes,     571544 total
[2025-10-09T02:03:31.828+0000][120][trace][gc,age      ] GC(47) - age  14:      22608 bytes,     594152 total
[2025-10-09T02:03:31.828+0000][120][trace][gc,age      ] GC(47) - age  15:      21376 bytes,     615528 total
[2025-10-09T02:03:31.829+0000][120][info ][gc,heap     ] GC(47) Eden regions: 152->0(152)
[2025-10-09T02:03:31.829+0000][120][info ][gc,heap     ] GC(47) Survivor regions: 1->1(20)
[2025-10-09T02:03:31.829+0000][120][info ][gc,heap     ] GC(47) Old regions: 37->37
[2025-10-09T02:03:31.829+0000][120][info ][gc,heap     ] GC(47) Humongous regions: 2->2
[2025-10-09T02:03:31.829+0000][120][info ][gc,metaspace] GC(47) Metaspace: 153663K(157952K)->153663K(157952K) NonClass: 132447K(134784K)->132447K(134784K) Class: 21216K(23168K)->21216K(23168K)
[2025-10-09T02:03:31.829+0000][120][info ][gc          ] GC(47) Pause Young (Normal) (G1 Evacuation Pause) 762M->154M(1024M) 26.169ms
[2025-10-09T02:03:31.829+0000][120][info ][gc,cpu      ] GC(47) User=0.10s Sys=0.01s Real=0.03s
[2025-10-09T02:03:31.829+0000][120][info ][safepoint   ] Safepoint "G1CollectForAllocation", Time since last: 18859418342 ns, Reaching safepoint: 843250 ns, Cleanup: 16333 ns, At safepoint: 26557208 ns, Total: 27416791 ns
[2025-10-09T02:11:04.489+0000][120][info ][safepoint   ] Safepoint "Cleanup", Time since last: 249948942908 ns, Reaching safepoint: 238250 ns, Cleanup: 114583 ns, At safepoint: 25333 ns, Total: 378166 ns
[2025-10-09T02:11:14.511+0000][120][info ][safepoint   ] Safepoint "Cleanup", Time since last: 10021740963 ns, Reaching safepoint: 69834 ns, Cleanup: 18208 ns, At safepoint: 67125 ns, Total: 155167 ns
[2025-10-09T02:43:22.783+0000][120][info ][safepoint   ] Safepoint "Cleanup", Time since last: 629404733787 ns, Reaching safepoint: 85083 ns, Cleanup: 43834 ns, At safepoint: 15250 ns, Total: 144167 ns
[2025-10-09T02:52:44.353+0000][120][info ][gc,start    ] GC(48) Pause Young (Normal) (G1 Evacuation Pause)
[2025-10-09T02:52:44.355+0000][120][info ][gc,task     ] GC(48) Using 8 workers of 8 for evacuation
[2025-10-09T02:52:44.355+0000][120][debug][gc,age      ] GC(48) Desired survivor size 41943040 bytes, new threshold 15 (max threshold 15)
[2025-10-09T02:52:44.372+0000][120][info ][gc,phases   ] GC(48)   Pre Evacuate Collection Set: 1.27ms
[2025-10-09T02:52:44.372+0000][120][info ][gc,phases   ] GC(48)   Merge Heap Roots: 0.22ms
[2025-10-09T02:52:44.372+0000][120][info ][gc,phases   ] GC(48)   Evacuate Collection Set: 10.57ms
[2025-10-09T02:52:44.372+0000][120][info ][gc,phases   ] GC(48)   Post Evacuate Collection Set: 4.68ms
[2025-10-09T02:52:44.372+0000][120][info ][gc,phases   ] GC(48)   Other: 0.50ms
[2025-10-09T02:52:44.372+0000][120][trace][gc,age      ] GC(48) Age table with threshold 15 (max threshold 15)
[2025-10-09T02:52:44.372+0000][120][trace][gc,age      ] GC(48) - age   1:     122240 bytes,     122240 total
[2025-10-09T02:52:44.372+0000][120][trace][gc,age      ] GC(48) - age   2:      34872 bytes,     157112 total
[2025-10-09T02:52:44.372+0000][120][trace][gc,age      ] GC(48) - age   3:      21072 bytes,     178184 total
[2025-10-09T02:52:44.373+0000][120][trace][gc,age      ] GC(48) - age   4:      21888 bytes,     200072 total
[2025-10-09T02:52:44.373+0000][120][trace][gc,age      ] GC(48) - age   5:      18992 bytes,     219064 total
[2025-10-09T02:52:44.373+0000][120][trace][gc,age      ] GC(48) - age   6:      20688 bytes,     239752 total
[2025-10-09T02:52:44.373+0000][120][trace][gc,age      ] GC(48) - age   7:      18784 bytes,     258536 total
[2025-10-09T02:52:44.373+0000][120][trace][gc,age      ] GC(48) - age   8:      19088 bytes,     277624 total
[2025-10-09T02:52:44.373+0000][120][trace][gc,age      ] GC(48) - age   9:      21512 bytes,     299136 total
[2025-10-09T02:52:44.373+0000][120][trace][gc,age      ] GC(48) - age  10:      19496 bytes,     318632 total
[2025-10-09T02:52:44.373+0000][120][trace][gc,age      ] GC(48) - age  11:     218688 bytes,     537320 total
[2025-10-09T02:52:44.373+0000][120][trace][gc,age      ] GC(48) - age  12:      21344 bytes,     558664 total
[2025-10-09T02:52:44.373+0000][120][trace][gc,age      ] GC(48) - age  13:      21080 bytes,     579744 total
[2025-10-09T02:52:44.373+0000][120][trace][gc,age      ] GC(48) - age  14:      29336 bytes,     609080 total
[2025-10-09T02:52:44.373+0000][120][trace][gc,age      ] GC(48) - age  15:      22608 bytes,     631688 total
[2025-10-09T02:52:44.373+0000][120][info ][gc,heap     ] GC(48) Eden regions: 152->0(152)
[2025-10-09T02:52:44.373+0000][120][info ][gc,heap     ] GC(48) Survivor regions: 1->1(20)
[2025-10-09T02:52:44.373+0000][120][info ][gc,heap     ] GC(48) Old regions: 37->37
[2025-10-09T02:52:44.373+0000][120][info ][gc,heap     ] GC(48) Humongous regions: 2->2
[2025-10-09T02:52:44.373+0000][120][info ][gc,metaspace] GC(48) Metaspace: 153672K(157952K)->153672K(157952K) NonClass: 132456K(134784K)->132456K(134784K) Class: 21216K(23168K)->21216K(23168K)
[2025-10-09T02:52:44.374+0000][120][info ][gc          ] GC(48) Pause Young (Normal) (G1 Evacuation Pause) 762M->154M(1024M) 20.737ms
[2025-10-09T02:52:44.374+0000][120][info ][gc,cpu      ] GC(48) User=0.07s Sys=0.01s Real=0.02s
[2025-10-09T02:52:44.374+0000][120][info ][safepoint   ] Safepoint "G1CollectForAllocation", Time since last: 561566587046 ns, Reaching safepoint: 172541 ns, Cleanup: 34042 ns, At safepoint: 21092625 ns, Total: 21299208 ns
[2025-10-09T02:55:55.015+0000][120][info ][safepoint   ] Safepoint "Cleanup", Time since last: 190639496962 ns, Reaching safepoint: 914833 ns, Cleanup: 93958 ns, At safepoint: 53959 ns, Total: 1062750 ns
[2025-10-09T02:56:18.048+0000][120][info ][safepoint   ] Safepoint "Cleanup", Time since last: 23032216677 ns, Reaching safepoint: 83083 ns, Cleanup: 57500 ns, At safepoint: 13334 ns, Total: 153917 ns
[2025-10-09T03:01:53.594+0000][120][info ][safepoint   ] Safepoint "Cleanup", Time since last: 335544180736 ns, Reaching safepoint: 171875 ns, Cleanup: 79042 ns, At safepoint: 22333 ns, Total: 273250 ns
[2025-10-09T03:04:52.837+0000][120][info ][safepoint   ] Safepoint "Cleanup", Time since last: 179261410832 ns, Reaching safepoint: 118209 ns, Cleanup: 68500 ns, At safepoint: 72000 ns, Total: 258709 ns
[2025-10-09T03:08:15.150+0000][120][info ][safepoint   ] Safepoint "Cleanup", Time since last: 202313198091 ns, Reaching safepoint: 59083 ns, Cleanup: 26667 ns, At safepoint: 18792 ns, Total: 104542 ns
[2025-10-09T03:16:51.564+0000][120][info ][gc,start    ] GC(49) Pause Young (Normal) (G1 Evacuation Pause)
[2025-10-09T03:16:51.566+0000][120][info ][gc,task     ] GC(49) Using 8 workers of 8 for evacuation
[2025-10-09T03:16:51.566+0000][120][debug][gc,age      ] GC(49) Desired survivor size 41943040 bytes, new threshold 15 (max threshold 15)
[2025-10-09T03:16:51.575+0000][120][info ][gc,phases   ] GC(49)   Pre Evacuate Collection Set: 0.64ms
[2025-10-09T03:16:51.575+0000][120][info ][gc,phases   ] GC(49)   Merge Heap Roots: 0.14ms
[2025-10-09T03:16:51.575+0000][120][info ][gc,phases   ] GC(49)   Evacuate Collection Set: 5.71ms
[2025-10-09T03:16:51.575+0000][120][info ][gc,phases   ] GC(49)   Post Evacuate Collection Set: 2.36ms
[2025-10-09T03:16:51.575+0000][120][info ][gc,phases   ] GC(49)   Other: 0.25ms
[2025-10-09T03:16:51.575+0000][120][trace][gc,age      ] GC(49) Age table with threshold 15 (max threshold 15)
[2025-10-09T03:16:51.575+0000][120][trace][gc,age      ] GC(49) - age   1:     101128 bytes,     101128 total
[2025-10-09T03:16:51.575+0000][120][trace][gc,age      ] GC(49) - age   2:      20056 bytes,     121184 total
[2025-10-09T03:16:51.575+0000][120][trace][gc,age      ] GC(49) - age   3:      34872 bytes,     156056 total
[2025-10-09T03:16:51.575+0000][120][trace][gc,age      ] GC(49) - age   4:      21032 bytes,     177088 total
[2025-10-09T03:16:51.575+0000][120][trace][gc,age      ] GC(49) - age   5:      21856 bytes,     198944 total
[2025-10-09T03:16:51.575+0000][120][trace][gc,age      ] GC(49) - age   6:      18992 bytes,     217936 total
[2025-10-09T03:16:51.575+0000][120][trace][gc,age      ] GC(49) - age   7:      20688 bytes,     238624 total
[2025-10-09T03:16:51.575+0000][120][trace][gc,age      ] GC(49) - age   8:      18784 bytes,     257408 total
[2025-10-09T03:16:51.575+0000][120][trace][gc,age      ] GC(49) - age   9:      19088 bytes,     276496 total
[2025-10-09T03:16:51.575+0000][120][trace][gc,age      ] GC(49) - age  10:      21512 bytes,     298008 total
[2025-10-09T03:16:51.575+0000][120][trace][gc,age      ] GC(49) - age  11:      19496 bytes,     317504 total
[2025-10-09T03:16:51.575+0000][120][trace][gc,age      ] GC(49) - age  12:     218688 bytes,     536192 total
[2025-10-09T03:16:51.575+0000][120][trace][gc,age      ] GC(49) - age  13:      21344 bytes,     557536 total
[2025-10-09T03:16:51.575+0000][120][trace][gc,age      ] GC(49) - age  14:      21080 bytes,     578616 total
[2025-10-09T03:16:51.575+0000][120][trace][gc,age      ] GC(49) - age  15:      29336 bytes,     607952 total
[2025-10-09T03:16:51.575+0000][120][info ][gc,heap     ] GC(49) Eden regions: 152->0(152)
[2025-10-09T03:16:51.575+0000][120][info ][gc,heap     ] GC(49) Survivor regions: 1->1(20)
[2025-10-09T03:16:51.575+0000][120][info ][gc,heap     ] GC(49) Old regions: 37->37
[2025-10-09T03:16:51.575+0000][120][info ][gc,heap     ] GC(49) Humongous regions: 2->2
[2025-10-09T03:16:51.575+0000][120][info ][gc,metaspace] GC(49) Metaspace: 153677K(157952K)->153677K(157952K) NonClass: 132461K(134784K)->132461K(134784K) Class: 21216K(23168K)->21216K(23168K)
[2025-10-09T03:16:51.575+0000][120][info ][gc          ] GC(49) Pause Young (Normal) (G1 Evacuation Pause) 762M->154M(1024M) 11.319ms
[2025-10-09T03:16:51.576+0000][120][info ][gc,cpu      ] GC(49) User=0.04s Sys=0.00s Real=0.01s
[2025-10-09T03:16:51.576+0000][120][info ][safepoint   ] Safepoint "G1CollectForAllocation", Time since last: 516413436944 ns, Reaching safepoint: 68042 ns, Cleanup: 8333 ns, At safepoint: 11480167 ns, Total: 11556542 ns
[2025-10-09T03:20:26.781+0000][120][info ][safepoint   ] Safepoint "Cleanup", Time since last: 215206019722 ns, Reaching safepoint: 84125 ns, Cleanup: 27833 ns, At safepoint: 8125 ns, Total: 120083 ns
[2025-10-09T03:20:27.080+0000][120][info ][safepoint   ] Safepoint "ICBufferFull", Time since last: 298338042 ns, Reaching safepoint: 4750 ns, Cleanup: 107291 ns, At safepoint: 11959 ns, Total: 124000 ns
[2025-10-09T03:20:28.222+0000][120][info ][safepoint   ] Safepoint "Cleanup", Time since last: 1142163459 ns, Reaching safepoint: 130833 ns, Cleanup: 149375 ns, At safepoint: 36875 ns, Total: 317083 ns
[2025-10-09T03:20:29.020+0000][120][info ][gc,heap,exit] Heap
[2025-10-09T03:20:29.021+0000][120][info ][gc,heap,exit]  garbage-first heap   total reserved 1048576K, committed 1048576K, used 296275K [0x00000000c0000000, 0x0000000100000000)
[2025-10-09T03:20:29.021+0000][120][info ][gc,heap,exit]   region size 4096K, 35 young (143360K), 1 survivors (4096K)
[2025-10-09T03:20:29.021+0000][120][info ][gc,heap,exit]  Metaspace       used 154176K, committed 158464K, reserved 1245184K
[2025-10-09T03:20:29.021+0000][120][info ][gc,heap,exit]   class space    used 21318K, committed 23232K, reserved 1048576K
