2025-09-18 06:58:13,287 - __main__ - INFO - ⏳ 等待 MySQL 就緒...
2025-09-18 06:58:13,288 - __main__ - INFO - 建立新的資料庫連線...
2025-09-18 06:58:13,481 - __main__ - INFO - ✅ 資料表建立/確認成功
2025-09-18 06:58:13,482 - __main__ - INFO - 資料庫連線已關閉
2025-09-18 06:58:13,482 - __main__ - INFO - ✅ MySQL 連線成功
2025-09-18 06:58:13,482 - __main__ - INFO - 建立新的資料庫連線...
2025-09-18 06:58:13,489 - __main__ - INFO - ✅ 資料表建立/確認成功
2025-09-18 06:58:13,490 - __main__ - INFO - PDF 處理服務初始化完成
2025-09-18 06:58:13,490 - __main__ - INFO - ============================================================
2025-09-18 06:58:13,490 - __main__ - INFO - 🚀 PDF 處理服務啟動
2025-09-18 06:58:13,490 - __main__ - INFO - 📁 監控目錄: /mnt/pdf/incoming
2025-09-18 06:58:13,490 - __main__ - INFO - ⏱  掃描間隔: 30 秒
2025-09-18 06:58:13,491 - __main__ - INFO - 📦 批次大小: 5
2025-09-18 06:58:13,491 - __main__ - INFO - 🔍 OCR 狀態: 關閉
2025-09-18 06:58:13,491 - __main__ - INFO - ============================================================
2025-09-18 07:01:43,943 - __main__ - INFO - 🔍 發現 21 個待處理檔案
2025-09-18 07:01:43,956 - __main__ - INFO - 📄 開始處理: G鎖-FMEA.pdf (164.3 KB)
2025-09-18 07:01:44,012 - __main__ - INFO -   提取文本: 1708 字元, 1 頁
2025-09-18 07:01:44,015 - __main__ - INFO -   文檔資訊: 類型=DFMEA, 產品數=0, 關鍵字數=3
2025-09-18 07:01:44,025 - __main__ - INFO -   ✅ 成功處理，耗時: 69ms
2025-09-18 07:01:45,100 - __main__ - INFO - 📄 開始處理: G鎖-客訴資料.pdf (15395.5 KB)
2025-09-18 07:02:26,426 - __main__ - INFO -   提取文本: 896 字元, 4 頁
2025-09-18 07:02:26,432 - __main__ - INFO -   文檔資訊: 類型=COMPLAINT, 產品數=0, 關鍵字數=0
2025-09-18 07:02:26,446 - __main__ - INFO -   ✅ 成功處理，耗時: 41370ms
2025-09-18 07:02:27,448 - __main__ - INFO - 📄 開始處理: G鎖-設變單通知單-2.pdf (390.5 KB)
2025-09-18 07:02:27,454 - __main__ - ERROR -   ❌ 處理失敗: 無法提取文本內容（檔案可能損壞或為圖片）
2025-09-18 07:02:28,465 - __main__ - INFO - 📄 開始處理: G鎖-設變單通知單-3.pdf (707.9 KB)
2025-09-18 07:02:28,476 - __main__ - ERROR -   ❌ 處理失敗: 無法提取文本內容（檔案可能損壞或為圖片）
2025-09-18 07:02:29,502 - __main__ - INFO - 📄 開始處理: G鎖-設變單通知單-4.pdf (2333.8 KB)
2025-09-18 07:02:29,520 - __main__ - ERROR -   ❌ 處理失敗: 無法提取文本內容（檔案可能損壞或為圖片）
2025-09-18 07:02:30,525 - __main__ - INFO - ✨ 本輪處理完成，共 2 個檔案
2025-09-18 07:02:35,536 - __main__ - INFO - 🔍 發現 16 個待處理檔案
2025-09-18 07:02:35,545 - __main__ - INFO - 📄 開始處理: G鎖-設變單通知單.pdf (651.5 KB)
2025-09-18 07:02:35,556 - __main__ - ERROR -   ❌ 處理失敗: 無法提取文本內容（檔案可能損壞或為圖片）
2025-09-18 07:02:36,593 - __main__ - INFO - 📄 開始處理: G鎖-設變申請單-2.pdf (4549.1 KB)
2025-09-18 07:02:48,366 - __main__ - INFO -   提取文本: 515 字元, 2 頁
2025-09-18 07:02:48,369 - __main__ - INFO -   文檔資訊: 類型=GENERAL, 產品數=0, 關鍵字數=0
2025-09-18 07:02:48,374 - __main__ - INFO -   ✅ 成功處理，耗時: 11788ms
2025-09-18 07:02:49,417 - __main__ - INFO - 📄 開始處理: G鎖-設變申請單-3.pdf (4077.5 KB)
2025-09-18 07:02:58,514 - __main__ - INFO -   提取文本: 248 字元, 2 頁
2025-09-18 07:02:58,515 - __main__ - INFO -   文檔資訊: 類型=GENERAL, 產品數=0, 關鍵字數=0
2025-09-18 07:02:58,520 - __main__ - INFO -   ✅ 成功處理，耗時: 9106ms
2025-09-18 07:02:59,553 - __main__ - INFO - 📄 開始處理: G鎖-設變申請單-4.pdf (5435.5 KB)
2025-09-18 07:03:12,145 - __main__ - INFO -   提取文本: 257 字元, 2 頁
2025-09-18 07:03:12,146 - __main__ - INFO -   文檔資訊: 類型=GENERAL, 產品數=0, 關鍵字數=0
2025-09-18 07:03:12,154 - __main__ - INFO -   ✅ 成功處理，耗時: 12610ms
2025-09-18 07:03:13,192 - __main__ - INFO - 📄 開始處理: G鎖-設變申請單.pdf (5890.8 KB)
2025-09-18 07:03:26,864 - __main__ - INFO -   提取文本: 380 字元, 2 頁
2025-09-18 07:03:26,866 - __main__ - INFO -   文檔資訊: 類型=GENERAL, 產品數=0, 關鍵字數=0
2025-09-18 07:03:26,871 - __main__ - INFO -   ✅ 成功處理，耗時: 13685ms
2025-09-18 07:03:27,873 - __main__ - INFO - ✨ 本輪處理完成，共 4 個檔案
2025-09-18 07:03:32,886 - __main__ - INFO - 🔍 發現 11 個待處理檔案
2025-09-18 07:03:32,976 - __main__ - INFO - 📄 開始處理: L鎖-客訴資料.pdf (18806.2 KB)
2025-09-18 07:04:23,837 - __main__ - INFO -   提取文本: 1622 字元, 4 頁
2025-09-18 07:04:23,853 - __main__ - INFO -   文檔資訊: 類型=COMPLAINT, 產品數=0, 關鍵字數=0
2025-09-18 07:04:23,888 - __main__ - INFO -   ✅ 成功處理，耗時: 50935ms
2025-09-18 07:04:24,966 - __main__ - INFO - 📄 開始處理: L鎖-設變單申請單.pdf (4574.5 KB)
2025-09-18 07:04:43,946 - __main__ - INFO -   提取文本: 210 字元, 2 頁
2025-09-18 07:04:43,955 - __main__ - INFO -   文檔資訊: 類型=GENERAL, 產品數=0, 關鍵字數=0
2025-09-18 07:04:43,964 - __main__ - INFO -   ✅ 成功處理，耗時: 19004ms
2025-09-18 07:04:44,968 - __main__ - INFO - 📄 開始處理: L鎖-設變單通知單.pdf (298.5 KB)
2025-09-18 07:04:44,982 - __main__ - ERROR -   ❌ 處理失敗: 無法提取文本內容（檔案可能損壞或為圖片）
2025-09-18 07:04:45,993 - __main__ - INFO - 📄 開始處理: T鎖-FMEA.pdf (154.1 KB)
2025-09-18 07:04:46,109 - __main__ - INFO -   提取文本: 2957 字元, 1 頁
2025-09-18 07:04:46,110 - __main__ - INFO -   文檔資訊: 類型=DFMEA, 產品數=0, 關鍵字數=5
2025-09-18 07:04:46,118 - __main__ - INFO -   ✅ 成功處理，耗時: 124ms
2025-09-18 07:04:47,178 - __main__ - INFO - 📄 開始處理: T鎖-客訴資料.pdf (12679.3 KB)
2025-09-18 07:05:17,613 - __main__ - INFO -   提取文本: 1097 字元, 4 頁
2025-09-18 07:05:17,620 - __main__ - INFO -   文檔資訊: 類型=COMPLAINT, 產品數=0, 關鍵字數=0
2025-09-18 07:05:17,626 - __main__ - INFO -   ✅ 成功處理，耗時: 30459ms
2025-09-18 07:05:18,629 - __main__ - INFO - ✨ 本輪處理完成，共 4 個檔案
2025-09-18 07:05:23,641 - __main__ - INFO - 🔍 發現 6 個待處理檔案
2025-09-18 07:05:23,668 - __main__ - INFO - 📄 開始處理: T鎖-設變單申請單-2.pdf (4930.4 KB)
2025-09-18 07:05:35,795 - __main__ - INFO -   提取文本: 261 字元, 2 頁
2025-09-18 07:05:35,797 - __main__ - INFO -   文檔資訊: 類型=GENERAL, 產品數=0, 關鍵字數=0
2025-09-18 07:05:35,804 - __main__ - INFO -   ✅ 成功處理，耗時: 12145ms
2025-09-18 07:05:36,829 - __main__ - INFO - 📄 開始處理: T鎖-設變單申請單-3.pdf (5097.2 KB)
2025-09-18 07:05:47,999 - __main__ - INFO -   提取文本: 269 字元, 2 頁
2025-09-18 07:05:48,001 - __main__ - INFO -   文檔資訊: 類型=GENERAL, 產品數=0, 關鍵字數=0
2025-09-18 07:05:48,005 - __main__ - INFO -   ✅ 成功處理，耗時: 11182ms
2025-09-18 07:05:49,040 - __main__ - INFO - 📄 開始處理: T鎖-設變單申請單.pdf (5424.7 KB)
2025-09-18 07:06:01,619 - __main__ - INFO -   提取文本: 324 字元, 2 頁
2025-09-18 07:06:01,621 - __main__ - INFO -   文檔資訊: 類型=GENERAL, 產品數=0, 關鍵字數=0
2025-09-18 07:06:01,626 - __main__ - INFO -   ✅ 成功處理，耗時: 12594ms
2025-09-18 07:06:02,639 - __main__ - INFO - 📄 開始處理: T鎖-設變單通知單-2.pdf (1678.1 KB)
2025-09-18 07:06:02,652 - __main__ - ERROR -   ❌ 處理失敗: 無法提取文本內容（檔案可能損壞或為圖片）
2025-09-18 07:06:03,666 - __main__ - INFO - 📄 開始處理: T鎖-設變單通知單-3.pdf (1234.9 KB)
2025-09-18 07:06:03,678 - __main__ - ERROR -   ❌ 處理失敗: 無法提取文本內容（檔案可能損壞或為圖片）
2025-09-18 07:06:04,682 - __main__ - INFO - ✨ 本輪處理完成，共 3 個檔案
2025-09-18 07:06:09,695 - __main__ - INFO - 🔍 發現 1 個待處理檔案
2025-09-18 07:06:09,711 - __main__ - INFO - 📄 開始處理: T鎖-設變單通知單.pdf (2156.4 KB)
2025-09-18 07:06:09,722 - __main__ - ERROR -   ❌ 處理失敗: 無法提取文本內容（檔案可能損壞或為圖片）
2025-09-18 07:10:41,212 - __main__ - INFO - 💤 無新檔案，等待 60 秒...
2025-09-18 07:15:41,694 - __main__ - INFO - 💤 無新檔案，等待 90 秒...
2025-09-18 07:20:42,252 - __main__ - INFO - 💤 無新檔案，等待 120 秒...
2025-09-18 07:20:54,596 - __main__ - INFO - 🛑 收到中斷信號，準備優雅關閉...
2025-09-18 07:20:55,279 - __main__ - INFO - 🛑 服務正在關閉...
2025-09-18 07:20:55,283 - __main__ - INFO - 資料庫連線已關閉
2025-09-18 07:20:55,283 - __main__ - INFO - 👋 服務已停止
2025-09-18 07:24:08,808 - __main__ - INFO - ⏳ 等待 MySQL 就緒...
2025-09-18 07:24:08,809 - __main__ - INFO - 建立新的資料庫連線...
2025-09-18 07:24:08,828 - __main__ - INFO - ✅ 資料表建立/確認成功
2025-09-18 07:24:08,828 - __main__ - INFO - 資料庫連線已關閉
2025-09-18 07:24:08,828 - __main__ - INFO - ✅ MySQL 連線成功
2025-09-18 07:24:08,829 - __main__ - INFO - 建立新的資料庫連線...
2025-09-18 07:24:08,833 - __main__ - INFO - ✅ 資料表建立/確認成功
2025-09-18 07:24:08,834 - __main__ - INFO - 載入狀態檔案，已處理 21 個檔案
2025-09-18 07:24:08,834 - __main__ - INFO - PDF 處理服務初始化完成
2025-09-18 07:24:08,834 - __main__ - INFO - ============================================================
2025-09-18 07:24:08,835 - __main__ - INFO - 🚀 PDF 處理服務啟動
2025-09-18 07:24:08,835 - __main__ - INFO - 📁 監控目錄: /mnt/pdf/incoming
2025-09-18 07:24:08,835 - __main__ - INFO - ⏱  掃描間隔: 30 秒
2025-09-18 07:24:08,835 - __main__ - INFO - 📦 批次大小: 5
2025-09-18 07:24:08,835 - __main__ - INFO - 🔍 OCR 狀態: 啟用
2025-09-18 07:24:08,835 - __main__ - INFO - ============================================================
2025-09-18 07:24:38,901 - __main__ - INFO - 🔍 發現 1 個待處理檔案
2025-09-18 07:24:38,906 - __main__ - INFO - ⏭️ 跳過已處理: G鎖-設變單通知單.pdf
2025-09-18 07:28:39,373 - __main__ - INFO - 🔍 發現 1 個待處理檔案
2025-09-18 07:28:39,379 - __main__ - INFO - ⏭️ 跳過已處理: G鎖-設變單通知單.pdf
2025-09-18 07:28:39,380 - __main__ - INFO - 💤 無新檔案，等待 60 秒...
2025-09-18 07:29:31,082 - __main__ - INFO - 🛑 收到中斷信號，準備優雅關閉...
2025-09-18 07:29:31,468 - __main__ - INFO - 🛑 服務正在關閉...
2025-09-18 07:29:31,472 - __main__ - INFO - 資料庫連線已關閉
2025-09-18 07:29:31,472 - __main__ - INFO - 👋 服務已停止
2025-09-18 07:29:31,958 - __main__ - INFO - ⏳ 等待 MySQL 就緒...
2025-09-18 07:29:31,958 - __main__ - INFO - 建立新的資料庫連線...
2025-09-18 07:29:31,966 - __main__ - INFO - ✅ 資料表建立/確認成功
2025-09-18 07:29:31,966 - __main__ - INFO - 資料庫連線已關閉
2025-09-18 07:29:31,966 - __main__ - INFO - ✅ MySQL 連線成功
2025-09-18 07:29:31,966 - __main__ - INFO - 建立新的資料庫連線...
2025-09-18 07:29:31,969 - __main__ - INFO - ✅ 資料表建立/確認成功
2025-09-18 07:29:31,969 - __main__ - INFO - PDF 處理服務初始化完成
2025-09-18 07:29:31,969 - __main__ - INFO - ============================================================
2025-09-18 07:29:31,970 - __main__ - INFO - 🚀 PDF 處理服務啟動
2025-09-18 07:29:31,970 - __main__ - INFO - 📁 監控目錄: /mnt/pdf/incoming
2025-09-18 07:29:31,970 - __main__ - INFO - ⏱  掃描間隔: 30 秒
2025-09-18 07:29:31,970 - __main__ - INFO - 📦 批次大小: 5
2025-09-18 07:29:31,971 - __main__ - INFO - 🔍 OCR 狀態: 啟用
2025-09-18 07:29:31,971 - __main__ - INFO - ============================================================
2025-09-18 07:30:02,034 - __main__ - INFO - 🔍 發現 1 個待處理檔案
2025-09-18 07:30:02,043 - __main__ - INFO - 📄 開始處理: G鎖-設變單通知單.pdf (651.5 KB)
2025-09-18 07:30:02,062 - __main__ - ERROR -   ❌ 處理失敗: 無法提取文本內容（檔案可能損壞或為圖片）
2025-09-18 07:34:03,506 - __main__ - INFO - 💤 無新檔案，等待 60 秒...
2025-09-18 07:34:26,244 - __main__ - INFO - 🛑 收到中斷信號，準備優雅關閉...
2025-09-18 07:34:26,557 - __main__ - INFO - 🛑 服務正在關閉...
2025-09-18 07:34:26,560 - __main__ - INFO - 資料庫連線已關閉
2025-09-18 07:34:26,562 - __main__ - INFO - 👋 服務已停止
2025-09-18 07:39:18,060 - __main__ - INFO - ⏳ 等待 MySQL 就緒...
2025-09-18 07:39:18,062 - __main__ - INFO - 建立新的資料庫連線...
2025-09-18 07:39:18,072 - __main__ - INFO - ✅ 資料表建立/確認成功
2025-09-18 07:39:18,073 - __main__ - INFO - 資料庫連線已關閉
2025-09-18 07:39:18,073 - __main__ - INFO - ✅ MySQL 連線成功
2025-09-18 07:39:18,073 - __main__ - INFO - 建立新的資料庫連線...
2025-09-18 07:39:18,077 - __main__ - INFO - ✅ 資料表建立/確認成功
2025-09-18 07:39:18,077 - __main__ - INFO - PDF 處理服務初始化完成
2025-09-18 07:39:18,078 - __main__ - INFO - ============================================================
2025-09-18 07:39:18,078 - __main__ - INFO - 🚀 PDF 處理服務啟動
2025-09-18 07:39:18,078 - __main__ - INFO - 📁 監控目錄: /mnt/pdf/incoming
2025-09-18 07:39:18,078 - __main__ - INFO - ⏱  掃描間隔: 30 秒
2025-09-18 07:39:18,078 - __main__ - INFO - 📦 批次大小: 5
2025-09-18 07:39:18,078 - __main__ - INFO - 🔍 OCR 狀態: 啟用
2025-09-18 07:39:18,079 - __main__ - INFO - ============================================================
2025-09-18 07:43:48,673 - __main__ - INFO - 💤 無新檔案，等待 60 秒...
2025-09-18 07:48:49,186 - __main__ - INFO - 💤 無新檔案，等待 90 秒...
2025-09-18 07:54:01,761 - __main__ - INFO - ⏳ 等待 MySQL 就緒...
2025-09-18 07:54:01,762 - __main__ - INFO - 建立新的資料庫連線...
2025-09-18 07:54:01,783 - __main__ - INFO - ✅ 資料表建立/確認成功
2025-09-18 07:54:01,783 - __main__ - INFO - 資料庫連線已關閉
2025-09-18 07:54:01,783 - __main__ - INFO - ✅ MySQL 連線成功
2025-09-18 07:54:01,784 - __main__ - INFO - 建立新的資料庫連線...
2025-09-18 07:54:01,787 - __main__ - INFO - ✅ 資料表建立/確認成功
2025-09-18 07:54:01,788 - __main__ - INFO - PDF 處理服務初始化完成
2025-09-18 07:54:01,788 - __main__ - INFO - ============================================================
2025-09-18 07:54:01,788 - __main__ - INFO - 🚀 PDF 處理服務啟動
2025-09-18 07:54:01,788 - __main__ - INFO - 📁 監控目錄: /mnt/pdf/incoming
2025-09-18 07:54:01,788 - __main__ - INFO - ⏱  掃描間隔: 20 秒
2025-09-18 07:54:01,788 - __main__ - INFO - 📦 批次大小: 3
2025-09-18 07:54:01,788 - __main__ - INFO - 🔍 OCR 狀態: 啟用
2025-09-18 07:54:01,789 - __main__ - INFO - ============================================================
2025-09-18 07:54:21,821 - __main__ - INFO - 🔍 發現 21 個待處理檔案
2025-09-18 07:54:21,828 - __main__ - INFO - 📄 開始處理: G鎖-FMEA.pdf (164.3 KB)
2025-09-18 07:54:21,893 - __main__ - INFO -   提取文本: 1708 字元, 1 頁
2025-09-18 07:54:21,895 - __main__ - INFO -   文檔資訊: 類型=DFMEA, 產品數=0, 關鍵字數=3
2025-09-18 07:54:21,901 - __main__ - INFO -   ✅ 成功處理，耗時: 72ms
2025-09-18 07:54:22,959 - __main__ - INFO - 📄 開始處理: G鎖-客訴資料.pdf (15395.5 KB)
2025-09-18 07:55:01,782 - __main__ - INFO -   提取文本: 896 字元, 4 頁
2025-09-18 07:55:01,789 - __main__ - INFO -   文檔資訊: 類型=COMPLAINT, 產品數=0, 關鍵字數=0
2025-09-18 07:55:01,836 - __main__ - INFO -   ✅ 成功處理，耗時: 38892ms
2025-09-18 07:55:02,844 - __main__ - INFO - 📄 開始處理: G鎖-設變單通知單-2.pdf (390.5 KB)
2025-09-18 07:55:02,855 - __main__ - ERROR -   ❌ 處理失敗: 無法提取文本內容（檔案可能損壞或為圖片）
2025-09-18 07:55:03,861 - __main__ - INFO - ✨ 本輪處理完成，共 2 個檔案
2025-09-18 07:55:08,875 - __main__ - INFO - 🔍 發現 18 個待處理檔案
2025-09-18 07:55:08,884 - __main__ - INFO - 📄 開始處理: G鎖-設變單通知單-3.pdf (707.9 KB)
2025-09-18 07:55:08,894 - __main__ - ERROR -   ❌ 處理失敗: 無法提取文本內容（檔案可能損壞或為圖片）
2025-09-18 07:55:09,914 - __main__ - INFO - 📄 開始處理: G鎖-設變單通知單-4.pdf (2333.8 KB)
2025-09-18 07:55:09,930 - __main__ - ERROR -   ❌ 處理失敗: 無法提取文本內容（檔案可能損壞或為圖片）
2025-09-18 07:55:10,945 - __main__ - INFO - 📄 開始處理: G鎖-設變單通知單.pdf (651.5 KB)
2025-09-18 07:55:10,955 - __main__ - ERROR -   ❌ 處理失敗: 無法提取文本內容（檔案可能損壞或為圖片）
2025-09-18 07:55:31,999 - __main__ - INFO - 🔍 發現 15 個待處理檔案
2025-09-18 07:55:32,019 - __main__ - INFO - 📄 開始處理: G鎖-設變申請單-2.pdf (4549.1 KB)
2025-09-18 07:55:43,663 - __main__ - INFO -   提取文本: 515 字元, 2 頁
2025-09-18 07:55:43,666 - __main__ - INFO -   文檔資訊: 類型=GENERAL, 產品數=0, 關鍵字數=0
2025-09-18 07:55:43,672 - __main__ - INFO -   ✅ 成功處理，耗時: 11658ms
2025-09-18 07:55:44,695 - __main__ - INFO - 📄 開始處理: G鎖-設變申請單-3.pdf (4077.5 KB)
2025-09-18 07:55:53,625 - __main__ - INFO -   提取文本: 248 字元, 2 頁
2025-09-18 07:55:53,627 - __main__ - INFO -   文檔資訊: 類型=GENERAL, 產品數=0, 關鍵字數=0
2025-09-18 07:55:53,630 - __main__ - INFO -   ✅ 成功處理，耗時: 8941ms
2025-09-18 07:55:54,660 - __main__ - INFO - 📄 開始處理: G鎖-設變申請單-4.pdf (5435.5 KB)
2025-09-18 07:56:06,803 - __main__ - INFO -   提取文本: 257 字元, 2 頁
2025-09-18 07:56:06,805 - __main__ - INFO -   文檔資訊: 類型=GENERAL, 產品數=0, 關鍵字數=0
2025-09-18 07:56:06,809 - __main__ - INFO -   ✅ 成功處理，耗時: 12155ms
2025-09-18 07:56:07,811 - __main__ - INFO - ✨ 本輪處理完成，共 3 個檔案
2025-09-18 07:56:12,823 - __main__ - INFO - 🔍 發現 12 個待處理檔案
2025-09-18 07:56:12,862 - __main__ - INFO - 📄 開始處理: G鎖-設變申請單.pdf (5890.8 KB)
2025-09-18 07:56:25,987 - __main__ - INFO -   提取文本: 380 字元, 2 頁
2025-09-18 07:56:25,989 - __main__ - INFO -   文檔資訊: 類型=GENERAL, 產品數=0, 關鍵字數=0
2025-09-18 07:56:25,993 - __main__ - INFO -   ✅ 成功處理，耗時: 13139ms
2025-09-18 07:56:27,066 - __main__ - INFO - 📄 開始處理: L鎖-客訴資料.pdf (18806.2 KB)
2025-09-18 07:57:14,012 - __main__ - INFO -   提取文本: 1622 字元, 4 頁
2025-09-18 07:57:14,026 - __main__ - INFO -   文檔資訊: 類型=COMPLAINT, 產品數=0, 關鍵字數=0
2025-09-18 07:57:14,046 - __main__ - INFO -   ✅ 成功處理，耗時: 46996ms
2025-09-18 07:57:15,071 - __main__ - INFO - 📄 開始處理: L鎖-設變單申請單.pdf (4574.5 KB)
2025-09-18 07:57:27,436 - __main__ - INFO -   提取文本: 210 字元, 2 頁
2025-09-18 07:57:27,437 - __main__ - INFO -   文檔資訊: 類型=GENERAL, 產品數=0, 關鍵字數=0
2025-09-18 07:57:27,443 - __main__ - INFO -   ✅ 成功處理，耗時: 12378ms
2025-09-18 07:57:28,447 - __main__ - INFO - ✨ 本輪處理完成，共 3 個檔案
2025-09-18 07:57:33,461 - __main__ - INFO - 🔍 發現 9 個待處理檔案
2025-09-18 07:57:33,465 - __main__ - INFO - 📄 開始處理: L鎖-設變單通知單.pdf (298.5 KB)
2025-09-18 07:57:33,471 - __main__ - ERROR -   ❌ 處理失敗: 無法提取文本內容（檔案可能損壞或為圖片）
2025-09-18 07:57:34,478 - __main__ - INFO - 📄 開始處理: T鎖-FMEA.pdf (154.1 KB)
2025-09-18 07:57:34,560 - __main__ - INFO -   提取文本: 2957 字元, 1 頁
2025-09-18 07:57:34,561 - __main__ - INFO -   文檔資訊: 類型=DFMEA, 產品數=0, 關鍵字數=5
2025-09-18 07:57:34,571 - __main__ - INFO -   ✅ 成功處理，耗時: 91ms
2025-09-18 07:57:35,624 - __main__ - INFO - 📄 開始處理: T鎖-客訴資料.pdf (12679.3 KB)
2025-09-18 07:58:04,954 - __main__ - INFO -   提取文本: 1097 字元, 4 頁
2025-09-18 07:58:04,960 - __main__ - INFO -   文檔資訊: 類型=COMPLAINT, 產品數=0, 關鍵字數=0
2025-09-18 07:58:04,965 - __main__ - INFO -   ✅ 成功處理，耗時: 29353ms
2025-09-18 07:58:05,967 - __main__ - INFO - ✨ 本輪處理完成，共 2 個檔案
2025-09-18 07:58:10,977 - __main__ - INFO - 🔍 發現 6 個待處理檔案
2025-09-18 07:58:11,003 - __main__ - INFO - 📄 開始處理: T鎖-設變單申請單-2.pdf (4930.4 KB)
2025-09-18 07:58:22,653 - __main__ - INFO -   提取文本: 261 字元, 2 頁
2025-09-18 07:58:22,654 - __main__ - INFO -   文檔資訊: 類型=GENERAL, 產品數=0, 關鍵字數=0
2025-09-18 07:58:22,675 - __main__ - INFO -   ✅ 成功處理，耗時: 11678ms
2025-09-18 07:58:23,697 - __main__ - INFO - 📄 開始處理: T鎖-設變單申請單-3.pdf (5097.2 KB)
2025-09-18 07:58:35,140 - __main__ - INFO -   提取文本: 269 字元, 2 頁
2025-09-18 07:58:35,142 - __main__ - INFO -   文檔資訊: 類型=GENERAL, 產品數=0, 關鍵字數=0
2025-09-18 07:58:35,146 - __main__ - INFO -   ✅ 成功處理，耗時: 11455ms
2025-09-18 07:58:36,172 - __main__ - INFO - 📄 開始處理: T鎖-設變單申請單.pdf (5424.7 KB)
2025-09-18 07:58:48,404 - __main__ - INFO -   提取文本: 324 字元, 2 頁
2025-09-18 07:58:48,406 - __main__ - INFO -   文檔資訊: 類型=GENERAL, 產品數=0, 關鍵字數=0
2025-09-18 07:58:48,410 - __main__ - INFO -   ✅ 成功處理，耗時: 12247ms
2025-09-18 07:58:49,412 - __main__ - INFO - ✨ 本輪處理完成，共 3 個檔案
2025-09-18 07:58:54,421 - __main__ - INFO - 🔍 發現 3 個待處理檔案
2025-09-18 07:58:54,431 - __main__ - INFO - 📄 開始處理: T鎖-設變單通知單-2.pdf (1678.1 KB)
2025-09-18 07:58:54,440 - __main__ - ERROR -   ❌ 處理失敗: 無法提取文本內容（檔案可能損壞或為圖片）
2025-09-18 07:58:55,455 - __main__ - INFO - 📄 開始處理: T鎖-設變單通知單-3.pdf (1234.9 KB)
2025-09-18 07:58:55,470 - __main__ - ERROR -   ❌ 處理失敗: 無法提取文本內容（檔案可能損壞或為圖片）
2025-09-18 07:58:56,486 - __main__ - INFO - 📄 開始處理: T鎖-設變單通知單.pdf (2156.4 KB)
2025-09-18 07:58:56,504 - __main__ - ERROR -   ❌ 處理失敗: 無法提取文本內容（檔案可能損壞或為圖片）
2025-09-18 08:01:57,886 - __main__ - INFO - 💤 無新檔案，等待 40 秒...
2025-09-18 08:05:18,262 - __main__ - INFO - 💤 無新檔案，等待 60 秒...
2025-09-18 08:08:38,638 - __main__ - INFO - 💤 無新檔案，等待 80 秒...
2025-09-18 08:11:59,017 - __main__ - INFO - 💤 無新檔案，等待 100 秒...
2025-09-18 08:15:19,371 - __main__ - INFO - 💤 無新檔案，等待 120 秒...
2025-09-18 08:18:39,751 - __main__ - INFO - 💤 無新檔案，等待 140 秒...
2025-09-18 08:22:00,063 - __main__ - INFO - 💤 無新檔案，等待 160 秒...
2025-09-18 08:25:20,474 - __main__ - INFO - 💤 無新檔案，等待 180 秒...
2025-09-18 08:28:40,777 - __main__ - INFO - 💤 無新檔案，等待 200 秒...
2025-09-18 08:32:01,138 - __main__ - INFO - 💤 無新檔案，等待 220 秒...
2025-09-18 08:35:21,499 - __main__ - INFO - 💤 無新檔案，等待 240 秒...
2025-09-18 08:38:41,846 - __main__ - INFO - 💤 無新檔案，等待 260 秒...
2025-09-18 08:42:02,158 - __main__ - INFO - 💤 無新檔案，等待 280 秒...
2025-09-18 08:45:22,581 - __main__ - INFO - 💤 無新檔案，等待 300 秒...
2025-09-18 08:48:43,036 - __main__ - INFO - 💤 無新檔案，等待 300 秒...
2025-09-18 08:51:56,772 - __main__ - INFO - 🛑 收到中斷信號，準備優雅關閉...
2025-09-18 08:51:57,331 - __main__ - INFO - 🛑 服務正在關閉...
2025-09-18 08:51:57,333 - __main__ - INFO - 資料庫連線已關閉
2025-09-18 08:51:57,333 - __main__ - INFO - 👋 服務已停止
2025-09-18 09:09:48,041 - __main__ - INFO - ⏳ 等待 MySQL 就緒...
2025-09-18 09:09:48,042 - __main__ - INFO - 建立新的資料庫連線...
2025-09-18 09:09:48,081 - __main__ - INFO - ✅ 資料表建立/確認成功
2025-09-18 09:09:48,083 - __main__ - INFO - 資料庫連線已關閉
2025-09-18 09:09:48,083 - __main__ - INFO - ✅ MySQL 連線成功
2025-09-18 09:09:48,083 - __main__ - INFO - 建立新的資料庫連線...
2025-09-18 09:09:48,088 - __main__ - INFO - ✅ 資料表建立/確認成功
2025-09-18 09:09:48,089 - __main__ - INFO - PDF 處理服務初始化完成
2025-09-18 09:09:48,089 - __main__ - INFO - ============================================================
2025-09-18 09:09:48,089 - __main__ - INFO - 🚀 PDF 處理服務啟動
2025-09-18 09:09:48,089 - __main__ - INFO - 📁 監控目錄: /mnt/pdf/incoming
2025-09-18 09:09:48,089 - __main__ - INFO - ⏱  掃描間隔: 20 秒
2025-09-18 09:09:48,090 - __main__ - INFO - 📦 批次大小: 3
2025-09-18 09:09:48,090 - __main__ - INFO - 🔍 OCR 狀態: 啟用
2025-09-18 09:09:48,090 - __main__ - INFO - ============================================================
2025-09-18 09:10:48,211 - __main__ - INFO - 🔍 發現 13 個待處理檔案
2025-09-18 09:10:48,217 - __main__ - INFO - 📄 開始處理: G鎖-FMEA.pdf (164.3 KB)
2025-09-18 09:10:48,236 - __main__ - INFO - 開始處理 PDF，共 1 頁
2025-09-18 09:10:48,274 - __main__ - INFO - ✅ 文字型 PDF（1/1 頁有文字）
2025-09-18 09:10:48,275 - __main__ - INFO - 📄 成功提取文字：1706 字元，1 頁
2025-09-18 09:10:48,275 - __main__ - INFO -   提取文本: 1706 字元, 1 頁
2025-09-18 09:10:48,277 - __main__ - INFO -   文檔資訊: 類型=DFMEA, 產品數=0, 關鍵字數=3
2025-09-18 09:10:48,283 - __main__ - INFO -   ✅ 成功處理，耗時: 65ms
2025-09-18 09:10:49,340 - __main__ - INFO - 📄 開始處理: G鎖-客訴資料.pdf (15395.5 KB)
2025-09-18 09:10:49,349 - __main__ - INFO - 開始處理 PDF，共 4 頁
2025-09-18 09:11:44,049 - __main__ - INFO - ✅ 文字型 PDF（4/4 頁有文字）
2025-09-18 09:11:44,054 - __main__ - INFO - 📄 成功提取文字：887 字元，4 頁
2025-09-18 09:11:44,054 - __main__ - INFO -   提取文本: 887 字元, 4 頁
2025-09-18 09:11:44,064 - __main__ - INFO -   文檔資訊: 類型=COMPLAINT, 產品數=0, 關鍵字數=0
2025-09-18 09:11:44,091 - __main__ - INFO -   ✅ 成功處理，耗時: 54767ms
2025-09-18 09:11:45,109 - __main__ - INFO - 📄 開始處理: G鎖-設變單通知單-2.pdf (390.5 KB)
2025-09-18 09:11:45,113 - __main__ - INFO - 開始處理 PDF，共 1 頁
2025-09-18 09:11:45,116 - __main__ - INFO - ⚠️ 掃描型 PDF（僅 0/1 頁有文字）
2025-09-18 09:11:45,116 - __main__ - INFO - 自動啟用 OCR 處理...
2025-09-18 09:11:45,739 - __main__ - INFO - 開始智能 OCR 處理...
2025-09-18 09:11:45,740 - __main__ - INFO - 需要 OCR 的頁面: [1]
2025-09-18 09:11:45,975 - __main__ - INFO -   OCR 處理第 1 頁...
2025-09-18 09:11:47,238 - __main__ - INFO - ✅ OCR 成功提取 396 字元
2025-09-18 09:11:47,239 - __main__ - INFO - 📄 成功提取文字：396 字元，1 頁
2025-09-18 09:11:47,240 - __main__ - INFO -   提取文本: 396 字元, 1 頁
2025-09-18 09:11:47,240 - __main__ - INFO -   文檔資訊: 類型=ECN, 產品數=1, 關鍵字數=6
2025-09-18 09:11:47,320 - __main__ - INFO -   ✅ 成功處理，耗時: 2214ms
2025-09-18 09:11:48,321 - __main__ - INFO - ✨ 本輪處理完成，共 3 個檔案
2025-09-18 09:11:53,333 - __main__ - INFO - 🔍 發現 18 個待處理檔案
2025-09-18 09:11:53,341 - __main__ - INFO - 📄 開始處理: G鎖-設變單通知單-3.pdf (707.9 KB)
2025-09-18 09:11:53,347 - __main__ - INFO - 開始處理 PDF，共 2 頁
2025-09-18 09:11:53,350 - __main__ - INFO - ⚠️ 掃描型 PDF（僅 0/2 頁有文字）
2025-09-18 09:11:53,350 - __main__ - INFO - 自動啟用 OCR 處理...
2025-09-18 09:11:53,350 - __main__ - INFO - 開始智能 OCR 處理...
2025-09-18 09:11:53,352 - __main__ - INFO - 需要 OCR 的頁面: [1, 2]
2025-09-18 09:11:53,486 - __main__ - INFO -   OCR 處理第 1 頁...
2025-09-18 09:11:54,939 - __main__ - INFO -   OCR 處理第 2 頁...
2025-09-18 09:11:56,282 - __main__ - INFO - ✅ OCR 成功提取 1492 字元
2025-09-18 09:11:56,283 - __main__ - INFO - 📄 成功提取文字：1492 字元，2 頁
2025-09-18 09:11:56,283 - __main__ - INFO -   提取文本: 1492 字元, 2 頁
2025-09-18 09:11:56,295 - __main__ - INFO -   文檔資訊: 類型=ECN, 產品數=1, 關鍵字數=5
2025-09-18 09:11:56,298 - __main__ - INFO -   ✅ 成功處理，耗時: 2957ms
2025-09-18 09:11:57,317 - __main__ - INFO - 📄 開始處理: G鎖-設變單通知單-4.pdf (2333.8 KB)
2025-09-18 09:11:57,326 - __main__ - INFO - 開始處理 PDF，共 6 頁
2025-09-18 09:11:57,333 - __main__ - INFO - ⚠️ 掃描型 PDF（僅 0/6 頁有文字）
2025-09-18 09:11:57,333 - __main__ - INFO - 自動啟用 OCR 處理...
2025-09-18 09:11:57,333 - __main__ - INFO - 開始智能 OCR 處理...
2025-09-18 09:11:57,336 - __main__ - INFO - 需要 OCR 的頁面: [1, 2, 3, 4, 5, 6]
2025-09-18 09:11:57,465 - __main__ - INFO -   OCR 處理第 1 頁...
2025-09-18 09:12:00,064 - __main__ - INFO -   OCR 處理第 2 頁...
2025-09-18 09:12:00,616 - __main__ - INFO -   OCR 處理第 3 頁...
2025-09-18 09:12:04,115 - __main__ - INFO -   OCR 處理第 4 頁...
2025-09-18 09:12:05,587 - __main__ - INFO -   OCR 處理第 5 頁...
2025-09-18 09:12:07,431 - __main__ - INFO -   OCR 處理第 6 頁...
2025-09-18 09:12:09,439 - __main__ - INFO - ✅ OCR 成功提取 6466 字元
2025-09-18 09:12:09,439 - __main__ - INFO - 📄 成功提取文字：6466 字元，6 頁
2025-09-18 09:12:09,439 - __main__ - INFO -   提取文本: 6466 字元, 6 頁
2025-09-18 09:12:09,549 - __main__ - INFO -   文檔資訊: 類型=ECN, 產品數=7, 關鍵字數=13
2025-09-18 09:12:09,566 - __main__ - INFO -   ✅ 成功處理，耗時: 12247ms
2025-09-18 09:12:10,577 - __main__ - INFO - 📄 開始處理: G鎖-設變單通知單.pdf (651.5 KB)
2025-09-18 09:12:10,582 - __main__ - INFO - 開始處理 PDF，共 2 頁
2025-09-18 09:12:10,586 - __main__ - INFO - ⚠️ 掃描型 PDF（僅 0/2 頁有文字）
2025-09-18 09:12:10,586 - __main__ - INFO - 自動啟用 OCR 處理...
2025-09-18 09:12:10,587 - __main__ - INFO - 開始智能 OCR 處理...
2025-09-18 09:12:10,590 - __main__ - INFO - 需要 OCR 的頁面: [1, 2]
2025-09-18 09:12:10,701 - __main__ - INFO -   OCR 處理第 1 頁...
2025-09-18 09:12:12,009 - __main__ - INFO -   OCR 處理第 2 頁...
2025-09-18 09:12:13,708 - __main__ - INFO - ✅ OCR 成功提取 1620 字元
2025-09-18 09:12:13,708 - __main__ - INFO - 📄 成功提取文字：1620 字元，2 頁
2025-09-18 09:12:13,708 - __main__ - INFO -   提取文本: 1620 字元, 2 頁
2025-09-18 09:12:13,709 - __main__ - INFO -   文檔資訊: 類型=ECN, 產品數=3, 關鍵字數=9
2025-09-18 09:12:13,713 - __main__ - INFO -   ✅ 成功處理，耗時: 3136ms
2025-09-18 09:12:14,715 - __main__ - INFO - ✨ 本輪處理完成，共 3 個檔案
2025-09-18 09:12:19,726 - __main__ - INFO - 🔍 發現 15 個待處理檔案
2025-09-18 09:12:19,749 - __main__ - INFO - 📄 開始處理: G鎖-設變申請單-2.pdf (4549.1 KB)
2025-09-18 09:12:19,758 - __main__ - INFO - 開始處理 PDF，共 2 頁
2025-09-18 09:12:35,026 - __main__ - INFO - ✅ 文字型 PDF（2/2 頁有文字）
2025-09-18 09:12:35,028 - __main__ - INFO - 📄 成功提取文字：510 字元，2 頁
2025-09-18 09:12:35,028 - __main__ - INFO -   提取文本: 510 字元, 2 頁
2025-09-18 09:12:35,030 - __main__ - INFO -   文檔資訊: 類型=GENERAL, 產品數=0, 關鍵字數=0
2025-09-18 09:12:35,036 - __main__ - INFO -   ✅ 成功處理，耗時: 15295ms
2025-09-18 09:12:36,062 - __main__ - INFO - 📄 開始處理: G鎖-設變申請單-3.pdf (4077.5 KB)
2025-09-18 09:12:36,070 - __main__ - INFO - 開始處理 PDF，共 2 頁
2025-09-18 09:12:46,535 - __main__ - INFO - ✅ 文字型 PDF（2/2 頁有文字）
2025-09-18 09:12:46,537 - __main__ - INFO - 📄 成功提取文字：243 字元，2 頁
2025-09-18 09:12:46,537 - __main__ - INFO -   提取文本: 243 字元, 2 頁
2025-09-18 09:12:46,537 - __main__ - INFO -   文檔資訊: 類型=GENERAL, 產品數=0, 關鍵字數=0
2025-09-18 09:12:46,543 - __main__ - INFO -   ✅ 成功處理，耗時: 10488ms
2025-09-18 09:12:47,566 - __main__ - INFO - 📄 開始處理: G鎖-設變申請單-4.pdf (5435.5 KB)
2025-09-18 09:12:47,572 - __main__ - INFO - 開始處理 PDF，共 2 頁
2025-09-18 09:13:01,640 - __main__ - INFO - ✅ 文字型 PDF（2/2 頁有文字）
2025-09-18 09:13:01,641 - __main__ - INFO - 📄 成功提取文字：252 字元，2 頁
2025-09-18 09:13:01,642 - __main__ - INFO -   提取文本: 252 字元, 2 頁
2025-09-18 09:13:01,642 - __main__ - INFO -   文檔資訊: 類型=GENERAL, 產品數=0, 關鍵字數=0
2025-09-18 09:13:01,646 - __main__ - INFO -   ✅ 成功處理，耗時: 14086ms
2025-09-18 09:13:02,647 - __main__ - INFO - ✨ 本輪處理完成，共 3 個檔案
2025-09-18 09:13:07,656 - __main__ - INFO - 🔍 發現 12 個待處理檔案
2025-09-18 09:13:07,684 - __main__ - INFO - 📄 開始處理: G鎖-設變申請單.pdf (5890.8 KB)
2025-09-18 09:13:07,694 - __main__ - INFO - 開始處理 PDF，共 2 頁
2025-09-18 09:13:22,511 - __main__ - INFO - ✅ 文字型 PDF（2/2 頁有文字）
2025-09-18 09:13:22,512 - __main__ - INFO - 📄 成功提取文字：375 字元，2 頁
2025-09-18 09:13:22,512 - __main__ - INFO -   提取文本: 375 字元, 2 頁
2025-09-18 09:13:22,513 - __main__ - INFO -   文檔資訊: 類型=GENERAL, 產品數=0, 關鍵字數=0
2025-09-18 09:13:22,517 - __main__ - INFO -   ✅ 成功處理，耗時: 14840ms
2025-09-18 09:13:23,584 - __main__ - INFO - 📄 開始處理: L鎖-客訴資料.pdf (18806.2 KB)
2025-09-18 09:13:23,593 - __main__ - INFO - 開始處理 PDF，共 4 頁
2025-09-18 09:14:22,332 - __main__ - INFO - ⏳ 等待 MySQL 就緒...
2025-09-18 09:14:22,334 - __main__ - INFO - 建立新的資料庫連線...
2025-09-18 09:14:22,378 - __main__ - INFO - ✅ 資料表建立/確認成功
2025-09-18 09:14:22,378 - __main__ - INFO - 資料庫連線已關閉
2025-09-18 09:14:22,378 - __main__ - INFO - ✅ MySQL 連線成功
2025-09-18 09:14:22,378 - __main__ - INFO - 建立新的資料庫連線...
2025-09-18 09:14:22,381 - __main__ - INFO - ✅ 資料表建立/確認成功
2025-09-18 09:14:22,382 - __main__ - INFO - 載入狀態檔案，已處理 10 個檔案
2025-09-18 09:14:22,383 - __main__ - INFO - PDF 處理服務初始化完成
2025-09-18 09:14:22,383 - __main__ - INFO - ============================================================
2025-09-18 09:14:22,383 - __main__ - INFO - 🚀 PDF 處理服務啟動
2025-09-18 09:14:22,383 - __main__ - INFO - 📁 監控目錄: /mnt/pdf/incoming
2025-09-18 09:14:22,383 - __main__ - INFO - ⏱  掃描間隔: 20 秒
2025-09-18 09:14:22,383 - __main__ - INFO - 📦 批次大小: 3
2025-09-18 09:14:22,383 - __main__ - INFO - 🔍 OCR 狀態: 啟用
2025-09-18 09:14:22,383 - __main__ - INFO - ============================================================
2025-09-18 09:14:22,384 - __main__ - INFO - 🔍 發現 10 個待處理檔案
2025-09-18 09:14:22,396 - __main__ - INFO - 📄 開始處理: L鎖-設變單申請單.pdf (4574.5 KB)
2025-09-18 09:14:22,405 - __main__ - INFO - 開始處理 PDF，共 2 頁
2025-09-18 09:14:34,432 - __main__ - INFO - ✅ 文字型 PDF（2/2 頁有文字）
2025-09-18 09:14:34,432 - __main__ - INFO - 📄 成功提取文字：205 字元，2 頁
2025-09-18 09:14:34,433 - __main__ - INFO -   提取文本: 205 字元, 2 頁
2025-09-18 09:14:34,434 - __main__ - INFO -   文檔資訊: 類型=GENERAL, 產品數=0, 關鍵字數=0
2025-09-18 09:14:34,444 - __main__ - INFO -   ✅ 成功處理，耗時: 12049ms
2025-09-18 09:14:35,449 - __main__ - INFO - 📄 開始處理: L鎖-設變單通知單.pdf (298.5 KB)
2025-09-18 09:14:35,456 - __main__ - INFO - 開始處理 PDF，共 1 頁
2025-09-18 09:14:35,459 - __main__ - INFO - ⚠️ 掃描型 PDF（僅 0/1 頁有文字）
2025-09-18 09:14:35,459 - __main__ - INFO - 自動啟用 OCR 處理...
2025-09-18 09:14:36,295 - __main__ - INFO - 開始智能 OCR 處理...
2025-09-18 09:14:36,295 - __main__ - INFO - 需要 OCR 的頁面: [1]
2025-09-18 09:14:36,489 - __main__ - INFO -   OCR 處理第 1 頁...
2025-09-18 09:14:37,336 - __main__ - INFO - ✅ OCR 成功提取 291 字元
2025-09-18 09:14:37,336 - __main__ - INFO - 📄 成功提取文字：291 字元，1 頁
2025-09-18 09:14:37,336 - __main__ - INFO -   提取文本: 291 字元, 1 頁
2025-09-18 09:14:37,337 - __main__ - INFO -   文檔資訊: 類型=SPEC, 產品數=2, 關鍵字數=6
2025-09-18 09:14:37,340 - __main__ - INFO -   ✅ 成功處理，耗時: 1891ms
2025-09-18 09:14:38,345 - __main__ - INFO - 📄 開始處理: T鎖-FMEA.pdf (154.1 KB)
2025-09-18 09:14:38,358 - __main__ - INFO - 開始處理 PDF，共 1 頁
2025-09-18 09:14:38,437 - __main__ - INFO - ✅ 文字型 PDF（1/1 頁有文字）
2025-09-18 09:14:38,438 - __main__ - INFO - 📄 成功提取文字：2955 字元，1 頁
2025-09-18 09:14:38,438 - __main__ - INFO -   提取文本: 2955 字元, 1 頁
2025-09-18 09:14:38,439 - __main__ - INFO -   文檔資訊: 類型=DFMEA, 產品數=0, 關鍵字數=5
2025-09-18 09:14:38,444 - __main__ - INFO -   ✅ 成功處理，耗時: 98ms
2025-09-18 09:14:39,445 - __main__ - INFO - ✨ 本輪處理完成，共 3 個檔案
2025-09-18 09:14:44,453 - __main__ - INFO - 🔍 發現 7 個待處理檔案
2025-09-18 09:14:44,501 - __main__ - INFO - 📄 開始處理: T鎖-客訴資料.pdf (12679.3 KB)
2025-09-18 09:14:44,509 - __main__ - INFO - 開始處理 PDF，共 4 頁
2025-09-18 09:15:18,297 - __main__ - INFO - ✅ 文字型 PDF（4/4 頁有文字）
2025-09-18 09:15:18,298 - __main__ - INFO - 📄 成功提取文字：1084 字元，4 頁
2025-09-18 09:15:18,298 - __main__ - INFO -   提取文本: 1084 字元, 4 頁
2025-09-18 09:15:18,304 - __main__ - INFO -   文檔資訊: 類型=COMPLAINT, 產品數=0, 關鍵字數=0
2025-09-18 09:15:18,311 - __main__ - INFO -   ✅ 成功處理，耗時: 33824ms
2025-09-18 09:15:19,334 - __main__ - INFO - 📄 開始處理: T鎖-設變單申請單-2.pdf (4930.4 KB)
2025-09-18 09:15:19,344 - __main__ - INFO - 開始處理 PDF，共 2 頁
2025-09-18 09:15:32,827 - __main__ - INFO - ✅ 文字型 PDF（2/2 頁有文字）
2025-09-18 09:15:32,828 - __main__ - INFO - 📄 成功提取文字：256 字元，2 頁
2025-09-18 09:15:32,828 - __main__ - INFO -   提取文本: 256 字元, 2 頁
2025-09-18 09:15:32,828 - __main__ - INFO -   文檔資訊: 類型=GENERAL, 產品數=0, 關鍵字數=0
2025-09-18 09:15:32,832 - __main__ - INFO -   ✅ 成功處理，耗時: 13507ms
2025-09-18 09:15:33,859 - __main__ - INFO - 📄 開始處理: T鎖-設變單申請單-3.pdf (5097.2 KB)
2025-09-18 09:15:33,868 - __main__ - INFO - 開始處理 PDF，共 2 頁
2025-09-18 09:15:47,097 - __main__ - INFO - ✅ 文字型 PDF（2/2 頁有文字）
2025-09-18 09:15:47,098 - __main__ - INFO - 📄 成功提取文字：264 字元，2 頁
2025-09-18 09:15:47,098 - __main__ - INFO -   提取文本: 264 字元, 2 頁
2025-09-18 09:15:47,098 - __main__ - INFO -   文檔資訊: 類型=GENERAL, 產品數=0, 關鍵字數=0
2025-09-18 09:15:47,103 - __main__ - INFO -   ✅ 成功處理，耗時: 13253ms
2025-09-18 09:15:48,105 - __main__ - INFO - ✨ 本輪處理完成，共 3 個檔案
2025-09-18 09:15:53,114 - __main__ - INFO - 🔍 發現 4 個待處理檔案
2025-09-18 09:15:53,139 - __main__ - INFO - 📄 開始處理: T鎖-設變單申請單.pdf (5424.7 KB)
2025-09-18 09:15:53,149 - __main__ - INFO - 開始處理 PDF，共 2 頁
2025-09-18 09:16:07,181 - __main__ - INFO - ✅ 文字型 PDF（2/2 頁有文字）
2025-09-18 09:16:07,182 - __main__ - INFO - 📄 成功提取文字：319 字元，2 頁
2025-09-18 09:16:07,182 - __main__ - INFO -   提取文本: 319 字元, 2 頁
2025-09-18 09:16:07,183 - __main__ - INFO -   文檔資訊: 類型=GENERAL, 產品數=0, 關鍵字數=0
2025-09-18 09:16:07,186 - __main__ - INFO -   ✅ 成功處理，耗時: 14054ms
2025-09-18 09:16:08,195 - __main__ - INFO - 📄 開始處理: T鎖-設變單通知單-2.pdf (1678.1 KB)
2025-09-18 09:16:08,200 - __main__ - INFO - 開始處理 PDF，共 4 頁
2025-09-18 09:16:08,205 - __main__ - INFO - ⚠️ 掃描型 PDF（僅 0/4 頁有文字）
2025-09-18 09:16:08,205 - __main__ - INFO - 自動啟用 OCR 處理...
2025-09-18 09:16:08,206 - __main__ - INFO - 開始智能 OCR 處理...
2025-09-18 09:16:08,208 - __main__ - INFO - 需要 OCR 的頁面: [1, 2, 3, 4]
2025-09-18 09:16:08,360 - __main__ - INFO -   OCR 處理第 1 頁...
2025-09-18 09:16:10,296 - __main__ - INFO -   OCR 處理第 2 頁...
2025-09-18 09:16:11,931 - __main__ - INFO -   OCR 處理第 3 頁...
2025-09-18 09:16:13,164 - __main__ - INFO -   OCR 處理第 4 頁...
2025-09-18 09:16:14,352 - __main__ - INFO - ✅ OCR 成功提取 2368 字元
2025-09-18 09:16:14,353 - __main__ - INFO - 📄 成功提取文字：2368 字元，4 頁
2025-09-18 09:16:14,353 - __main__ - INFO -   提取文本: 2368 字元, 4 頁
2025-09-18 09:16:14,387 - __main__ - INFO -   文檔資訊: 類型=ECN, 產品數=2, 關鍵字數=8
2025-09-18 09:16:14,393 - __main__ - INFO -   ✅ 成功處理，耗時: 6198ms
2025-09-18 09:16:15,402 - __main__ - INFO - 📄 開始處理: T鎖-設變單通知單-3.pdf (1234.9 KB)
2025-09-18 09:16:15,407 - __main__ - INFO - 開始處理 PDF，共 4 頁
2025-09-18 09:16:15,412 - __main__ - INFO - ⚠️ 掃描型 PDF（僅 0/4 頁有文字）
2025-09-18 09:16:15,413 - __main__ - INFO - 自動啟用 OCR 處理...
2025-09-18 09:16:15,413 - __main__ - INFO - 開始智能 OCR 處理...
2025-09-18 09:16:15,415 - __main__ - INFO - 需要 OCR 的頁面: [1, 2, 3, 4]
2025-09-18 09:16:15,537 - __main__ - INFO -   OCR 處理第 1 頁...
2025-09-18 09:16:17,154 - __main__ - INFO -   OCR 處理第 2 頁...
2025-09-18 09:16:18,133 - __main__ - INFO -   OCR 處理第 3 頁...
2025-09-18 09:16:19,117 - __main__ - INFO -   OCR 處理第 4 頁...
2025-09-18 09:16:20,458 - __main__ - INFO - ✅ OCR 成功提取 3748 字元
2025-09-18 09:16:20,458 - __main__ - INFO - 📄 成功提取文字：3748 字元，4 頁
2025-09-18 09:16:20,459 - __main__ - INFO -   提取文本: 3748 字元, 4 頁
2025-09-18 09:16:20,460 - __main__ - INFO -   文檔資訊: 類型=ECN, 產品數=1, 關鍵字數=6
2025-09-18 09:16:20,464 - __main__ - INFO -   ✅ 成功處理，耗時: 5063ms
2025-09-18 09:16:21,465 - __main__ - INFO - ✨ 本輪處理完成，共 3 個檔案
2025-09-18 09:16:26,473 - __main__ - INFO - 🔍 發現 1 個待處理檔案
2025-09-18 09:16:26,488 - __main__ - INFO - 📄 開始處理: T鎖-設變單通知單.pdf (2156.4 KB)
2025-09-18 09:16:26,495 - __main__ - INFO - 開始處理 PDF，共 5 頁
2025-09-18 09:16:26,500 - __main__ - INFO - ⚠️ 掃描型 PDF（僅 0/5 頁有文字）
2025-09-18 09:16:26,501 - __main__ - INFO - 自動啟用 OCR 處理...
2025-09-18 09:16:26,501 - __main__ - INFO - 開始智能 OCR 處理...
2025-09-18 09:16:26,505 - __main__ - INFO - 需要 OCR 的頁面: [1, 2, 3, 4, 5]
2025-09-18 09:16:26,629 - __main__ - INFO -   OCR 處理第 1 頁...
2025-09-18 09:16:28,356 - __main__ - INFO -   OCR 處理第 2 頁...
2025-09-18 09:16:29,983 - __main__ - INFO -   OCR 處理第 3 頁...
2025-09-18 09:16:31,379 - __main__ - INFO -   OCR 處理第 4 頁...
2025-09-18 09:16:33,023 - __main__ - INFO -   OCR 處理第 5 頁...
2025-09-18 09:16:33,860 - __main__ - INFO - ✅ OCR 成功提取 3918 字元
2025-09-18 09:16:33,860 - __main__ - INFO - 📄 成功提取文字：3918 字元，5 頁
2025-09-18 09:16:33,861 - __main__ - INFO -   提取文本: 3918 字元, 5 頁
2025-09-18 09:16:33,886 - __main__ - INFO -   文檔資訊: 類型=ECN, 產品數=2, 關鍵字數=8
2025-09-18 09:16:33,895 - __main__ - INFO -   ✅ 成功處理，耗時: 7410ms
2025-09-18 09:16:34,896 - __main__ - INFO - ✨ 本輪處理完成，共 1 個檔案
2025-09-18 09:19:40,260 - __main__ - INFO - 💤 無新檔案，等待 40 秒...
2025-09-18 09:20:17,888 - __main__ - INFO - 🛑 收到中斷信號，準備優雅關閉...
2025-09-18 09:20:18,345 - __main__ - INFO - 🛑 服務正在關閉...
2025-09-18 09:20:18,346 - __main__ - INFO - 資料庫連線已關閉
2025-09-18 09:20:18,347 - __main__ - INFO - 👋 服務已停止
2025-09-18 16:04:05,440 - __main__ - INFO - ✅ 資料庫連線成功: mysql:3306/fuhsin_erp_demo
2025-09-18 16:04:05,443 - __main__ - INFO - PDF 處理服務初始化完成（增強版）
2025-09-18 16:04:05,443 - __main__ - INFO - ============================================================
2025-09-18 16:04:05,443 - __main__ - INFO - 🚀 PDF 處理服務啟動（增強版）
2025-09-18 16:04:05,444 - __main__ - INFO - 📁 監控目錄: /mnt/pdf/incoming
2025-09-18 16:04:05,444 - __main__ - INFO - ⏱ 掃描間隔: 20 秒
2025-09-18 16:04:05,444 - __main__ - INFO - 📦 批次大小: 3
2025-09-18 16:04:05,444 - __main__ - INFO - 🔍 OCR 狀態: 啟用
2025-09-18 16:04:05,444 - __main__ - INFO - 🐛 調試模式: 關閉
2025-09-18 16:04:05,445 - __main__ - INFO - ============================================================
2025-09-18 16:04:25,449 - __main__ - INFO - 🔍 發現 21 個待處理檔案
2025-09-18 16:04:25,453 - __main__ - INFO - 📄 開始處理: G鎖-FMEA.pdf (164.3 KB)
2025-09-18 16:04:25,454 - __main__ - WARNING - 資料庫連線已斷開，嘗試重新連線...
2025-09-18 16:04:25,459 - __main__ - INFO - ✅ 資料庫連線成功: mysql:3306/fuhsin_erp_demo
2025-09-18 16:04:25,510 - __main__ - INFO - PDF 類型: TABLE_FORM（表單型）
2025-09-18 16:04:25,534 - __main__ - INFO -   提取文字: 611 字元, 1 頁
2025-09-18 16:04:25,557 - __main__ - INFO - PDF 類型: TABLE_FORM（表單型）
2025-09-18 16:04:25,577 - __main__ - INFO -   提取表單欄位: 13 個
2025-09-18 16:04:25,577 - __main__ - INFO - 偵測到文檔類型: DFMEA
2025-09-18 16:04:25,579 - __main__ - WARNING - 資料庫連線已斷開，嘗試重新連線...
2025-09-18 16:04:25,580 - __main__ - INFO - ✅ 資料庫連線成功: mysql:3306/fuhsin_erp_demo
2025-09-18 16:04:25,589 - __main__ - ERROR - 資料庫寫入錯誤: (1054, "Unknown column 'file_name' in 'field list'")
2025-09-18 16:04:25,589 - __main__ - ERROR -   ❌ 處理失敗: 資料庫寫入失敗
2025-09-18 16:04:25,589 - __main__ - WARNING - 資料庫連線已斷開，嘗試重新連線...
2025-09-18 16:04:25,590 - __main__ - INFO - ✅ 資料庫連線成功: mysql:3306/fuhsin_erp_demo
2025-09-18 16:04:26,686 - __main__ - INFO - 📄 開始處理: G鎖-客訴資料.pdf (15395.5 KB)
2025-09-18 16:04:26,687 - __main__ - WARNING - 資料庫連線已斷開，嘗試重新連線...
2025-09-18 16:04:26,689 - __main__ - INFO - ✅ 資料庫連線成功: mysql:3306/fuhsin_erp_demo
2025-09-18 16:04:33,679 - __main__ - INFO - PDF 類型: SCANNED（掃描檔）
2025-09-18 16:05:15,711 - __main__ - WARNING - 文字提取結果過少，嘗試 OCR: G鎖-客訴資料.pdf
2025-09-18 16:05:15,711 - __main__ - INFO - 開始 OCR 處理: G鎖-客訴資料.pdf
2025-09-18 16:05:21,884 - __main__ - INFO - OCR 處理第 1/4 頁完成
2025-09-18 16:05:25,538 - __main__ - INFO - OCR 處理第 2/4 頁完成
2025-09-18 16:05:31,118 - __main__ - INFO - OCR 處理第 3/4 頁完成
2025-09-18 16:05:34,081 - __main__ - INFO - OCR 處理第 4/4 頁完成
2025-09-18 16:05:34,081 - __main__ - INFO -   提取文字: 4397 字元, 4 頁
2025-09-18 16:05:42,757 - __main__ - INFO - PDF 類型: SCANNED（掃描檔）
2025-09-18 16:05:42,758 - __main__ - INFO - 偵測到文檔類型: ECN
2025-09-18 16:05:42,762 - __main__ - WARNING - 資料庫連線已斷開，嘗試重新連線...
2025-09-18 16:05:42,763 - __main__ - INFO - ✅ 資料庫連線成功: mysql:3306/fuhsin_erp_demo
2025-09-18 16:05:42,765 - __main__ - ERROR - 資料庫寫入錯誤: (1054, "Unknown column 'file_name' in 'field list'")
2025-09-18 16:05:42,765 - __main__ - ERROR -   ❌ 處理失敗: 資料庫寫入失敗
2025-09-18 16:05:42,766 - __main__ - WARNING - 資料庫連線已斷開，嘗試重新連線...
2025-09-18 16:05:42,767 - __main__ - INFO - ✅ 資料庫連線成功: mysql:3306/fuhsin_erp_demo
2025-09-18 16:05:43,783 - __main__ - INFO - 📄 開始處理: G鎖-設變單通知單-2.pdf (390.5 KB)
2025-09-18 16:05:43,784 - __main__ - WARNING - 資料庫連線已斷開，嘗試重新連線...
2025-09-18 16:05:43,788 - __main__ - INFO - ✅ 資料庫連線成功: mysql:3306/fuhsin_erp_demo
2025-09-18 16:05:43,796 - __main__ - INFO - PDF 類型: SCANNED（掃描檔）
2025-09-18 16:05:43,799 - __main__ - WARNING - 文字提取結果過少，嘗試 OCR: G鎖-設變單通知單-2.pdf
2025-09-18 16:05:43,799 - __main__ - INFO - 開始 OCR 處理: G鎖-設變單通知單-2.pdf
2025-09-18 16:05:45,994 - __main__ - INFO - OCR 處理第 1/1 頁完成
2025-09-18 16:05:45,994 - __main__ - INFO -   提取文字: 520 字元, 1 頁
2025-09-18 16:05:45,996 - __main__ - INFO - PDF 類型: SCANNED（掃描檔）
2025-09-18 16:05:45,996 - __main__ - INFO - 偵測到文檔類型: ECN
2025-09-18 16:05:45,997 - __main__ - WARNING - 資料庫連線已斷開，嘗試重新連線...
2025-09-18 16:05:45,998 - __main__ - INFO - ✅ 資料庫連線成功: mysql:3306/fuhsin_erp_demo
2025-09-18 16:05:45,999 - __main__ - ERROR - 資料庫寫入錯誤: (1054, "Unknown column 'file_name' in 'field list'")
2025-09-18 16:05:45,999 - __main__ - ERROR -   ❌ 處理失敗: 資料庫寫入失敗
2025-09-18 16:05:46,000 - __main__ - WARNING - 資料庫連線已斷開，嘗試重新連線...
2025-09-18 16:05:46,000 - __main__ - INFO - ✅ 資料庫連線成功: mysql:3306/fuhsin_erp_demo
2025-09-18 16:06:07,009 - __main__ - INFO - 🔍 發現 18 個待處理檔案
2025-09-18 16:06:07,021 - __main__ - INFO - 📄 開始處理: G鎖-設變單通知單-3.pdf (707.9 KB)
2025-09-18 16:06:07,022 - __main__ - WARNING - 資料庫連線已斷開，嘗試重新連線...
2025-09-18 16:06:07,025 - __main__ - INFO - ✅ 資料庫連線成功: mysql:3306/fuhsin_erp_demo
2025-09-18 16:06:07,035 - __main__ - INFO - PDF 類型: SCANNED（掃描檔）
2025-09-18 16:06:07,038 - __main__ - WARNING - 文字提取結果過少，嘗試 OCR: G鎖-設變單通知單-3.pdf
2025-09-18 16:06:07,038 - __main__ - INFO - 開始 OCR 處理: G鎖-設變單通知單-3.pdf
2025-09-18 16:06:08,861 - __main__ - INFO - OCR 處理第 1/2 頁完成
2025-09-18 16:06:09,504 - __main__ - INFO - OCR 處理第 2/2 頁完成
2025-09-18 16:06:09,505 - __main__ - INFO -   提取文字: 443 字元, 2 頁
2025-09-18 16:06:09,507 - __main__ - INFO - PDF 類型: SCANNED（掃描檔）
2025-09-18 16:06:09,507 - __main__ - INFO - 偵測到文檔類型: ECN
2025-09-18 16:06:09,508 - __main__ - WARNING - 資料庫連線已斷開，嘗試重新連線...
2025-09-18 16:06:09,509 - __main__ - INFO - ✅ 資料庫連線成功: mysql:3306/fuhsin_erp_demo
2025-09-18 16:06:09,510 - __main__ - ERROR - 資料庫寫入錯誤: (1054, "Unknown column 'file_name' in 'field list'")
2025-09-18 16:06:09,510 - __main__ - ERROR -   ❌ 處理失敗: 資料庫寫入失敗
2025-09-18 16:06:09,510 - __main__ - WARNING - 資料庫連線已斷開，嘗試重新連線...
2025-09-18 16:06:09,511 - __main__ - INFO - ✅ 資料庫連線成功: mysql:3306/fuhsin_erp_demo
2025-09-18 16:06:10,541 - __main__ - INFO - 📄 開始處理: G鎖-設變單通知單-4.pdf (2333.8 KB)
2025-09-18 16:06:10,541 - __main__ - WARNING - 資料庫連線已斷開，嘗試重新連線...
2025-09-18 16:06:10,543 - __main__ - INFO - ✅ 資料庫連線成功: mysql:3306/fuhsin_erp_demo
2025-09-18 16:06:10,550 - __main__ - INFO - PDF 類型: SCANNED（掃描檔）
2025-09-18 16:06:10,559 - __main__ - WARNING - 文字提取結果過少，嘗試 OCR: G鎖-設變單通知單-4.pdf
2025-09-18 16:06:10,559 - __main__ - INFO - 開始 OCR 處理: G鎖-設變單通知單-4.pdf
2025-09-18 16:06:15,210 - __main__ - INFO - OCR 處理第 1/6 頁完成
2025-09-18 16:06:15,797 - __main__ - INFO - OCR 處理第 2/6 頁完成
2025-09-18 16:06:16,448 - __main__ - INFO - OCR 處理第 3/6 頁完成
2025-09-18 16:06:17,006 - __main__ - INFO - OCR 處理第 4/6 頁完成
2025-09-18 16:06:19,035 - __main__ - INFO - OCR 處理第 5/6 頁完成
2025-09-18 16:06:21,470 - __main__ - INFO - OCR 處理第 6/6 頁完成
2025-09-18 16:06:21,471 - __main__ - INFO -   提取文字: 3562 字元, 6 頁
2025-09-18 16:06:21,474 - __main__ - INFO - PDF 類型: SCANNED（掃描檔）
2025-09-18 16:06:21,474 - __main__ - INFO - 偵測到文檔類型: ECN
2025-09-18 16:06:21,478 - __main__ - WARNING - 資料庫連線已斷開，嘗試重新連線...
2025-09-18 16:06:21,479 - __main__ - INFO - ✅ 資料庫連線成功: mysql:3306/fuhsin_erp_demo
2025-09-18 16:06:21,480 - __main__ - ERROR - 資料庫寫入錯誤: (1054, "Unknown column 'file_name' in 'field list'")
2025-09-18 16:06:21,480 - __main__ - ERROR -   ❌ 處理失敗: 資料庫寫入失敗
2025-09-18 16:06:21,481 - __main__ - WARNING - 資料庫連線已斷開，嘗試重新連線...
2025-09-18 16:06:21,482 - __main__ - INFO - ✅ 資料庫連線成功: mysql:3306/fuhsin_erp_demo
2025-09-18 16:06:22,492 - __main__ - INFO - 📄 開始處理: G鎖-設變單通知單.pdf (651.5 KB)
2025-09-18 16:06:22,493 - __main__ - WARNING - 資料庫連線已斷開，嘗試重新連線...
2025-09-18 16:06:22,495 - __main__ - INFO - ✅ 資料庫連線成功: mysql:3306/fuhsin_erp_demo
2025-09-18 16:06:22,500 - __main__ - INFO - PDF 類型: SCANNED（掃描檔）
2025-09-18 16:06:22,504 - __main__ - WARNING - 文字提取結果過少，嘗試 OCR: G鎖-設變單通知單.pdf
2025-09-18 16:06:22,504 - __main__ - INFO - 開始 OCR 處理: G鎖-設變單通知單.pdf
2025-09-18 16:06:24,629 - __main__ - INFO - OCR 處理第 1/2 頁完成
2025-09-18 16:06:26,689 - __main__ - INFO - OCR 處理第 2/2 頁完成
2025-09-18 16:06:26,691 - __main__ - INFO -   提取文字: 1056 字元, 2 頁
2025-09-18 16:06:26,693 - __main__ - INFO - PDF 類型: SCANNED（掃描檔）
2025-09-18 16:06:26,693 - __main__ - INFO - 偵測到文檔類型: ECN
2025-09-18 16:06:26,694 - __main__ - WARNING - 資料庫連線已斷開，嘗試重新連線...
2025-09-18 16:06:26,695 - __main__ - INFO - ✅ 資料庫連線成功: mysql:3306/fuhsin_erp_demo
2025-09-18 16:06:26,696 - __main__ - ERROR - 資料庫寫入錯誤: (1054, "Unknown column 'file_name' in 'field list'")
2025-09-18 16:06:26,696 - __main__ - ERROR -   ❌ 處理失敗: 資料庫寫入失敗
2025-09-18 16:06:26,697 - __main__ - WARNING - 資料庫連線已斷開，嘗試重新連線...
2025-09-18 16:06:26,698 - __main__ - INFO - ✅ 資料庫連線成功: mysql:3306/fuhsin_erp_demo
2025-09-18 16:06:47,704 - __main__ - INFO - 🔍 發現 15 個待處理檔案
2025-09-18 16:06:47,742 - __main__ - INFO - 📄 開始處理: G鎖-設變申請單-2.pdf (4549.1 KB)
2025-09-18 16:06:47,742 - __main__ - WARNING - 資料庫連線已斷開，嘗試重新連線...
2025-09-18 16:06:47,744 - __main__ - INFO - ✅ 資料庫連線成功: mysql:3306/fuhsin_erp_demo
2025-09-18 16:06:56,979 - __main__ - INFO - PDF 類型: SCANNED（掃描檔）
2025-09-18 16:07:07,696 - __main__ - WARNING - 文字提取結果過少，嘗試 OCR: G鎖-設變申請單-2.pdf
2025-09-18 16:07:07,696 - __main__ - INFO - 開始 OCR 處理: G鎖-設變申請單-2.pdf
2025-09-18 16:07:11,106 - __main__ - INFO - OCR 處理第 1/2 頁完成
2025-09-18 16:07:12,271 - __main__ - INFO - OCR 處理第 2/2 頁完成
2025-09-18 16:07:12,272 - __main__ - INFO -   提取文字: 1271 字元, 2 頁
2025-09-18 16:07:21,172 - __main__ - INFO - PDF 類型: SCANNED（掃描檔）
2025-09-18 16:07:21,173 - __main__ - INFO - 偵測到文檔類型: ECN
2025-09-18 16:07:21,174 - __main__ - WARNING - 資料庫連線已斷開，嘗試重新連線...
2025-09-18 16:07:21,175 - __main__ - INFO - ✅ 資料庫連線成功: mysql:3306/fuhsin_erp_demo
2025-09-18 16:07:21,176 - __main__ - ERROR - 資料庫寫入錯誤: (1054, "Unknown column 'file_name' in 'field list'")
2025-09-18 16:07:21,176 - __main__ - ERROR -   ❌ 處理失敗: 資料庫寫入失敗
2025-09-18 16:07:21,177 - __main__ - WARNING - 資料庫連線已斷開，嘗試重新連線...
2025-09-18 16:07:21,177 - __main__ - INFO - ✅ 資料庫連線成功: mysql:3306/fuhsin_erp_demo
2025-09-18 16:07:22,215 - __main__ - INFO - 📄 開始處理: G鎖-設變申請單-3.pdf (4077.5 KB)
2025-09-18 16:07:22,215 - __main__ - WARNING - 資料庫連線已斷開，嘗試重新連線...
2025-09-18 16:07:22,217 - __main__ - INFO - ✅ 資料庫連線成功: mysql:3306/fuhsin_erp_demo
2025-09-18 16:07:30,790 - __main__ - INFO - PDF 類型: SCANNED（掃描檔）
2025-09-18 16:07:40,170 - __main__ - WARNING - 文字提取結果過少，嘗試 OCR: G鎖-設變申請單-3.pdf
2025-09-18 16:07:40,170 - __main__ - INFO - 開始 OCR 處理: G鎖-設變申請單-3.pdf
2025-09-18 16:07:43,618 - __main__ - INFO - OCR 處理第 1/2 頁完成
2025-09-18 16:07:44,481 - __main__ - INFO - OCR 處理第 2/2 頁完成
2025-09-18 16:07:44,481 - __main__ - INFO -   提取文字: 1268 字元, 2 頁
2025-09-18 16:07:53,412 - __main__ - INFO - PDF 類型: SCANNED（掃描檔）
2025-09-18 16:07:53,413 - __main__ - INFO - 偵測到文檔類型: ECN
2025-09-18 16:07:53,414 - __main__ - WARNING - 資料庫連線已斷開，嘗試重新連線...
2025-09-18 16:07:53,417 - __main__ - INFO - ✅ 資料庫連線成功: mysql:3306/fuhsin_erp_demo
2025-09-18 16:07:53,418 - __main__ - ERROR - 資料庫寫入錯誤: (1054, "Unknown column 'file_name' in 'field list'")
2025-09-18 16:07:53,418 - __main__ - ERROR -   ❌ 處理失敗: 資料庫寫入失敗
2025-09-18 16:07:53,418 - __main__ - WARNING - 資料庫連線已斷開，嘗試重新連線...
2025-09-18 16:07:53,419 - __main__ - INFO - ✅ 資料庫連線成功: mysql:3306/fuhsin_erp_demo
2025-09-18 16:07:54,469 - __main__ - INFO - 📄 開始處理: G鎖-設變申請單-4.pdf (5435.5 KB)
2025-09-18 16:07:54,470 - __main__ - WARNING - 資料庫連線已斷開，嘗試重新連線...
2025-09-18 16:07:54,472 - __main__ - INFO - ✅ 資料庫連線成功: mysql:3306/fuhsin_erp_demo
2025-09-18 16:08:04,940 - __main__ - INFO - PDF 類型: SCANNED（掃描檔）
2025-09-18 16:08:13,068 - __main__ - INFO - 🛑 收到中斷信號，準備優雅關閉...
2025-09-18 16:08:17,682 - __main__ - WARNING - 文字提取結果過少，嘗試 OCR: G鎖-設變申請單-4.pdf
2025-09-18 16:08:17,682 - __main__ - INFO - 開始 OCR 處理: G鎖-設變申請單-4.pdf
2025-09-18 16:08:22,010 - __main__ - INFO - OCR 處理第 1/2 頁完成
2025-09-18 16:27:45,960 - __main__ - INFO - ✅ 資料庫連線成功: mysql:3306/fuhsin_erp_demo
2025-09-18 16:27:45,962 - __main__ - WARNING - 資料庫連線已斷開，嘗試重新連線...
2025-09-18 16:27:45,963 - __main__ - INFO - ✅ 資料庫連線成功: mysql:3306/fuhsin_erp_demo
2025-09-18 16:27:46,093 - __main__ - INFO - ✅ 確認表格存在: technical_documents
2025-09-18 16:27:46,109 - __main__ - INFO - ✅ 確認表格存在: pdf_processing_log
2025-09-18 16:27:46,121 - __main__ - INFO - ✅ 確認表格存在: product_document_mapping
2025-09-18 16:27:46,136 - __main__ - INFO - ✅ 確認表格存在: document_keywords
2025-09-18 16:27:46,139 - __main__ - INFO - ============================================================
2025-09-18 16:27:46,140 - __main__ - INFO - 📊 資料庫表格統計
2025-09-18 16:27:46,140 - __main__ - INFO - ============================================================
2025-09-18 16:27:46,141 - __main__ - INFO -   technical_documents: 0 筆記錄
2025-09-18 16:27:46,142 - __main__ - INFO -   pdf_processing_log: 0 筆記錄
2025-09-18 16:27:46,142 - __main__ - INFO -   product_document_mapping: 0 筆記錄
2025-09-18 16:27:46,143 - __main__ - INFO -   document_keywords: 0 筆記錄
2025-09-18 16:27:46,143 - __main__ - INFO - ============================================================
2025-09-18 16:27:46,146 - __main__ - INFO - PDF 處理服務初始化完成（增強版）
2025-09-18 16:27:46,147 - __main__ - INFO - ============================================================
2025-09-18 16:27:46,147 - __main__ - INFO - 🚀 PDF 處理服務啟動（增強版）
2025-09-18 16:27:46,147 - __main__ - INFO - 📁 監控目錄: /mnt/pdf/incoming
2025-09-18 16:27:46,147 - __main__ - INFO - ⏱ 掃描間隔: 20 秒
2025-09-18 16:27:46,147 - __main__ - INFO - 📦 批次大小: 3
2025-09-18 16:27:46,147 - __main__ - INFO - 🔍 OCR 狀態: 啟用
2025-09-18 16:27:46,147 - __main__ - INFO - 🐛 調試模式: 關閉
2025-09-18 16:27:46,147 - __main__ - INFO - ============================================================
2025-09-18 16:27:46,147 - __main__ - WARNING - 資料庫連線已斷開，嘗試重新連線...
2025-09-18 16:27:46,148 - __main__ - INFO - ✅ 資料庫連線成功: mysql:3306/fuhsin_erp_demo
2025-09-18 16:27:46,150 - __main__ - INFO - 📊 目前資料庫狀態：
2025-09-18 16:27:46,150 - __main__ - INFO -   總文檔數: 0
2025-09-18 16:27:46,150 - __main__ - INFO -   今日處理: 0 份
2025-09-18 16:27:46,150 - __main__ - INFO - ============================================================
2025-09-18 16:28:46,167 - __main__ - INFO - 🔍 發現 21 個待處理檔案
2025-09-18 16:28:46,175 - __main__ - INFO - 📄 開始處理: G鎖-FMEA.pdf (164.3 KB)
2025-09-18 16:28:46,178 - __main__ - WARNING - 資料庫連線已斷開，嘗試重新連線...
2025-09-18 16:28:46,183 - __main__ - INFO - ✅ 資料庫連線成功: mysql:3306/fuhsin_erp_demo
2025-09-18 16:28:46,247 - __main__ - INFO - PDF 類型: TABLE_FORM（表單型）
2025-09-18 16:28:46,274 - __main__ - INFO -   提取文字: 611 字元, 1 頁
2025-09-18 16:28:46,299 - __main__ - INFO - PDF 類型: TABLE_FORM（表單型）
2025-09-18 16:28:46,321 - __main__ - INFO -   提取表單欄位: 13 個
2025-09-18 16:28:46,322 - __main__ - INFO - 偵測到文檔類型: DFMEA
2025-09-18 16:28:46,329 - __main__ - WARNING - 資料庫連線已斷開，嘗試重新連線...
2025-09-18 16:28:46,334 - __main__ - INFO - ✅ 資料庫連線成功: mysql:3306/fuhsin_erp_demo
2025-09-18 16:28:46,340 - __main__ - WARNING - 資料庫連線已斷開，嘗試重新連線...
2025-09-18 16:28:46,341 - __main__ - INFO - ✅ 資料庫連線成功: mysql:3306/fuhsin_erp_demo
2025-09-18 16:28:46,345 - __main__ - INFO -   ✅ 成功處理，耗時: 165ms
2025-09-18 16:28:47,438 - __main__ - INFO - 📄 開始處理: G鎖-客訴資料.pdf (15395.5 KB)
2025-09-18 16:28:47,438 - __main__ - WARNING - 資料庫連線已斷開，嘗試重新連線...
2025-09-18 16:28:47,440 - __main__ - INFO - ✅ 資料庫連線成功: mysql:3306/fuhsin_erp_demo
2025-09-18 16:28:54,548 - __main__ - INFO - PDF 類型: SCANNED（掃描檔）
2025-09-18 16:29:34,631 - __main__ - WARNING - 文字提取結果過少，嘗試 OCR: G鎖-客訴資料.pdf
2025-09-18 16:29:34,633 - __main__ - INFO - 開始 OCR 處理: G鎖-客訴資料.pdf
2025-09-18 16:29:41,314 - __main__ - INFO - OCR 處理第 1/4 頁完成
2025-09-18 16:29:44,929 - __main__ - INFO - OCR 處理第 2/4 頁完成
2025-09-18 16:29:50,528 - __main__ - INFO - OCR 處理第 3/4 頁完成
2025-09-18 16:29:53,403 - __main__ - INFO - OCR 處理第 4/4 頁完成
2025-09-18 16:29:53,407 - __main__ - INFO -   提取文字: 4397 字元, 4 頁
2025-09-18 16:30:01,790 - __main__ - INFO - PDF 類型: SCANNED（掃描檔）
2025-09-18 16:30:01,792 - __main__ - INFO - 偵測到文檔類型: ECN
2025-09-18 16:30:01,796 - __main__ - WARNING - 資料庫連線已斷開，嘗試重新連線...
2025-09-18 16:30:01,799 - __main__ - INFO - ✅ 資料庫連線成功: mysql:3306/fuhsin_erp_demo
2025-09-18 16:30:01,812 - __main__ - WARNING - 資料庫連線已斷開，嘗試重新連線...
2025-09-18 16:30:01,813 - __main__ - INFO - ✅ 資料庫連線成功: mysql:3306/fuhsin_erp_demo
2025-09-18 16:30:01,815 - __main__ - INFO -   ✅ 成功處理，耗時: 74406ms
2025-09-18 16:30:02,823 - __main__ - INFO - 📄 開始處理: G鎖-設變單通知單-2.pdf (390.5 KB)
2025-09-18 16:30:02,824 - __main__ - WARNING - 資料庫連線已斷開，嘗試重新連線...
2025-09-18 16:30:02,828 - __main__ - INFO - ✅ 資料庫連線成功: mysql:3306/fuhsin_erp_demo
2025-09-18 16:30:02,836 - __main__ - INFO - PDF 類型: SCANNED（掃描檔）
2025-09-18 16:30:02,838 - __main__ - WARNING - 文字提取結果過少，嘗試 OCR: G鎖-設變單通知單-2.pdf
2025-09-18 16:30:02,838 - __main__ - INFO - 開始 OCR 處理: G鎖-設變單通知單-2.pdf
2025-09-18 16:30:05,052 - __main__ - INFO - OCR 處理第 1/1 頁完成
2025-09-18 16:30:05,053 - __main__ - INFO -   提取文字: 520 字元, 1 頁
2025-09-18 16:30:05,055 - __main__ - INFO - PDF 類型: SCANNED（掃描檔）
2025-09-18 16:30:05,055 - __main__ - INFO - 偵測到文檔類型: ECN
2025-09-18 16:30:05,056 - __main__ - WARNING - 資料庫連線已斷開，嘗試重新連線...
2025-09-18 16:30:05,057 - __main__ - INFO - ✅ 資料庫連線成功: mysql:3306/fuhsin_erp_demo
2025-09-18 16:30:05,060 - __main__ - WARNING - 資料庫連線已斷開，嘗試重新連線...
2025-09-18 16:30:05,061 - __main__ - INFO - ✅ 資料庫連線成功: mysql:3306/fuhsin_erp_demo
2025-09-18 16:30:05,062 - __main__ - INFO -   ✅ 成功處理，耗時: 2240ms
2025-09-18 16:30:06,063 - __main__ - INFO - ✨ 本輪處理完成，共 3 個檔案
2025-09-18 16:30:06,065 - __main__ - WARNING - 資料庫連線已斷開，嘗試重新連線...
2025-09-18 16:30:06,069 - __main__ - INFO - ✅ 資料庫連線成功: mysql:3306/fuhsin_erp_demo
2025-09-18 16:30:06,074 - __main__ - INFO - 📊 累計處理 3 份文檔
2025-09-18 16:30:06,076 - __main__ - INFO - 🔍 發現 18 個待處理檔案
2025-09-18 16:30:06,085 - __main__ - INFO - 📄 開始處理: G鎖-設變單通知單-3.pdf (707.9 KB)
2025-09-18 16:30:06,086 - __main__ - WARNING - 資料庫連線已斷開，嘗試重新連線...
2025-09-18 16:30:06,089 - __main__ - INFO - ✅ 資料庫連線成功: mysql:3306/fuhsin_erp_demo
2025-09-18 16:30:06,094 - __main__ - INFO - PDF 類型: SCANNED（掃描檔）
2025-09-18 16:30:06,097 - __main__ - WARNING - 文字提取結果過少，嘗試 OCR: G鎖-設變單通知單-3.pdf
2025-09-18 16:30:06,097 - __main__ - INFO - 開始 OCR 處理: G鎖-設變單通知單-3.pdf
2025-09-18 16:30:07,898 - __main__ - INFO - OCR 處理第 1/2 頁完成
2025-09-18 16:30:08,555 - __main__ - INFO - OCR 處理第 2/2 頁完成
2025-09-18 16:30:08,556 - __main__ - INFO -   提取文字: 443 字元, 2 頁
2025-09-18 16:30:08,558 - __main__ - INFO - PDF 類型: SCANNED（掃描檔）
2025-09-18 16:30:08,558 - __main__ - INFO - 偵測到文檔類型: ECN
2025-09-18 16:30:08,559 - __main__ - WARNING - 資料庫連線已斷開，嘗試重新連線...
2025-09-18 16:30:08,560 - __main__ - INFO - ✅ 資料庫連線成功: mysql:3306/fuhsin_erp_demo
2025-09-18 16:30:08,563 - __main__ - WARNING - 資料庫連線已斷開，嘗試重新連線...
2025-09-18 16:30:08,564 - __main__ - INFO - ✅ 資料庫連線成功: mysql:3306/fuhsin_erp_demo
2025-09-18 16:30:08,565 - __main__ - INFO -   ✅ 成功處理，耗時: 2481ms
2025-09-18 16:30:09,590 - __main__ - INFO - 📄 開始處理: G鎖-設變單通知單-4.pdf (2333.8 KB)
2025-09-18 16:30:09,591 - __main__ - WARNING - 資料庫連線已斷開，嘗試重新連線...
2025-09-18 16:30:09,593 - __main__ - INFO - ✅ 資料庫連線成功: mysql:3306/fuhsin_erp_demo
2025-09-18 16:30:09,600 - __main__ - INFO - PDF 類型: SCANNED（掃描檔）
2025-09-18 16:30:09,608 - __main__ - WARNING - 文字提取結果過少，嘗試 OCR: G鎖-設變單通知單-4.pdf
2025-09-18 16:30:09,608 - __main__ - INFO - 開始 OCR 處理: G鎖-設變單通知單-4.pdf
2025-09-18 16:30:14,319 - __main__ - INFO - OCR 處理第 1/6 頁完成
2025-09-18 16:30:14,921 - __main__ - INFO - OCR 處理第 2/6 頁完成
2025-09-18 16:30:15,582 - __main__ - INFO - OCR 處理第 3/6 頁完成
2025-09-18 16:30:16,148 - __main__ - INFO - OCR 處理第 4/6 頁完成
2025-09-18 16:30:18,205 - __main__ - INFO - OCR 處理第 5/6 頁完成
2025-09-18 16:30:20,696 - __main__ - INFO - OCR 處理第 6/6 頁完成
2025-09-18 16:30:20,700 - __main__ - INFO -   提取文字: 3562 字元, 6 頁
2025-09-18 16:30:20,702 - __main__ - INFO - PDF 類型: SCANNED（掃描檔）
2025-09-18 16:30:20,703 - __main__ - INFO - 偵測到文檔類型: ECN
2025-09-18 16:30:20,707 - __main__ - WARNING - 資料庫連線已斷開，嘗試重新連線...
2025-09-18 16:30:20,708 - __main__ - INFO - ✅ 資料庫連線成功: mysql:3306/fuhsin_erp_demo
2025-09-18 16:30:20,713 - __main__ - WARNING - 資料庫連線已斷開，嘗試重新連線...
2025-09-18 16:30:20,713 - __main__ - INFO - ✅ 資料庫連線成功: mysql:3306/fuhsin_erp_demo
2025-09-18 16:30:20,715 - __main__ - INFO -   ✅ 成功處理，耗時: 11134ms
2025-09-18 16:30:21,724 - __main__ - INFO - 📄 開始處理: G鎖-設變單通知單.pdf (651.5 KB)
2025-09-18 16:30:21,725 - __main__ - WARNING - 資料庫連線已斷開，嘗試重新連線...
2025-09-18 16:30:21,728 - __main__ - INFO - ✅ 資料庫連線成功: mysql:3306/fuhsin_erp_demo
2025-09-18 16:30:21,738 - __main__ - INFO - PDF 類型: SCANNED（掃描檔）
2025-09-18 16:30:21,742 - __main__ - WARNING - 文字提取結果過少，嘗試 OCR: G鎖-設變單通知單.pdf
2025-09-18 16:30:21,743 - __main__ - INFO - 開始 OCR 處理: G鎖-設變單通知單.pdf
2025-09-18 16:30:24,118 - __main__ - INFO - OCR 處理第 1/2 頁完成
2025-09-18 16:30:26,253 - __main__ - INFO - OCR 處理第 2/2 頁完成
2025-09-18 16:30:26,253 - __main__ - INFO -   提取文字: 1056 字元, 2 頁
2025-09-18 16:30:26,255 - __main__ - INFO - PDF 類型: SCANNED（掃描檔）
2025-09-18 16:30:26,255 - __main__ - INFO - 偵測到文檔類型: ECN
2025-09-18 16:30:26,256 - __main__ - WARNING - 資料庫連線已斷開，嘗試重新連線...
2025-09-18 16:30:26,258 - __main__ - INFO - ✅ 資料庫連線成功: mysql:3306/fuhsin_erp_demo
2025-09-18 16:30:26,261 - __main__ - WARNING - 資料庫連線已斷開，嘗試重新連線...
2025-09-18 16:30:26,262 - __main__ - INFO - ✅ 資料庫連線成功: mysql:3306/fuhsin_erp_demo
2025-09-18 16:30:26,263 - __main__ - INFO -   ✅ 成功處理，耗時: 4540ms
2025-09-18 16:30:27,265 - __main__ - INFO - ✨ 本輪處理完成，共 3 個檔案
2025-09-18 16:30:27,266 - __main__ - WARNING - 資料庫連線已斷開，嘗試重新連線...
2025-09-18 16:30:27,270 - __main__ - INFO - ✅ 資料庫連線成功: mysql:3306/fuhsin_erp_demo
2025-09-18 16:30:27,273 - __main__ - INFO - 📊 累計處理 6 份文檔
2025-09-18 16:30:27,275 - __main__ - INFO - 🔍 發現 15 個待處理檔案
2025-09-18 16:30:27,311 - __main__ - INFO - 📄 開始處理: G鎖-設變申請單-2.pdf (4549.1 KB)
2025-09-18 16:30:27,311 - __main__ - WARNING - 資料庫連線已斷開，嘗試重新連線...
2025-09-18 16:30:27,313 - __main__ - INFO - ✅ 資料庫連線成功: mysql:3306/fuhsin_erp_demo
2025-09-18 16:30:36,326 - __main__ - INFO - PDF 類型: SCANNED（掃描檔）
2025-09-18 16:30:46,837 - __main__ - WARNING - 文字提取結果過少，嘗試 OCR: G鎖-設變申請單-2.pdf
2025-09-18 16:30:46,837 - __main__ - INFO - 開始 OCR 處理: G鎖-設變申請單-2.pdf
2025-09-18 16:30:50,227 - __main__ - INFO - OCR 處理第 1/2 頁完成
2025-09-18 16:30:51,383 - __main__ - INFO - OCR 處理第 2/2 頁完成
2025-09-18 16:30:51,383 - __main__ - INFO -   提取文字: 1271 字元, 2 頁
2025-09-18 16:31:00,266 - __main__ - INFO - PDF 類型: SCANNED（掃描檔）
2025-09-18 16:31:00,267 - __main__ - INFO - 偵測到文檔類型: ECN
2025-09-18 16:31:00,268 - __main__ - WARNING - 資料庫連線已斷開，嘗試重新連線...
2025-09-18 16:31:00,269 - __main__ - INFO - ✅ 資料庫連線成功: mysql:3306/fuhsin_erp_demo
2025-09-18 16:31:00,274 - __main__ - WARNING - 資料庫連線已斷開，嘗試重新連線...
2025-09-18 16:31:00,275 - __main__ - INFO - ✅ 資料庫連線成功: mysql:3306/fuhsin_erp_demo
2025-09-18 16:31:00,277 - __main__ - INFO -   ✅ 成功處理，耗時: 32979ms
2025-09-18 16:31:01,315 - __main__ - INFO - 📄 開始處理: G鎖-設變申請單-3.pdf (4077.5 KB)
2025-09-18 16:31:01,317 - __main__ - WARNING - 資料庫連線已斷開，嘗試重新連線...
2025-09-18 16:31:01,319 - __main__ - INFO - ✅ 資料庫連線成功: mysql:3306/fuhsin_erp_demo
2025-09-18 16:31:09,992 - __main__ - INFO - PDF 類型: SCANNED（掃描檔）
2025-09-18 16:31:19,413 - __main__ - WARNING - 文字提取結果過少，嘗試 OCR: G鎖-設變申請單-3.pdf
2025-09-18 16:31:19,414 - __main__ - INFO - 開始 OCR 處理: G鎖-設變申請單-3.pdf
2025-09-18 16:31:22,966 - __main__ - INFO - OCR 處理第 1/2 頁完成
2025-09-18 16:31:23,841 - __main__ - INFO - OCR 處理第 2/2 頁完成
2025-09-18 16:31:23,842 - __main__ - INFO -   提取文字: 1268 字元, 2 頁
2025-09-18 16:31:32,488 - __main__ - INFO - PDF 類型: SCANNED（掃描檔）
2025-09-18 16:31:32,489 - __main__ - INFO - 偵測到文檔類型: ECN
2025-09-18 16:31:32,491 - __main__ - WARNING - 資料庫連線已斷開，嘗試重新連線...
2025-09-18 16:31:32,493 - __main__ - INFO - ✅ 資料庫連線成功: mysql:3306/fuhsin_erp_demo
2025-09-18 16:31:32,496 - __main__ - WARNING - 資料庫連線已斷開，嘗試重新連線...
2025-09-18 16:31:32,497 - __main__ - INFO - ✅ 資料庫連線成功: mysql:3306/fuhsin_erp_demo
2025-09-18 16:31:32,498 - __main__ - INFO -   ✅ 成功處理，耗時: 31195ms
2025-09-18 16:31:33,542 - __main__ - INFO - 📄 開始處理: G鎖-設變申請單-4.pdf (5435.5 KB)
2025-09-18 16:31:33,543 - __main__ - WARNING - 資料庫連線已斷開，嘗試重新連線...
2025-09-18 16:31:33,544 - __main__ - INFO - ✅ 資料庫連線成功: mysql:3306/fuhsin_erp_demo
2025-09-18 16:31:43,818 - __main__ - INFO - PDF 類型: SCANNED（掃描檔）
2025-09-18 16:31:56,553 - __main__ - WARNING - 文字提取結果過少，嘗試 OCR: G鎖-設變申請單-4.pdf
2025-09-18 16:31:56,554 - __main__ - INFO - 開始 OCR 處理: G鎖-設變申請單-4.pdf
2025-09-18 16:32:00,680 - __main__ - INFO - OCR 處理第 1/2 頁完成
2025-09-18 16:32:01,828 - __main__ - INFO - OCR 處理第 2/2 頁完成
2025-09-18 16:32:01,828 - __main__ - INFO -   提取文字: 1465 字元, 2 頁
2025-09-18 16:32:12,203 - __main__ - INFO - PDF 類型: SCANNED（掃描檔）
2025-09-18 16:32:12,203 - __main__ - INFO - 偵測到文檔類型: ECN
2025-09-18 16:32:12,205 - __main__ - WARNING - 資料庫連線已斷開，嘗試重新連線...
2025-09-18 16:32:12,206 - __main__ - INFO - ✅ 資料庫連線成功: mysql:3306/fuhsin_erp_demo
2025-09-18 16:32:12,211 - __main__ - WARNING - 資料庫連線已斷開，嘗試重新連線...
2025-09-18 16:32:12,212 - __main__ - INFO - ✅ 資料庫連線成功: mysql:3306/fuhsin_erp_demo
2025-09-18 16:32:12,213 - __main__ - INFO -   ✅ 成功處理，耗時: 38688ms
2025-09-18 16:32:13,214 - __main__ - INFO - ✨ 本輪處理完成，共 3 個檔案
2025-09-18 16:32:13,216 - __main__ - WARNING - 資料庫連線已斷開，嘗試重新連線...
2025-09-18 16:32:13,221 - __main__ - INFO - ✅ 資料庫連線成功: mysql:3306/fuhsin_erp_demo
2025-09-18 16:32:13,225 - __main__ - INFO - 📊 累計處理 9 份文檔
2025-09-18 16:32:13,227 - __main__ - INFO - 🔍 發現 12 個待處理檔案
2025-09-18 16:32:13,269 - __main__ - INFO - 📄 開始處理: G鎖-設變申請單.pdf (5890.8 KB)
2025-09-18 16:32:13,269 - __main__ - WARNING - 資料庫連線已斷開，嘗試重新連線...
2025-09-18 16:32:13,271 - __main__ - INFO - ✅ 資料庫連線成功: mysql:3306/fuhsin_erp_demo
2025-09-18 16:32:22,137 - __main__ - INFO - PDF 類型: SCANNED（掃描檔）
2025-09-18 16:32:35,658 - __main__ - WARNING - 文字提取結果過少，嘗試 OCR: G鎖-設變申請單.pdf
2025-09-18 16:32:35,658 - __main__ - INFO - 開始 OCR 處理: G鎖-設變申請單.pdf
2025-09-18 16:32:39,241 - __main__ - INFO - OCR 處理第 1/2 頁完成
2025-09-18 16:32:41,346 - __main__ - INFO - OCR 處理第 2/2 頁完成
2025-09-18 16:32:41,346 - __main__ - INFO -   提取文字: 1902 字元, 2 頁
2025-09-18 16:32:50,398 - __main__ - INFO - PDF 類型: SCANNED（掃描檔）
2025-09-18 16:32:50,398 - __main__ - INFO - 偵測到文檔類型: ECN
2025-09-18 16:32:50,400 - __main__ - WARNING - 資料庫連線已斷開，嘗試重新連線...
2025-09-18 16:32:50,402 - __main__ - INFO - ✅ 資料庫連線成功: mysql:3306/fuhsin_erp_demo
2025-09-18 16:32:50,405 - __main__ - WARNING - 資料庫連線已斷開，嘗試重新連線...
2025-09-18 16:32:50,405 - __main__ - INFO - ✅ 資料庫連線成功: mysql:3306/fuhsin_erp_demo
2025-09-18 16:32:50,408 - __main__ - INFO -   ✅ 成功處理，耗時: 37152ms
2025-09-18 16:32:51,520 - __main__ - INFO - 📄 開始處理: L鎖-客訴資料.pdf (18806.2 KB)
2025-09-18 16:32:51,520 - __main__ - WARNING - 資料庫連線已斷開，嘗試重新連線...
2025-09-18 16:32:51,521 - __main__ - INFO - ✅ 資料庫連線成功: mysql:3306/fuhsin_erp_demo
2025-09-18 16:33:11,480 - __main__ - INFO - PDF 類型: TABLE_FORM（表單型）
2025-09-18 16:34:06,719 - __main__ - INFO - ✅ 資料庫連線成功: mysql:3306/fuhsin_erp_demo
2025-09-18 16:34:06,719 - __main__ - WARNING - 資料庫連線已斷開，嘗試重新連線...
2025-09-18 16:34:06,720 - __main__ - INFO - ✅ 資料庫連線成功: mysql:3306/fuhsin_erp_demo
2025-09-18 16:34:06,724 - __main__ - INFO - ✅ 確認表格存在: technical_documents
2025-09-18 16:34:06,725 - __main__ - INFO - ✅ 確認表格存在: pdf_processing_log
2025-09-18 16:34:06,726 - __main__ - INFO - ✅ 確認表格存在: product_document_mapping
2025-09-18 16:34:06,727 - __main__ - INFO - ✅ 確認表格存在: document_keywords
2025-09-18 16:34:06,727 - __main__ - INFO - ============================================================
2025-09-18 16:34:06,727 - __main__ - INFO - 📊 資料庫表格統計
2025-09-18 16:34:06,727 - __main__ - INFO - ============================================================
2025-09-18 16:34:06,729 - __main__ - INFO -   technical_documents: 10 筆記錄
2025-09-18 16:34:06,730 - __main__ - INFO -   pdf_processing_log: 21 筆記錄
2025-09-18 16:34:06,730 - __main__ - INFO -   product_document_mapping: 13 筆記錄
2025-09-18 16:34:06,730 - __main__ - INFO -   document_keywords: 45 筆記錄
2025-09-18 16:34:06,730 - __main__ - INFO - ============================================================
2025-09-18 16:34:06,731 - __main__ - INFO - 載入狀態檔案，已處理 10 個檔案
2025-09-18 16:34:06,731 - __main__ - INFO - PDF 處理服務初始化完成（增強版）
2025-09-18 16:34:06,731 - __main__ - INFO - ============================================================
2025-09-18 16:34:06,731 - __main__ - INFO - 🚀 PDF 處理服務啟動（增強版）
2025-09-18 16:34:06,731 - __main__ - INFO - 📁 監控目錄: /mnt/pdf/incoming
2025-09-18 16:34:06,732 - __main__ - INFO - ⏱ 掃描間隔: 20 秒
2025-09-18 16:34:06,732 - __main__ - INFO - 📦 批次大小: 3
2025-09-18 16:34:06,732 - __main__ - INFO - 🔍 OCR 狀態: 啟用
2025-09-18 16:34:06,732 - __main__ - INFO - 🐛 調試模式: 關閉
2025-09-18 16:34:06,732 - __main__ - INFO - ============================================================
2025-09-18 16:34:06,733 - __main__ - WARNING - 資料庫連線已斷開，嘗試重新連線...
2025-09-18 16:34:06,734 - __main__ - INFO - ✅ 資料庫連線成功: mysql:3306/fuhsin_erp_demo
2025-09-18 16:34:06,735 - __main__ - INFO - 📊 目前資料庫狀態：
2025-09-18 16:34:06,735 - __main__ - INFO -   總文檔數: 10
2025-09-18 16:34:06,735 - __main__ - INFO -     - DFMEA: 1 份
2025-09-18 16:34:06,735 - __main__ - INFO -     - ECN: 9 份
2025-09-18 16:34:06,735 - __main__ - INFO -   今日處理: 21 份
2025-09-18 16:34:06,735 - __main__ - INFO - ============================================================
2025-09-18 16:34:06,737 - __main__ - INFO - 🔍 發現 10 個待處理檔案
2025-09-18 16:34:06,763 - __main__ - INFO - 📄 開始處理: L鎖-設變單申請單.pdf (4574.5 KB)
2025-09-18 16:34:06,763 - __main__ - WARNING - 資料庫連線已斷開，嘗試重新連線...
2025-09-18 16:34:06,764 - __main__ - INFO - ✅ 資料庫連線成功: mysql:3306/fuhsin_erp_demo
2025-09-18 16:34:16,319 - __main__ - INFO - PDF 類型: SCANNED（掃描檔）
2025-09-18 16:34:26,838 - __main__ - WARNING - 文字提取結果過少，嘗試 OCR: L鎖-設變單申請單.pdf
2025-09-18 16:34:26,839 - __main__ - INFO - 開始 OCR 處理: L鎖-設變單申請單.pdf
2025-09-18 16:34:30,601 - __main__ - INFO - OCR 處理第 1/2 頁完成
2025-09-18 16:34:31,695 - __main__ - INFO - OCR 處理第 2/2 頁完成
2025-09-18 16:34:31,696 - __main__ - INFO -   提取文字: 1216 字元, 2 頁
2025-09-18 16:34:41,036 - __main__ - INFO - PDF 類型: SCANNED（掃描檔）
2025-09-18 16:34:41,036 - __main__ - INFO - 偵測到文檔類型: ECN
2025-09-18 16:34:41,038 - __main__ - WARNING - 資料庫連線已斷開，嘗試重新連線...
2025-09-18 16:34:41,040 - __main__ - INFO - ✅ 資料庫連線成功: mysql:3306/fuhsin_erp_demo
2025-09-18 16:34:41,045 - __main__ - WARNING - 資料庫連線已斷開，嘗試重新連線...
2025-09-18 16:34:41,046 - __main__ - INFO - ✅ 資料庫連線成功: mysql:3306/fuhsin_erp_demo
2025-09-18 16:34:41,047 - __main__ - INFO -   ✅ 成功處理，耗時: 34295ms
2025-09-18 16:34:42,056 - __main__ - INFO - 📄 開始處理: L鎖-設變單通知單.pdf (298.5 KB)
2025-09-18 16:34:42,057 - __main__ - WARNING - 資料庫連線已斷開，嘗試重新連線...
2025-09-18 16:34:42,060 - __main__ - INFO - ✅ 資料庫連線成功: mysql:3306/fuhsin_erp_demo
2025-09-18 16:34:42,067 - __main__ - INFO - PDF 類型: SCANNED（掃描檔）
2025-09-18 16:34:42,071 - __main__ - WARNING - 文字提取結果過少，嘗試 OCR: L鎖-設變單通知單.pdf
2025-09-18 16:34:42,071 - __main__ - INFO - 開始 OCR 處理: L鎖-設變單通知單.pdf
2025-09-18 16:34:43,889 - __main__ - INFO - OCR 處理第 1/1 頁完成
2025-09-18 16:34:43,891 - __main__ - INFO -   提取文字: 360 字元, 1 頁
2025-09-18 16:34:43,892 - __main__ - INFO - PDF 類型: SCANNED（掃描檔）
2025-09-18 16:34:43,892 - __main__ - INFO - 偵測到文檔類型: ECN
2025-09-18 16:34:43,893 - __main__ - WARNING - 資料庫連線已斷開，嘗試重新連線...
2025-09-18 16:34:43,894 - __main__ - INFO - ✅ 資料庫連線成功: mysql:3306/fuhsin_erp_demo
2025-09-18 16:34:43,917 - __main__ - WARNING - 資料庫連線已斷開，嘗試重新連線...
2025-09-18 16:34:43,920 - __main__ - INFO - ✅ 資料庫連線成功: mysql:3306/fuhsin_erp_demo
2025-09-18 16:34:43,925 - __main__ - INFO -   ✅ 成功處理，耗時: 1862ms
2025-09-18 16:34:44,933 - __main__ - INFO - 📄 開始處理: T鎖-FMEA.pdf (154.1 KB)
2025-09-18 16:34:44,934 - __main__ - WARNING - 資料庫連線已斷開，嘗試重新連線...
2025-09-18 16:34:44,937 - __main__ - INFO - ✅ 資料庫連線成功: mysql:3306/fuhsin_erp_demo
2025-09-18 16:34:45,027 - __main__ - INFO - PDF 類型: TABLE_FORM（表單型）
2025-09-18 16:34:45,404 - __main__ - INFO -   提取文字: 1331 字元, 1 頁
2025-09-18 16:34:45,467 - __main__ - INFO - PDF 類型: TABLE_FORM（表單型）
2025-09-18 16:34:45,524 - __main__ - INFO -   提取表單欄位: 33 個
2025-09-18 16:34:45,524 - __main__ - INFO - 偵測到文檔類型: DFMEA
2025-09-18 16:34:45,525 - __main__ - WARNING - 資料庫連線已斷開，嘗試重新連線...
2025-09-18 16:34:45,526 - __main__ - INFO - ✅ 資料庫連線成功: mysql:3306/fuhsin_erp_demo
2025-09-18 16:34:45,530 - __main__ - WARNING - 資料庫連線已斷開，嘗試重新連線...
2025-09-18 16:34:45,531 - __main__ - INFO - ✅ 資料庫連線成功: mysql:3306/fuhsin_erp_demo
2025-09-18 16:34:45,533 - __main__ - INFO -   ✅ 成功處理，耗時: 598ms
2025-09-18 16:34:46,534 - __main__ - INFO - ✨ 本輪處理完成，共 3 個檔案
2025-09-18 16:34:46,534 - __main__ - WARNING - 資料庫連線已斷開，嘗試重新連線...
2025-09-18 16:34:46,537 - __main__ - INFO - ✅ 資料庫連線成功: mysql:3306/fuhsin_erp_demo
2025-09-18 16:34:46,540 - __main__ - INFO - 📊 累計處理 13 份文檔
2025-09-18 16:34:46,541 - __main__ - INFO - 🔍 發現 7 個待處理檔案
2025-09-18 16:34:46,599 - __main__ - INFO - 📄 開始處理: T鎖-客訴資料.pdf (12679.3 KB)
2025-09-18 16:34:46,599 - __main__ - WARNING - 資料庫連線已斷開，嘗試重新連線...
2025-09-18 16:34:46,601 - __main__ - INFO - ✅ 資料庫連線成功: mysql:3306/fuhsin_erp_demo
2025-09-18 16:34:54,432 - __main__ - INFO - PDF 類型: TABLE_FORM（表單型）
2025-09-18 16:35:26,874 - __main__ - WARNING - 文字提取結果過少，嘗試 OCR: T鎖-客訴資料.pdf
2025-09-18 16:35:26,875 - __main__ - INFO - 開始 OCR 處理: T鎖-客訴資料.pdf
2025-09-18 16:35:32,261 - __main__ - INFO - OCR 處理第 1/4 頁完成
2025-09-18 16:35:34,619 - __main__ - INFO - OCR 處理第 2/4 頁完成
2025-09-18 16:35:38,013 - __main__ - INFO - OCR 處理第 3/4 頁完成
2025-09-18 16:35:40,404 - __main__ - INFO - OCR 處理第 4/4 頁完成
2025-09-18 16:35:40,407 - __main__ - INFO -   提取文字: 3342 字元, 4 頁
2025-09-18 16:35:49,218 - __main__ - INFO - PDF 類型: TABLE_FORM（表單型）
2025-09-18 16:36:22,664 - __main__ - INFO - 偵測到文檔類型: ECN
2025-09-18 16:36:22,668 - __main__ - WARNING - 資料庫連線已斷開，嘗試重新連線...
2025-09-18 16:36:22,669 - __main__ - INFO - ✅ 資料庫連線成功: mysql:3306/fuhsin_erp_demo
2025-09-18 16:36:22,674 - __main__ - WARNING - 資料庫連線已斷開，嘗試重新連線...
2025-09-18 16:36:22,675 - __main__ - INFO - ✅ 資料庫連線成功: mysql:3306/fuhsin_erp_demo
2025-09-18 16:36:22,676 - __main__ - INFO -   ✅ 成功處理，耗時: 96100ms
2025-09-18 16:36:23,720 - __main__ - INFO - 📄 開始處理: T鎖-設變單申請單-2.pdf (4930.4 KB)
2025-09-18 16:36:23,721 - __main__ - WARNING - 資料庫連線已斷開，嘗試重新連線...
2025-09-18 16:36:23,722 - __main__ - INFO - ✅ 資料庫連線成功: mysql:3306/fuhsin_erp_demo
2025-09-18 16:36:33,747 - __main__ - INFO - PDF 類型: SCANNED（掃描檔）
2025-09-18 16:36:45,136 - __main__ - WARNING - 文字提取結果過少，嘗試 OCR: T鎖-設變單申請單-2.pdf
2025-09-18 16:36:45,137 - __main__ - INFO - 開始 OCR 處理: T鎖-設變單申請單-2.pdf
2025-09-18 16:36:48,823 - __main__ - INFO - OCR 處理第 1/2 頁完成
2025-09-18 16:36:50,162 - __main__ - INFO - OCR 處理第 2/2 頁完成
2025-09-18 16:36:50,162 - __main__ - INFO -   提取文字: 1486 字元, 2 頁
2025-09-18 16:36:59,368 - __main__ - INFO - PDF 類型: SCANNED（掃描檔）
2025-09-18 16:36:59,368 - __main__ - INFO - 偵測到文檔類型: ECN
2025-09-18 16:36:59,370 - __main__ - WARNING - 資料庫連線已斷開，嘗試重新連線...
2025-09-18 16:36:59,371 - __main__ - INFO - ✅ 資料庫連線成功: mysql:3306/fuhsin_erp_demo
2025-09-18 16:36:59,377 - __main__ - WARNING - 資料庫連線已斷開，嘗試重新連線...
2025-09-18 16:36:59,377 - __main__ - INFO - ✅ 資料庫連線成功: mysql:3306/fuhsin_erp_demo
2025-09-18 16:36:59,379 - __main__ - INFO -   ✅ 成功處理，耗時: 35672ms
2025-09-18 16:37:00,426 - __main__ - INFO - 📄 開始處理: T鎖-設變單申請單-3.pdf (5097.2 KB)
2025-09-18 16:37:00,427 - __main__ - WARNING - 資料庫連線已斷開，嘗試重新連線...
2025-09-18 16:37:00,429 - __main__ - INFO - ✅ 資料庫連線成功: mysql:3306/fuhsin_erp_demo
2025-09-18 16:37:09,304 - __main__ - INFO - PDF 類型: SCANNED（掃描檔）
2025-09-18 16:37:20,900 - __main__ - WARNING - 文字提取結果過少，嘗試 OCR: T鎖-設變單申請單-3.pdf
2025-09-18 16:37:20,901 - __main__ - INFO - 開始 OCR 處理: T鎖-設變單申請單-3.pdf
2025-09-18 16:37:24,497 - __main__ - INFO - OCR 處理第 1/2 頁完成
2025-09-18 16:37:26,009 - __main__ - INFO - OCR 處理第 2/2 頁完成
2025-09-18 16:37:26,009 - __main__ - INFO -   提取文字: 1502 字元, 2 頁
2025-09-18 16:37:34,775 - __main__ - INFO - PDF 類型: SCANNED（掃描檔）
2025-09-18 16:37:34,776 - __main__ - INFO - 偵測到文檔類型: ECN
2025-09-18 16:37:34,778 - __main__ - WARNING - 資料庫連線已斷開，嘗試重新連線...
2025-09-18 16:37:34,779 - __main__ - INFO - ✅ 資料庫連線成功: mysql:3306/fuhsin_erp_demo
2025-09-18 16:37:34,782 - __main__ - WARNING - 資料庫連線已斷開，嘗試重新連線...
2025-09-18 16:37:34,783 - __main__ - INFO - ✅ 資料庫連線成功: mysql:3306/fuhsin_erp_demo
2025-09-18 16:37:34,785 - __main__ - INFO -   ✅ 成功處理，耗時: 34373ms
2025-09-18 16:37:35,787 - __main__ - INFO - ✨ 本輪處理完成，共 3 個檔案
2025-09-18 16:37:35,788 - __main__ - WARNING - 資料庫連線已斷開，嘗試重新連線...
2025-09-18 16:37:35,790 - __main__ - INFO - ✅ 資料庫連線成功: mysql:3306/fuhsin_erp_demo
2025-09-18 16:37:35,793 - __main__ - INFO - 📊 累計處理 16 份文檔
2025-09-18 16:37:35,794 - __main__ - INFO - 🔍 發現 4 個待處理檔案
2025-09-18 16:37:35,835 - __main__ - INFO - 📄 開始處理: T鎖-設變單申請單.pdf (5424.7 KB)
2025-09-18 16:37:35,835 - __main__ - WARNING - 資料庫連線已斷開，嘗試重新連線...
2025-09-18 16:37:35,837 - __main__ - INFO - ✅ 資料庫連線成功: mysql:3306/fuhsin_erp_demo
2025-09-18 16:37:44,830 - __main__ - INFO - PDF 類型: SCANNED（掃描檔）
2025-09-18 16:37:57,136 - __main__ - WARNING - 文字提取結果過少，嘗試 OCR: T鎖-設變單申請單.pdf
2025-09-18 16:37:57,136 - __main__ - INFO - 開始 OCR 處理: T鎖-設變單申請單.pdf
2025-09-18 16:38:00,807 - __main__ - INFO - OCR 處理第 1/2 頁完成
2025-09-18 16:38:02,375 - __main__ - INFO - OCR 處理第 2/2 頁完成
2025-09-18 16:38:02,375 - __main__ - INFO -   提取文字: 1591 字元, 2 頁
2025-09-18 16:38:11,458 - __main__ - INFO - PDF 類型: SCANNED（掃描檔）
2025-09-18 16:38:11,458 - __main__ - INFO - 偵測到文檔類型: ECN
2025-09-18 16:38:11,460 - __main__ - WARNING - 資料庫連線已斷開，嘗試重新連線...
2025-09-18 16:38:11,461 - __main__ - INFO - ✅ 資料庫連線成功: mysql:3306/fuhsin_erp_demo
2025-09-18 16:38:11,463 - __main__ - WARNING - 資料庫連線已斷開，嘗試重新連線...
2025-09-18 16:38:11,464 - __main__ - INFO - ✅ 資料庫連線成功: mysql:3306/fuhsin_erp_demo
2025-09-18 16:38:11,465 - __main__ - INFO -   ✅ 成功處理，耗時: 35645ms
2025-09-18 16:38:12,485 - __main__ - INFO - 📄 開始處理: T鎖-設變單通知單-2.pdf (1678.1 KB)
2025-09-18 16:38:12,486 - __main__ - WARNING - 資料庫連線已斷開，嘗試重新連線...
2025-09-18 16:38:12,487 - __main__ - INFO - ✅ 資料庫連線成功: mysql:3306/fuhsin_erp_demo
2025-09-18 16:38:12,490 - __main__ - INFO - PDF 類型: SCANNED（掃描檔）
2025-09-18 16:38:12,493 - __main__ - WARNING - 文字提取結果過少，嘗試 OCR: T鎖-設變單通知單-2.pdf
2025-09-18 16:38:12,493 - __main__ - INFO - 開始 OCR 處理: T鎖-設變單通知單-2.pdf
2025-09-18 16:38:15,542 - __main__ - INFO - OCR 處理第 1/4 頁完成
2025-09-18 16:38:19,898 - __main__ - INFO - OCR 處理第 2/4 頁完成
2025-09-18 16:38:24,090 - __main__ - INFO - OCR 處理第 3/4 頁完成
2025-09-18 16:38:27,814 - __main__ - INFO - OCR 處理第 4/4 頁完成
2025-09-18 16:38:27,817 - __main__ - INFO -   提取文字: 4118 字元, 4 頁
2025-09-18 16:38:27,819 - __main__ - INFO - PDF 類型: SCANNED（掃描檔）
2025-09-18 16:38:27,819 - __main__ - INFO - 偵測到文檔類型: ECN
2025-09-18 16:38:27,823 - __main__ - WARNING - 資料庫連線已斷開，嘗試重新連線...
2025-09-18 16:38:27,824 - __main__ - INFO - ✅ 資料庫連線成功: mysql:3306/fuhsin_erp_demo
2025-09-18 16:38:27,836 - __main__ - WARNING - 資料庫連線已斷開，嘗試重新連線...
2025-09-18 16:38:27,837 - __main__ - INFO - ✅ 資料庫連線成功: mysql:3306/fuhsin_erp_demo
2025-09-18 16:38:27,839 - __main__ - INFO -   ✅ 成功處理，耗時: 15354ms
2025-09-18 16:38:28,854 - __main__ - INFO - 📄 開始處理: T鎖-設變單通知單-3.pdf (1234.9 KB)
2025-09-18 16:38:28,855 - __main__ - WARNING - 資料庫連線已斷開，嘗試重新連線...
2025-09-18 16:38:28,857 - __main__ - INFO - ✅ 資料庫連線成功: mysql:3306/fuhsin_erp_demo
2025-09-18 16:38:28,862 - __main__ - INFO - PDF 類型: SCANNED（掃描檔）
2025-09-18 16:38:28,867 - __main__ - WARNING - 文字提取結果過少，嘗試 OCR: T鎖-設變單通知單-3.pdf
2025-09-18 16:38:28,867 - __main__ - INFO - 開始 OCR 處理: T鎖-設變單通知單-3.pdf
2025-09-18 16:38:31,357 - __main__ - INFO - OCR 處理第 1/4 頁完成
2025-09-18 16:38:34,186 - __main__ - INFO - OCR 處理第 2/4 頁完成
2025-09-18 16:38:37,093 - __main__ - INFO - OCR 處理第 3/4 頁完成
2025-09-18 16:38:40,002 - __main__ - INFO - OCR 處理第 4/4 頁完成
2025-09-18 16:38:40,006 - __main__ - INFO -   提取文字: 3004 字元, 4 頁
2025-09-18 16:38:40,008 - __main__ - INFO - PDF 類型: SCANNED（掃描檔）
2025-09-18 16:38:40,008 - __main__ - INFO - 偵測到文檔類型: ECN
2025-09-18 16:38:40,011 - __main__ - WARNING - 資料庫連線已斷開，嘗試重新連線...
2025-09-18 16:38:40,012 - __main__ - INFO - ✅ 資料庫連線成功: mysql:3306/fuhsin_erp_demo
2025-09-18 16:38:40,014 - __main__ - WARNING - 資料庫連線已斷開，嘗試重新連線...
2025-09-18 16:38:40,015 - __main__ - INFO - ✅ 資料庫連線成功: mysql:3306/fuhsin_erp_demo
2025-09-18 16:38:40,017 - __main__ - INFO -   ✅ 成功處理，耗時: 11165ms
2025-09-18 16:38:41,018 - __main__ - INFO - ✨ 本輪處理完成，共 3 個檔案
2025-09-18 16:38:41,023 - __main__ - WARNING - 資料庫連線已斷開，嘗試重新連線...
2025-09-18 16:38:41,026 - __main__ - INFO - ✅ 資料庫連線成功: mysql:3306/fuhsin_erp_demo
2025-09-18 16:38:41,029 - __main__ - INFO - 📊 累計處理 19 份文檔
2025-09-18 16:38:41,031 - __main__ - INFO - 🔍 發現 1 個待處理檔案
2025-09-18 16:38:41,052 - __main__ - INFO - 📄 開始處理: T鎖-設變單通知單.pdf (2156.4 KB)
2025-09-18 16:38:41,053 - __main__ - WARNING - 資料庫連線已斷開，嘗試重新連線...
2025-09-18 16:38:41,055 - __main__ - INFO - ✅ 資料庫連線成功: mysql:3306/fuhsin_erp_demo
2025-09-18 16:38:41,060 - __main__ - INFO - PDF 類型: SCANNED（掃描檔）
2025-09-18 16:38:41,065 - __main__ - WARNING - 文字提取結果過少，嘗試 OCR: T鎖-設變單通知單.pdf
2025-09-18 16:38:41,066 - __main__ - INFO - 開始 OCR 處理: T鎖-設變單通知單.pdf
2025-09-18 16:38:44,571 - __main__ - INFO - OCR 處理第 1/5 頁完成
2025-09-18 16:38:49,200 - __main__ - INFO - OCR 處理第 2/5 頁完成
2025-09-18 16:38:53,343 - __main__ - INFO - OCR 處理第 3/5 頁完成
2025-09-18 16:38:58,077 - __main__ - INFO - OCR 處理第 4/5 頁完成
2025-09-18 16:39:02,898 - __main__ - INFO - OCR 處理第 5/5 頁完成
2025-09-18 16:39:02,904 - __main__ - INFO -   提取文字: 6223 字元, 5 頁
2025-09-18 16:39:02,907 - __main__ - INFO - PDF 類型: SCANNED（掃描檔）
2025-09-18 16:39:02,908 - __main__ - INFO - 偵測到文檔類型: ECN
2025-09-18 16:39:02,913 - __main__ - WARNING - 資料庫連線已斷開，嘗試重新連線...
2025-09-18 16:39:02,915 - __main__ - INFO - ✅ 資料庫連線成功: mysql:3306/fuhsin_erp_demo
2025-09-18 16:39:02,920 - __main__ - WARNING - 資料庫連線已斷開，嘗試重新連線...
2025-09-18 16:39:02,920 - __main__ - INFO - ✅ 資料庫連線成功: mysql:3306/fuhsin_erp_demo
2025-09-18 16:39:02,923 - __main__ - INFO -   ✅ 成功處理，耗時: 21875ms
2025-09-18 16:39:03,924 - __main__ - INFO - ✨ 本輪處理完成，共 1 個檔案
2025-09-18 16:39:03,926 - __main__ - WARNING - 資料庫連線已斷開，嘗試重新連線...
2025-09-18 16:39:03,931 - __main__ - INFO - ✅ 資料庫連線成功: mysql:3306/fuhsin_erp_demo
2025-09-18 16:39:03,934 - __main__ - INFO - 📊 累計處理 20 份文檔
2025-09-18 17:03:18,967 - __main__ - INFO - 🔍 發現 1 個待處理檔案
2025-09-18 17:03:19,072 - __main__ - INFO - 📄 開始處理: L鎖-客訴資料.pdf (18806.2 KB)
2025-09-18 17:03:19,074 - __main__ - WARNING - 資料庫連線已斷開，嘗試重新連線...
2025-09-18 17:03:19,076 - __main__ - INFO - ✅ 資料庫連線成功: mysql:3306/fuhsin_erp_demo
2025-09-18 17:03:41,611 - __main__ - INFO - PDF 類型: TABLE_FORM（表單型）
2025-09-18 17:04:40,310 - __main__ - WARNING - 文字提取結果過少，嘗試 OCR: L鎖-客訴資料.pdf
2025-09-18 17:04:40,315 - __main__ - INFO - 開始 OCR 處理: L鎖-客訴資料.pdf
2025-09-18 17:04:42,642 - __main__ - INFO - ✅ 資料庫連線成功: mysql:3306/fuhsin_erp_demo
2025-09-18 17:04:42,674 - __main__ - WARNING - 資料庫連線已斷開，嘗試重新連線...
2025-09-18 17:04:42,675 - __main__ - INFO - ✅ 資料庫連線成功: mysql:3306/fuhsin_erp_demo
2025-09-18 17:04:42,683 - __main__ - INFO - ✅ 確認表格存在: technical_documents
2025-09-18 17:04:42,702 - __main__ - INFO - ✅ 確認表格存在: pdf_processing_log
2025-09-18 17:04:42,703 - __main__ - INFO - ✅ 確認表格存在: product_document_mapping
2025-09-18 17:04:42,706 - __main__ - INFO - ✅ 確認表格存在: document_keywords
2025-09-18 17:04:42,707 - __main__ - INFO - ============================================================
2025-09-18 17:04:42,707 - __main__ - INFO - 📊 資料庫表格統計
2025-09-18 17:04:42,707 - __main__ - INFO - ============================================================
2025-09-18 17:04:42,710 - __main__ - INFO -   technical_documents: 20 筆記錄
2025-09-18 17:04:42,711 - __main__ - INFO -   pdf_processing_log: 42 筆記錄
2025-09-18 17:04:42,711 - __main__ - INFO -   product_document_mapping: 30 筆記錄
2025-09-18 17:04:42,712 - __main__ - INFO -   document_keywords: 92 筆記錄
2025-09-18 17:04:42,712 - __main__ - INFO - ============================================================
2025-09-18 17:04:42,713 - __main__ - INFO - 載入狀態檔案，已處理 20 個檔案
2025-09-18 17:04:42,716 - __main__ - INFO - PDF 處理服務初始化完成（增強版）
2025-09-18 17:04:42,716 - __main__ - INFO - ============================================================
2025-09-18 17:04:42,717 - __main__ - INFO - 🚀 PDF 處理服務啟動（增強版）
2025-09-18 17:04:42,718 - __main__ - INFO - 📁 監控目錄: /mnt/pdf/incoming
2025-09-18 17:04:42,719 - __main__ - INFO - ⏱ 掃描間隔: 20 秒
2025-09-18 17:04:42,719 - __main__ - INFO - 📦 批次大小: 3
2025-09-18 17:04:42,719 - __main__ - INFO - 🔍 OCR 狀態: 啟用
2025-09-18 17:04:42,719 - __main__ - INFO - 🐛 調試模式: 關閉
2025-09-18 17:04:42,719 - __main__ - INFO - ============================================================
2025-09-18 17:04:42,721 - __main__ - WARNING - 資料庫連線已斷開，嘗試重新連線...
2025-09-18 17:04:42,728 - __main__ - INFO - ✅ 資料庫連線成功: mysql:3306/fuhsin_erp_demo
2025-09-18 17:04:42,731 - __main__ - INFO - 📊 目前資料庫狀態：
2025-09-18 17:04:42,732 - __main__ - INFO -   總文檔數: 20
2025-09-18 17:04:42,732 - __main__ - INFO -     - DFMEA: 2 份
2025-09-18 17:04:42,732 - __main__ - INFO -     - ECN: 18 份
2025-09-18 17:04:42,732 - __main__ - INFO -   今日處理: 42 份
2025-09-18 17:04:42,732 - __main__ - INFO - ============================================================
2025-09-18 17:07:42,763 - __main__ - INFO - 🔍 發現 1 個待處理檔案
2025-09-18 17:07:42,854 - __main__ - INFO - 📄 開始處理: L鎖-客訴資料.pdf (18806.2 KB)
2025-09-18 17:07:42,854 - __main__ - WARNING - 資料庫連線已斷開，嘗試重新連線...
2025-09-18 17:07:42,856 - __main__ - INFO - ✅ 資料庫連線成功: mysql:3306/fuhsin_erp_demo
2025-09-18 17:08:03,415 - __main__ - INFO - PDF 類型: TABLE_FORM（表單型）
2025-09-18 17:08:56,907 - __main__ - WARNING - 文字提取結果過少，嘗試 OCR: L鎖-客訴資料.pdf
2025-09-18 17:08:56,912 - __main__ - INFO - 開始 OCR 處理: L鎖-客訴資料.pdf
2025-09-18 17:08:58,110 - __main__ - INFO - ✅ 資料庫連線成功: mysql:3306/fuhsin_erp_demo
2025-09-18 17:08:58,110 - __main__ - WARNING - 資料庫連線已斷開，嘗試重新連線...
2025-09-18 17:08:58,111 - __main__ - INFO - ✅ 資料庫連線成功: mysql:3306/fuhsin_erp_demo
2025-09-18 17:08:58,113 - __main__ - INFO - ✅ 確認表格存在: technical_documents
2025-09-18 17:08:58,115 - __main__ - INFO - ✅ 確認表格存在: pdf_processing_log
2025-09-18 17:08:58,115 - __main__ - INFO - ✅ 確認表格存在: product_document_mapping
2025-09-18 17:08:58,116 - __main__ - INFO - ✅ 確認表格存在: document_keywords
2025-09-18 17:08:58,116 - __main__ - INFO - ============================================================
2025-09-18 17:08:58,116 - __main__ - INFO - 📊 資料庫表格統計
2025-09-18 17:08:58,116 - __main__ - INFO - ============================================================
2025-09-18 17:08:58,117 - __main__ - INFO -   technical_documents: 20 筆記錄
2025-09-18 17:08:58,117 - __main__ - INFO -   pdf_processing_log: 43 筆記錄
2025-09-18 17:08:58,118 - __main__ - INFO -   product_document_mapping: 30 筆記錄
2025-09-18 17:08:58,118 - __main__ - INFO -   document_keywords: 92 筆記錄
2025-09-18 17:08:58,118 - __main__ - INFO - ============================================================
2025-09-18 17:08:58,119 - __main__ - INFO - 載入狀態檔案，已處理 20 個檔案
2025-09-18 17:08:58,122 - __main__ - INFO - PDF 處理服務初始化完成（增強版）
2025-09-18 17:08:58,122 - __main__ - INFO - ============================================================
2025-09-18 17:08:58,122 - __main__ - INFO - 🚀 PDF 處理服務啟動（增強版）
2025-09-18 17:08:58,122 - __main__ - INFO - 📁 監控目錄: /mnt/pdf/incoming
2025-09-18 17:08:58,122 - __main__ - INFO - ⏱ 掃描間隔: 20 秒
2025-09-18 17:08:58,122 - __main__ - INFO - 📦 批次大小: 3
2025-09-18 17:08:58,122 - __main__ - INFO - 🔍 OCR 狀態: 啟用
2025-09-18 17:08:58,122 - __main__ - INFO - 🐛 調試模式: 關閉
2025-09-18 17:08:58,122 - __main__ - INFO - ============================================================
2025-09-18 17:08:58,123 - __main__ - WARNING - 資料庫連線已斷開，嘗試重新連線...
2025-09-18 17:08:58,124 - __main__ - INFO - ✅ 資料庫連線成功: mysql:3306/fuhsin_erp_demo
2025-09-18 17:08:58,125 - __main__ - INFO - 📊 目前資料庫狀態：
2025-09-18 17:08:58,125 - __main__ - INFO -   總文檔數: 20
2025-09-18 17:08:58,125 - __main__ - INFO -     - DFMEA: 2 份
2025-09-18 17:08:58,125 - __main__ - INFO -     - ECN: 18 份
2025-09-18 17:08:58,125 - __main__ - INFO -   今日處理: 43 份
2025-09-18 17:08:58,125 - __main__ - INFO - ============================================================
2025-09-18 17:10:18,143 - __main__ - INFO - 🔍 發現 1 個待處理檔案
2025-09-18 17:10:18,256 - __main__ - INFO - 📄 開始處理: L鎖-客訴資料.pdf (18806.2 KB)
2025-09-18 17:10:18,257 - __main__ - WARNING - 資料庫連線已斷開，嘗試重新連線...
2025-09-18 17:10:18,259 - __main__ - INFO - ✅ 資料庫連線成功: mysql:3306/fuhsin_erp_demo
2025-09-18 17:10:38,406 - __main__ - INFO - PDF 類型: TABLE_FORM（表單型）
2025-09-18 17:11:31,727 - __main__ - WARNING - 文字提取結果過少，嘗試 OCR: L鎖-客訴資料.pdf
2025-09-18 17:11:31,733 - __main__ - INFO - 開始 OCR 處理: L鎖-客訴資料.pdf
2025-09-18 17:11:34,366 - __main__ - INFO - ✅ 資料庫連線成功: mysql:3306/fuhsin_erp_demo
2025-09-18 17:11:34,370 - __main__ - WARNING - 資料庫連線已斷開，嘗試重新連線...
2025-09-18 17:11:34,371 - __main__ - INFO - ✅ 資料庫連線成功: mysql:3306/fuhsin_erp_demo
2025-09-18 17:11:34,373 - __main__ - INFO - ✅ 確認表格存在: technical_documents
2025-09-18 17:11:34,373 - __main__ - INFO - ✅ 確認表格存在: pdf_processing_log
2025-09-18 17:11:34,374 - __main__ - INFO - ✅ 確認表格存在: product_document_mapping
2025-09-18 17:11:34,375 - __main__ - INFO - ✅ 確認表格存在: document_keywords
2025-09-18 17:11:34,375 - __main__ - INFO - ============================================================
2025-09-18 17:11:34,375 - __main__ - INFO - 📊 資料庫表格統計
2025-09-18 17:11:34,375 - __main__ - INFO - ============================================================
2025-09-18 17:11:34,376 - __main__ - INFO -   technical_documents: 20 筆記錄
2025-09-18 17:11:34,376 - __main__ - INFO -   pdf_processing_log: 44 筆記錄
2025-09-18 17:11:34,377 - __main__ - INFO -   product_document_mapping: 30 筆記錄
2025-09-18 17:11:34,377 - __main__ - INFO -   document_keywords: 92 筆記錄
2025-09-18 17:11:34,377 - __main__ - INFO - ============================================================
2025-09-18 17:11:34,378 - __main__ - INFO - 載入狀態檔案，已處理 20 個檔案
2025-09-18 17:11:34,378 - __main__ - INFO - PDF 處理服務初始化完成（增強版）
2025-09-18 17:11:34,378 - __main__ - INFO - ============================================================
2025-09-18 17:11:34,378 - __main__ - INFO - 🚀 PDF 處理服務啟動（增強版）
2025-09-18 17:11:34,378 - __main__ - INFO - 📁 監控目錄: /mnt/pdf/incoming
2025-09-18 17:11:34,379 - __main__ - INFO - ⏱ 掃描間隔: 20 秒
2025-09-18 17:11:34,379 - __main__ - INFO - 📦 批次大小: 3
2025-09-18 17:11:34,379 - __main__ - INFO - 🔍 OCR 狀態: 啟用
2025-09-18 17:11:34,379 - __main__ - INFO - 🐛 調試模式: 關閉
2025-09-18 17:11:34,379 - __main__ - INFO - ============================================================
2025-09-18 17:11:34,379 - __main__ - WARNING - 資料庫連線已斷開，嘗試重新連線...
2025-09-18 17:11:34,380 - __main__ - INFO - ✅ 資料庫連線成功: mysql:3306/fuhsin_erp_demo
2025-09-18 17:11:34,381 - __main__ - INFO - 📊 目前資料庫狀態：
2025-09-18 17:11:34,381 - __main__ - INFO -   總文檔數: 20
2025-09-18 17:11:34,381 - __main__ - INFO -     - DFMEA: 2 份
2025-09-18 17:11:34,381 - __main__ - INFO -     - ECN: 18 份
2025-09-18 17:11:34,381 - __main__ - INFO -   今日處理: 44 份
2025-09-18 17:11:34,382 - __main__ - INFO - ============================================================
2025-09-18 17:14:40,435 - __main__ - INFO - 🛑 收到中斷信號，準備優雅關閉...
2025-09-19 04:00:08,425 - __main__ - INFO - ✅ 資料庫連線成功: mysql:3306/fuhsin_erp_demo
2025-09-19 04:00:08,429 - __main__ - WARNING - 資料庫連線已斷開，嘗試重新連線...
2025-09-19 04:00:08,431 - __main__ - INFO - ✅ 資料庫連線成功: mysql:3306/fuhsin_erp_demo
2025-09-19 04:00:08,444 - __main__ - INFO - ✅ 確認表格存在: technical_documents
2025-09-19 04:00:08,446 - __main__ - INFO - ✅ 確認表格存在: pdf_processing_log
2025-09-19 04:00:08,448 - __main__ - INFO - ✅ 確認表格存在: product_document_mapping
2025-09-19 04:00:08,449 - __main__ - INFO - ✅ 確認表格存在: document_keywords
2025-09-19 04:00:08,450 - __main__ - INFO - ============================================================
2025-09-19 04:00:08,450 - __main__ - INFO - 📊 資料庫表格統計
2025-09-19 04:00:08,450 - __main__ - INFO - ============================================================
2025-09-19 04:00:08,451 - __main__ - INFO -   technical_documents: 0 筆記錄
2025-09-19 04:00:08,451 - __main__ - INFO -   pdf_processing_log: 0 筆記錄
2025-09-19 04:00:08,452 - __main__ - INFO -   product_document_mapping: 0 筆記錄
2025-09-19 04:00:08,452 - __main__ - INFO -   document_keywords: 0 筆記錄
2025-09-19 04:00:08,452 - __main__ - INFO - ============================================================
2025-09-19 04:00:08,453 - __main__ - INFO - PDF 處理服務初始化完成（增強版）
2025-09-19 04:00:08,453 - __main__ - INFO - ============================================================
2025-09-19 04:00:08,454 - __main__ - INFO - 🚀 PDF 處理服務啟動（增強版）
2025-09-19 04:00:08,454 - __main__ - INFO - 📁 監控目錄: /mnt/pdf/incoming
2025-09-19 04:00:08,454 - __main__ - INFO - ⏱ 掃描間隔: 20 秒
2025-09-19 04:00:08,454 - __main__ - INFO - 📦 批次大小: 3
2025-09-19 04:00:08,454 - __main__ - INFO - 🔍 OCR 狀態: 啟用
2025-09-19 04:00:08,454 - __main__ - INFO - 🐛 調試模式: 關閉
2025-09-19 04:00:08,454 - __main__ - INFO - ============================================================
2025-09-19 04:00:08,455 - __main__ - WARNING - 資料庫連線已斷開，嘗試重新連線...
2025-09-19 04:00:08,456 - __main__ - INFO - ✅ 資料庫連線成功: mysql:3306/fuhsin_erp_demo
2025-09-19 04:00:08,457 - __main__ - INFO - 📊 目前資料庫狀態：
2025-09-19 04:00:08,457 - __main__ - INFO -   總文檔數: 0
2025-09-19 04:00:08,457 - __main__ - INFO -   今日處理: 0 份
2025-09-19 04:00:08,458 - __main__ - INFO - ============================================================
2025-09-19 04:00:08,459 - __main__ - INFO - 🔍 發現 21 個待處理檔案
2025-09-19 04:00:08,461 - __main__ - INFO - 📄 開始處理: G鎖-FMEA.pdf (164.3 KB)
2025-09-19 04:00:08,461 - __main__ - WARNING - 資料庫連線已斷開，嘗試重新連線...
2025-09-19 04:00:08,462 - __main__ - INFO - ✅ 資料庫連線成功: mysql:3306/fuhsin_erp_demo
2025-09-19 04:00:08,490 - __main__ - INFO - PDF 類型: TABLE_FORM（表單型）
2025-09-19 04:00:08,519 - __main__ - INFO -   提取文字: 611 字元, 1 頁
2025-09-19 04:00:08,556 - __main__ - INFO - PDF 類型: TABLE_FORM（表單型）
2025-09-19 04:00:08,587 - __main__ - INFO -   提取表單欄位: 13 個
2025-09-19 04:00:08,587 - __main__ - INFO - 偵測到文檔類型: DFMEA
2025-09-19 04:00:08,592 - __main__ - WARNING - 資料庫連線已斷開，嘗試重新連線...
2025-09-19 04:00:08,595 - __main__ - INFO - ✅ 資料庫連線成功: mysql:3306/fuhsin_erp_demo
2025-09-19 04:00:08,600 - __main__ - WARNING - 資料庫連線已斷開，嘗試重新連線...
2025-09-19 04:00:08,601 - __main__ - INFO - ✅ 資料庫連線成功: mysql:3306/fuhsin_erp_demo
2025-09-19 04:00:08,602 - __main__ - INFO -   ✅ 成功處理，耗時: 139ms
2025-09-19 04:00:09,708 - __main__ - INFO - 📄 開始處理: G鎖-客訴資料.pdf (15395.5 KB)
2025-09-19 04:00:09,709 - __main__ - WARNING - 資料庫連線已斷開，嘗試重新連線...
2025-09-19 04:00:09,710 - __main__ - INFO - ✅ 資料庫連線成功: mysql:3306/fuhsin_erp_demo
2025-09-19 04:00:16,840 - __main__ - INFO - PDF 類型: SCANNED（掃描檔）
2025-09-19 04:01:01,860 - __main__ - WARNING - 文字提取結果過少，嘗試 OCR: G鎖-客訴資料.pdf
2025-09-19 04:01:01,862 - __main__ - INFO - 開始 OCR 處理: G鎖-客訴資料.pdf
2025-09-19 04:01:08,942 - __main__ - INFO - OCR 處理第 1/4 頁完成
2025-09-19 04:01:12,530 - __main__ - INFO - OCR 處理第 2/4 頁完成
2025-09-19 04:01:18,307 - __main__ - INFO - OCR 處理第 3/4 頁完成
2025-09-19 04:01:21,101 - __main__ - INFO - OCR 處理第 4/4 頁完成
2025-09-19 04:01:21,102 - __main__ - INFO -   提取文字: 4397 字元, 4 頁
2025-09-19 04:01:31,095 - __main__ - INFO - PDF 類型: SCANNED（掃描檔）
2025-09-19 04:01:31,098 - __main__ - INFO - 偵測到文檔類型: ECN
2025-09-19 04:01:31,102 - __main__ - WARNING - 資料庫連線已斷開，嘗試重新連線...
2025-09-19 04:01:31,107 - __main__ - INFO - ✅ 資料庫連線成功: mysql:3306/fuhsin_erp_demo
2025-09-19 04:01:31,124 - __main__ - WARNING - 資料庫連線已斷開，嘗試重新連線...
2025-09-19 04:01:31,125 - __main__ - INFO - ✅ 資料庫連線成功: mysql:3306/fuhsin_erp_demo
2025-09-19 04:01:31,127 - __main__ - INFO -   ✅ 成功處理，耗時: 81446ms
2025-09-19 04:01:32,136 - __main__ - INFO - 📄 開始處理: G鎖-設變單通知單-2.pdf (390.5 KB)
2025-09-19 04:01:32,137 - __main__ - WARNING - 資料庫連線已斷開，嘗試重新連線...
2025-09-19 04:01:32,141 - __main__ - INFO - ✅ 資料庫連線成功: mysql:3306/fuhsin_erp_demo
2025-09-19 04:01:32,149 - __main__ - INFO - PDF 類型: SCANNED（掃描檔）
2025-09-19 04:01:32,151 - __main__ - WARNING - 文字提取結果過少，嘗試 OCR: G鎖-設變單通知單-2.pdf
2025-09-19 04:01:32,151 - __main__ - INFO - 開始 OCR 處理: G鎖-設變單通知單-2.pdf
2025-09-19 04:01:34,549 - __main__ - INFO - OCR 處理第 1/1 頁完成
2025-09-19 04:01:34,549 - __main__ - INFO -   提取文字: 520 字元, 1 頁
2025-09-19 04:01:34,551 - __main__ - INFO - PDF 類型: SCANNED（掃描檔）
2025-09-19 04:01:34,551 - __main__ - INFO - 偵測到文檔類型: ECN
2025-09-19 04:01:34,552 - __main__ - WARNING - 資料庫連線已斷開，嘗試重新連線...
2025-09-19 04:01:34,553 - __main__ - INFO - ✅ 資料庫連線成功: mysql:3306/fuhsin_erp_demo
2025-09-19 04:01:34,556 - __main__ - WARNING - 資料庫連線已斷開，嘗試重新連線...
2025-09-19 04:01:34,557 - __main__ - INFO - ✅ 資料庫連線成功: mysql:3306/fuhsin_erp_demo
2025-09-19 04:01:34,558 - __main__ - INFO -   ✅ 成功處理，耗時: 2421ms
2025-09-19 04:01:35,559 - __main__ - INFO - ✨ 本輪處理完成，共 3 個檔案
2025-09-19 04:01:35,560 - __main__ - WARNING - 資料庫連線已斷開，嘗試重新連線...
2025-09-19 04:01:35,566 - __main__ - INFO - ✅ 資料庫連線成功: mysql:3306/fuhsin_erp_demo
2025-09-19 04:01:35,571 - __main__ - INFO - 📊 累計處理 3 份文檔
2025-09-19 04:01:35,575 - __main__ - INFO - 🔍 發現 18 個待處理檔案
2025-09-19 04:01:35,584 - __main__ - INFO - 📄 開始處理: G鎖-設變單通知單-3.pdf (707.9 KB)
2025-09-19 04:01:35,584 - __main__ - WARNING - 資料庫連線已斷開，嘗試重新連線...
2025-09-19 04:01:35,587 - __main__ - INFO - ✅ 資料庫連線成功: mysql:3306/fuhsin_erp_demo
2025-09-19 04:01:35,594 - __main__ - INFO - PDF 類型: SCANNED（掃描檔）
2025-09-19 04:01:35,598 - __main__ - WARNING - 文字提取結果過少，嘗試 OCR: G鎖-設變單通知單-3.pdf
2025-09-19 04:01:35,598 - __main__ - INFO - 開始 OCR 處理: G鎖-設變單通知單-3.pdf
2025-09-19 04:01:37,598 - __main__ - INFO - OCR 處理第 1/2 頁完成
2025-09-19 04:01:38,249 - __main__ - INFO - OCR 處理第 2/2 頁完成
2025-09-19 04:01:38,250 - __main__ - INFO -   提取文字: 443 字元, 2 頁
2025-09-19 04:01:38,252 - __main__ - INFO - PDF 類型: SCANNED（掃描檔）
2025-09-19 04:01:38,252 - __main__ - INFO - 偵測到文檔類型: ECN
2025-09-19 04:01:38,252 - __main__ - WARNING - 資料庫連線已斷開，嘗試重新連線...
2025-09-19 04:01:38,254 - __main__ - INFO - ✅ 資料庫連線成功: mysql:3306/fuhsin_erp_demo
2025-09-19 04:01:38,259 - __main__ - WARNING - 資料庫連線已斷開，嘗試重新連線...
2025-09-19 04:01:38,261 - __main__ - INFO - ✅ 資料庫連線成功: mysql:3306/fuhsin_erp_demo
2025-09-19 04:01:38,262 - __main__ - INFO -   ✅ 成功處理，耗時: 2678ms
2025-09-19 04:01:39,290 - __main__ - INFO - 📄 開始處理: G鎖-設變單通知單-4.pdf (2333.8 KB)
2025-09-19 04:01:39,291 - __main__ - WARNING - 資料庫連線已斷開，嘗試重新連線...
2025-09-19 04:01:39,293 - __main__ - INFO - ✅ 資料庫連線成功: mysql:3306/fuhsin_erp_demo
2025-09-19 04:01:39,299 - __main__ - INFO - PDF 類型: SCANNED（掃描檔）
2025-09-19 04:01:39,306 - __main__ - WARNING - 文字提取結果過少，嘗試 OCR: G鎖-設變單通知單-4.pdf
2025-09-19 04:01:39,306 - __main__ - INFO - 開始 OCR 處理: G鎖-設變單通知單-4.pdf
2025-09-19 04:01:44,722 - __main__ - INFO - OCR 處理第 1/6 頁完成
2025-09-19 04:01:45,327 - __main__ - INFO - OCR 處理第 2/6 頁完成
2025-09-19 04:01:45,964 - __main__ - INFO - OCR 處理第 3/6 頁完成
2025-09-19 04:01:46,549 - __main__ - INFO - OCR 處理第 4/6 頁完成
2025-09-19 04:01:48,751 - __main__ - INFO - OCR 處理第 5/6 頁完成
2025-09-19 04:01:51,616 - __main__ - INFO - OCR 處理第 6/6 頁完成
2025-09-19 04:01:51,617 - __main__ - INFO -   提取文字: 3562 字元, 6 頁
2025-09-19 04:01:51,626 - __main__ - INFO - PDF 類型: SCANNED（掃描檔）
2025-09-19 04:01:51,627 - __main__ - INFO - 偵測到文檔類型: ECN
2025-09-19 04:01:51,633 - __main__ - WARNING - 資料庫連線已斷開，嘗試重新連線...
2025-09-19 04:01:51,635 - __main__ - INFO - ✅ 資料庫連線成功: mysql:3306/fuhsin_erp_demo
2025-09-19 04:01:51,652 - __main__ - WARNING - 資料庫連線已斷開，嘗試重新連線...
2025-09-19 04:01:51,653 - __main__ - INFO - ✅ 資料庫連線成功: mysql:3306/fuhsin_erp_demo
2025-09-19 04:01:51,656 - __main__ - INFO -   ✅ 成功處理，耗時: 12373ms
2025-09-19 04:01:52,669 - __main__ - INFO - 📄 開始處理: G鎖-設變單通知單.pdf (651.5 KB)
2025-09-19 04:01:52,670 - __main__ - WARNING - 資料庫連線已斷開，嘗試重新連線...
2025-09-19 04:01:52,673 - __main__ - INFO - ✅ 資料庫連線成功: mysql:3306/fuhsin_erp_demo
2025-09-19 04:01:52,683 - __main__ - INFO - PDF 類型: SCANNED（掃描檔）
2025-09-19 04:01:52,688 - __main__ - WARNING - 文字提取結果過少，嘗試 OCR: G鎖-設變單通知單.pdf
2025-09-19 04:01:52,688 - __main__ - INFO - 開始 OCR 處理: G鎖-設變單通知單.pdf
2025-09-19 04:01:55,179 - __main__ - INFO - OCR 處理第 1/2 頁完成
2025-09-19 04:01:57,468 - __main__ - INFO - OCR 處理第 2/2 頁完成
2025-09-19 04:01:57,468 - __main__ - INFO -   提取文字: 1056 字元, 2 頁
2025-09-19 04:01:57,471 - __main__ - INFO - PDF 類型: SCANNED（掃描檔）
2025-09-19 04:01:57,471 - __main__ - INFO - 偵測到文檔類型: ECN
2025-09-19 04:01:57,472 - __main__ - WARNING - 資料庫連線已斷開，嘗試重新連線...
2025-09-19 04:01:57,473 - __main__ - INFO - ✅ 資料庫連線成功: mysql:3306/fuhsin_erp_demo
2025-09-19 04:01:57,477 - __main__ - WARNING - 資料庫連線已斷開，嘗試重新連線...
2025-09-19 04:01:57,478 - __main__ - INFO - ✅ 資料庫連線成功: mysql:3306/fuhsin_erp_demo
2025-09-19 04:01:57,479 - __main__ - INFO -   ✅ 成功處理，耗時: 4811ms
2025-09-19 04:01:58,480 - __main__ - INFO - ✨ 本輪處理完成，共 3 個檔案
2025-09-19 04:01:58,482 - __main__ - WARNING - 資料庫連線已斷開，嘗試重新連線...
2025-09-19 04:01:58,485 - __main__ - INFO - ✅ 資料庫連線成功: mysql:3306/fuhsin_erp_demo
2025-09-19 04:01:58,498 - __main__ - INFO - 📊 累計處理 6 份文檔
2025-09-19 04:01:58,503 - __main__ - INFO - 🔍 發現 15 個待處理檔案
2025-09-19 04:01:58,537 - __main__ - INFO - 📄 開始處理: G鎖-設變申請單-2.pdf (4549.1 KB)
2025-09-19 04:01:58,537 - __main__ - WARNING - 資料庫連線已斷開，嘗試重新連線...
2025-09-19 04:01:58,539 - __main__ - INFO - ✅ 資料庫連線成功: mysql:3306/fuhsin_erp_demo
2025-09-19 04:02:08,357 - __main__ - INFO - PDF 類型: SCANNED（掃描檔）
2025-09-19 04:02:20,024 - __main__ - WARNING - 文字提取結果過少，嘗試 OCR: G鎖-設變申請單-2.pdf
2025-09-19 04:02:20,025 - __main__ - INFO - 開始 OCR 處理: G鎖-設變申請單-2.pdf
2025-09-19 04:02:23,805 - __main__ - INFO - OCR 處理第 1/2 頁完成
2025-09-19 04:02:25,080 - __main__ - INFO - OCR 處理第 2/2 頁完成
2025-09-19 04:02:25,081 - __main__ - INFO -   提取文字: 1271 字元, 2 頁
2025-09-19 04:02:34,312 - __main__ - INFO - PDF 類型: SCANNED（掃描檔）
2025-09-19 04:02:34,313 - __main__ - INFO - 偵測到文檔類型: ECN
2025-09-19 04:02:34,314 - __main__ - WARNING - 資料庫連線已斷開，嘗試重新連線...
2025-09-19 04:02:34,317 - __main__ - INFO - ✅ 資料庫連線成功: mysql:3306/fuhsin_erp_demo
2025-09-19 04:02:34,328 - __main__ - WARNING - 資料庫連線已斷開，嘗試重新連線...
2025-09-19 04:02:34,351 - __main__ - INFO - ✅ 資料庫連線成功: mysql:3306/fuhsin_erp_demo
2025-09-19 04:02:34,355 - __main__ - INFO -   ✅ 成功處理，耗時: 35804ms
2025-09-19 04:02:35,392 - __main__ - INFO - 📄 開始處理: G鎖-設變申請單-3.pdf (4077.5 KB)
2025-09-19 04:02:35,393 - __main__ - WARNING - 資料庫連線已斷開，嘗試重新連線...
2025-09-19 04:02:35,397 - __main__ - INFO - ✅ 資料庫連線成功: mysql:3306/fuhsin_erp_demo
2025-09-19 04:02:44,308 - __main__ - INFO - PDF 類型: SCANNED（掃描檔）
2025-09-19 04:02:53,929 - __main__ - WARNING - 文字提取結果過少，嘗試 OCR: G鎖-設變申請單-3.pdf
2025-09-19 04:02:53,930 - __main__ - INFO - 開始 OCR 處理: G鎖-設變申請單-3.pdf
2025-09-19 04:02:57,481 - __main__ - INFO - OCR 處理第 1/2 頁完成
2025-09-19 04:02:58,386 - __main__ - INFO - OCR 處理第 2/2 頁完成
2025-09-19 04:02:58,386 - __main__ - INFO -   提取文字: 1268 字元, 2 頁
2025-09-19 04:03:06,985 - __main__ - INFO - PDF 類型: SCANNED（掃描檔）
2025-09-19 04:03:06,986 - __main__ - INFO - 偵測到文檔類型: ECN
2025-09-19 04:03:06,988 - __main__ - WARNING - 資料庫連線已斷開，嘗試重新連線...
2025-09-19 04:03:06,990 - __main__ - INFO - ✅ 資料庫連線成功: mysql:3306/fuhsin_erp_demo
2025-09-19 04:03:06,995 - __main__ - WARNING - 資料庫連線已斷開，嘗試重新連線...
2025-09-19 04:03:06,996 - __main__ - INFO - ✅ 資料庫連線成功: mysql:3306/fuhsin_erp_demo
2025-09-19 04:03:06,997 - __main__ - INFO -   ✅ 成功處理，耗時: 31620ms
2025-09-19 04:03:08,044 - __main__ - INFO - 📄 開始處理: G鎖-設變申請單-4.pdf (5435.5 KB)
2025-09-19 04:03:08,044 - __main__ - WARNING - 資料庫連線已斷開，嘗試重新連線...
2025-09-19 04:03:08,046 - __main__ - INFO - ✅ 資料庫連線成功: mysql:3306/fuhsin_erp_demo
2025-09-19 04:03:18,461 - __main__ - INFO - PDF 類型: SCANNED（掃描檔）
2025-09-19 04:03:32,394 - __main__ - WARNING - 文字提取結果過少，嘗試 OCR: G鎖-設變申請單-4.pdf
2025-09-19 04:03:32,394 - __main__ - INFO - 開始 OCR 處理: G鎖-設變申請單-4.pdf
2025-09-19 04:03:36,838 - __main__ - INFO - OCR 處理第 1/2 頁完成
2025-09-19 04:03:38,054 - __main__ - INFO - OCR 處理第 2/2 頁完成
2025-09-19 04:03:38,055 - __main__ - INFO -   提取文字: 1465 字元, 2 頁
2025-09-19 04:03:49,658 - __main__ - INFO - PDF 類型: SCANNED（掃描檔）
2025-09-19 04:03:49,659 - __main__ - INFO - 偵測到文檔類型: ECN
2025-09-19 04:03:49,661 - __main__ - WARNING - 資料庫連線已斷開，嘗試重新連線...
2025-09-19 04:03:49,663 - __main__ - INFO - ✅ 資料庫連線成功: mysql:3306/fuhsin_erp_demo
2025-09-19 04:03:49,673 - __main__ - WARNING - 資料庫連線已斷開，嘗試重新連線...
2025-09-19 04:03:49,674 - __main__ - INFO - ✅ 資料庫連線成功: mysql:3306/fuhsin_erp_demo
2025-09-19 04:03:49,677 - __main__ - INFO -   ✅ 成功處理，耗時: 41645ms
2025-09-19 04:03:50,679 - __main__ - INFO - ✨ 本輪處理完成，共 3 個檔案
2025-09-19 04:03:50,681 - __main__ - WARNING - 資料庫連線已斷開，嘗試重新連線...
2025-09-19 04:03:50,685 - __main__ - INFO - ✅ 資料庫連線成功: mysql:3306/fuhsin_erp_demo
2025-09-19 04:03:50,690 - __main__ - INFO - 📊 累計處理 9 份文檔
2025-09-19 04:03:50,693 - __main__ - INFO - 🔍 發現 12 個待處理檔案
2025-09-19 04:03:50,736 - __main__ - INFO - 📄 開始處理: G鎖-設變申請單.pdf (5890.8 KB)
2025-09-19 04:03:50,736 - __main__ - WARNING - 資料庫連線已斷開，嘗試重新連線...
2025-09-19 04:03:50,738 - __main__ - INFO - ✅ 資料庫連線成功: mysql:3306/fuhsin_erp_demo
2025-09-19 04:04:01,097 - __main__ - INFO - PDF 類型: SCANNED（掃描檔）
2025-09-19 04:04:15,601 - __main__ - WARNING - 文字提取結果過少，嘗試 OCR: G鎖-設變申請單.pdf
2025-09-19 04:04:15,601 - __main__ - INFO - 開始 OCR 處理: G鎖-設變申請單.pdf
2025-09-19 04:04:19,678 - __main__ - INFO - OCR 處理第 1/2 頁完成
2025-09-19 04:04:21,995 - __main__ - INFO - OCR 處理第 2/2 頁完成
2025-09-19 04:04:21,996 - __main__ - INFO -   提取文字: 1902 字元, 2 頁
2025-09-19 04:04:31,633 - __main__ - INFO - PDF 類型: SCANNED（掃描檔）
2025-09-19 04:04:31,634 - __main__ - INFO - 偵測到文檔類型: ECN
2025-09-19 04:04:31,636 - __main__ - WARNING - 資料庫連線已斷開，嘗試重新連線...
2025-09-19 04:04:31,639 - __main__ - INFO - ✅ 資料庫連線成功: mysql:3306/fuhsin_erp_demo
2025-09-19 04:04:31,645 - __main__ - WARNING - 資料庫連線已斷開，嘗試重新連線...
2025-09-19 04:04:31,646 - __main__ - INFO - ✅ 資料庫連線成功: mysql:3306/fuhsin_erp_demo
2025-09-19 04:04:31,648 - __main__ - INFO -   ✅ 成功處理，耗時: 40924ms
2025-09-19 04:04:32,753 - __main__ - INFO - 📄 開始處理: L鎖-客訴資料.pdf (18806.2 KB)
2025-09-19 04:04:32,754 - __main__ - WARNING - 資料庫連線已斷開，嘗試重新連線...
2025-09-19 04:04:32,755 - __main__ - INFO - ✅ 資料庫連線成功: mysql:3306/fuhsin_erp_demo
2025-09-19 04:04:54,039 - __main__ - INFO - PDF 類型: TABLE_FORM（表單型）
2025-09-19 04:05:57,436 - __main__ - INFO - ✅ 資料庫連線成功: mysql:3306/fuhsin_erp_demo
2025-09-19 04:05:57,441 - __main__ - WARNING - 資料庫連線已斷開，嘗試重新連線...
2025-09-19 04:05:57,442 - __main__ - INFO - ✅ 資料庫連線成功: mysql:3306/fuhsin_erp_demo
2025-09-19 04:05:57,445 - __main__ - INFO - ✅ 確認表格存在: technical_documents
2025-09-19 04:05:57,446 - __main__ - INFO - ✅ 確認表格存在: pdf_processing_log
2025-09-19 04:05:57,447 - __main__ - INFO - ✅ 確認表格存在: product_document_mapping
2025-09-19 04:05:57,448 - __main__ - INFO - ✅ 確認表格存在: document_keywords
2025-09-19 04:05:57,448 - __main__ - INFO - ============================================================
2025-09-19 04:05:57,448 - __main__ - INFO - 📊 資料庫表格統計
2025-09-19 04:05:57,448 - __main__ - INFO - ============================================================
2025-09-19 04:05:57,449 - __main__ - INFO -   technical_documents: 10 筆記錄
2025-09-19 04:05:57,449 - __main__ - INFO -   pdf_processing_log: 21 筆記錄
2025-09-19 04:05:57,450 - __main__ - INFO -   product_document_mapping: 13 筆記錄
2025-09-19 04:05:57,450 - __main__ - INFO -   document_keywords: 45 筆記錄
2025-09-19 04:05:57,450 - __main__ - INFO - ============================================================
2025-09-19 04:05:57,451 - __main__ - INFO - 載入狀態檔案，已處理 10 個檔案
2025-09-19 04:05:57,451 - __main__ - INFO - PDF 處理服務初始化完成（增強版）
2025-09-19 04:05:57,451 - __main__ - INFO - ============================================================
2025-09-19 04:05:57,451 - __main__ - INFO - 🚀 PDF 處理服務啟動（增強版）
2025-09-19 04:05:57,451 - __main__ - INFO - 📁 監控目錄: /mnt/pdf/incoming
2025-09-19 04:05:57,451 - __main__ - INFO - ⏱ 掃描間隔: 20 秒
2025-09-19 04:05:57,451 - __main__ - INFO - 📦 批次大小: 3
2025-09-19 04:05:57,451 - __main__ - INFO - 🔍 OCR 狀態: 啟用
2025-09-19 04:05:57,451 - __main__ - INFO - 🐛 調試模式: 關閉
2025-09-19 04:05:57,451 - __main__ - INFO - ============================================================
2025-09-19 04:05:57,452 - __main__ - WARNING - 資料庫連線已斷開，嘗試重新連線...
2025-09-19 04:05:57,453 - __main__ - INFO - ✅ 資料庫連線成功: mysql:3306/fuhsin_erp_demo
2025-09-19 04:05:57,456 - __main__ - INFO - 📊 目前資料庫狀態：
2025-09-19 04:05:57,456 - __main__ - INFO -   總文檔數: 10
2025-09-19 04:05:57,456 - __main__ - INFO -     - DFMEA: 1 份
2025-09-19 04:05:57,456 - __main__ - INFO -     - ECN: 9 份
2025-09-19 04:05:57,456 - __main__ - INFO -   今日處理: 21 份
2025-09-19 04:05:57,456 - __main__ - INFO - ============================================================
2025-09-19 04:05:57,460 - __main__ - INFO - 🔍 發現 10 個待處理檔案
2025-09-19 04:05:57,486 - __main__ - INFO - 📄 開始處理: L鎖-設變單申請單.pdf (4574.5 KB)
2025-09-19 04:05:57,486 - __main__ - WARNING - 資料庫連線已斷開，嘗試重新連線...
2025-09-19 04:05:57,488 - __main__ - INFO - ✅ 資料庫連線成功: mysql:3306/fuhsin_erp_demo
2025-09-19 04:06:07,815 - __main__ - INFO - PDF 類型: SCANNED（掃描檔）
2025-09-19 04:06:19,226 - __main__ - WARNING - 文字提取結果過少，嘗試 OCR: L鎖-設變單申請單.pdf
2025-09-19 04:06:19,227 - __main__ - INFO - 開始 OCR 處理: L鎖-設變單申請單.pdf
2025-09-19 04:06:23,666 - __main__ - INFO - OCR 處理第 1/2 頁完成
2025-09-19 04:06:24,836 - __main__ - INFO - OCR 處理第 2/2 頁完成
2025-09-19 04:06:24,837 - __main__ - INFO -   提取文字: 1216 字元, 2 頁
2025-09-19 04:06:35,230 - __main__ - INFO - PDF 類型: SCANNED（掃描檔）
2025-09-19 04:06:35,232 - __main__ - INFO - 偵測到文檔類型: ECN
2025-09-19 04:06:35,234 - __main__ - WARNING - 資料庫連線已斷開，嘗試重新連線...
2025-09-19 04:06:35,236 - __main__ - INFO - ✅ 資料庫連線成功: mysql:3306/fuhsin_erp_demo
2025-09-19 04:06:35,245 - __main__ - WARNING - 資料庫連線已斷開，嘗試重新連線...
2025-09-19 04:06:35,246 - __main__ - INFO - ✅ 資料庫連線成功: mysql:3306/fuhsin_erp_demo
2025-09-19 04:06:35,248 - __main__ - INFO -   ✅ 成功處理，耗時: 37770ms
2025-09-19 04:06:36,256 - __main__ - INFO - 📄 開始處理: L鎖-設變單通知單.pdf (298.5 KB)
2025-09-19 04:06:36,257 - __main__ - WARNING - 資料庫連線已斷開，嘗試重新連線...
2025-09-19 04:06:36,261 - __main__ - INFO - ✅ 資料庫連線成功: mysql:3306/fuhsin_erp_demo
2025-09-19 04:06:36,270 - __main__ - INFO - PDF 類型: SCANNED（掃描檔）
2025-09-19 04:06:36,273 - __main__ - WARNING - 文字提取結果過少，嘗試 OCR: L鎖-設變單通知單.pdf
2025-09-19 04:06:36,274 - __main__ - INFO - 開始 OCR 處理: L鎖-設變單通知單.pdf
2025-09-19 04:06:37,894 - __main__ - INFO - OCR 處理第 1/1 頁完成
2025-09-19 04:06:37,894 - __main__ - INFO -   提取文字: 360 字元, 1 頁
2025-09-19 04:06:37,897 - __main__ - INFO - PDF 類型: SCANNED（掃描檔）
2025-09-19 04:06:37,897 - __main__ - INFO - 偵測到文檔類型: ECN
2025-09-19 04:06:37,897 - __main__ - WARNING - 資料庫連線已斷開，嘗試重新連線...
2025-09-19 04:06:37,899 - __main__ - INFO - ✅ 資料庫連線成功: mysql:3306/fuhsin_erp_demo
2025-09-19 04:06:37,902 - __main__ - WARNING - 資料庫連線已斷開，嘗試重新連線...
2025-09-19 04:06:37,903 - __main__ - INFO - ✅ 資料庫連線成功: mysql:3306/fuhsin_erp_demo
2025-09-19 04:06:37,905 - __main__ - INFO -   ✅ 成功處理，耗時: 1648ms
2025-09-19 04:06:38,912 - __main__ - INFO - 📄 開始處理: T鎖-FMEA.pdf (154.1 KB)
2025-09-19 04:06:38,913 - __main__ - WARNING - 資料庫連線已斷開，嘗試重新連線...
2025-09-19 04:06:38,916 - __main__ - INFO - ✅ 資料庫連線成功: mysql:3306/fuhsin_erp_demo
2025-09-19 04:06:39,008 - __main__ - INFO - PDF 類型: TABLE_FORM（表單型）
2025-09-19 04:06:39,499 - __main__ - INFO -   提取文字: 1331 字元, 1 頁
2025-09-19 04:06:39,566 - __main__ - INFO - PDF 類型: TABLE_FORM（表單型）
2025-09-19 04:06:39,624 - __main__ - INFO -   提取表單欄位: 33 個
2025-09-19 04:06:39,624 - __main__ - INFO - 偵測到文檔類型: DFMEA
2025-09-19 04:06:39,625 - __main__ - WARNING - 資料庫連線已斷開，嘗試重新連線...
2025-09-19 04:06:39,626 - __main__ - INFO - ✅ 資料庫連線成功: mysql:3306/fuhsin_erp_demo
2025-09-19 04:06:39,630 - __main__ - WARNING - 資料庫連線已斷開，嘗試重新連線...
2025-09-19 04:06:39,630 - __main__ - INFO - ✅ 資料庫連線成功: mysql:3306/fuhsin_erp_demo
2025-09-19 04:06:39,631 - __main__ - INFO -   ✅ 成功處理，耗時: 719ms
2025-09-19 04:06:40,633 - __main__ - INFO - ✨ 本輪處理完成，共 3 個檔案
2025-09-19 04:06:40,634 - __main__ - WARNING - 資料庫連線已斷開，嘗試重新連線...
2025-09-19 04:06:40,638 - __main__ - INFO - ✅ 資料庫連線成功: mysql:3306/fuhsin_erp_demo
2025-09-19 04:06:40,643 - __main__ - INFO - 📊 累計處理 13 份文檔
2025-09-19 04:06:40,645 - __main__ - INFO - 🔍 發現 7 個待處理檔案
2025-09-19 04:06:40,720 - __main__ - INFO - 📄 開始處理: T鎖-客訴資料.pdf (12679.3 KB)
2025-09-19 04:06:40,721 - __main__ - WARNING - 資料庫連線已斷開，嘗試重新連線...
2025-09-19 04:06:40,722 - __main__ - INFO - ✅ 資料庫連線成功: mysql:3306/fuhsin_erp_demo
2025-09-19 04:06:48,881 - __main__ - INFO - PDF 類型: TABLE_FORM（表單型）
2025-09-19 04:07:22,959 - __main__ - WARNING - 文字提取結果過少，嘗試 OCR: T鎖-客訴資料.pdf
2025-09-19 04:07:22,961 - __main__ - INFO - 開始 OCR 處理: T鎖-客訴資料.pdf
2025-09-19 04:07:28,522 - __main__ - INFO - OCR 處理第 1/4 頁完成
2025-09-19 04:07:31,178 - __main__ - INFO - OCR 處理第 2/4 頁完成
2025-09-19 04:07:34,736 - __main__ - INFO - OCR 處理第 3/4 頁完成
2025-09-19 04:07:37,145 - __main__ - INFO - OCR 處理第 4/4 頁完成
2025-09-19 04:07:37,148 - __main__ - INFO -   提取文字: 3342 字元, 4 頁
2025-09-19 04:07:48,490 - __main__ - INFO - PDF 類型: TABLE_FORM（表單型）
2025-09-19 04:08:23,514 - __main__ - INFO - 偵測到文檔類型: ECN
2025-09-19 04:08:23,521 - __main__ - WARNING - 資料庫連線已斷開，嘗試重新連線...
2025-09-19 04:08:23,525 - __main__ - INFO - ✅ 資料庫連線成功: mysql:3306/fuhsin_erp_demo
2025-09-19 04:08:23,539 - __main__ - WARNING - 資料庫連線已斷開，嘗試重新連線...
2025-09-19 04:08:23,540 - __main__ - INFO - ✅ 資料庫連線成功: mysql:3306/fuhsin_erp_demo
2025-09-19 04:08:23,543 - __main__ - INFO -   ✅ 成功處理，耗時: 102845ms
2025-09-19 04:08:24,589 - __main__ - INFO - 📄 開始處理: T鎖-設變單申請單-2.pdf (4930.4 KB)
2025-09-19 04:08:24,590 - __main__ - WARNING - 資料庫連線已斷開，嘗試重新連線...
2025-09-19 04:08:24,593 - __main__ - INFO - ✅ 資料庫連線成功: mysql:3306/fuhsin_erp_demo
2025-09-19 04:08:37,235 - __main__ - INFO - PDF 類型: SCANNED（掃描檔）
2025-09-19 04:08:49,188 - __main__ - WARNING - 文字提取結果過少，嘗試 OCR: T鎖-設變單申請單-2.pdf
2025-09-19 04:08:49,189 - __main__ - INFO - 開始 OCR 處理: T鎖-設變單申請單-2.pdf
2025-09-19 04:08:53,144 - __main__ - INFO - OCR 處理第 1/2 頁完成
2025-09-19 04:08:54,569 - __main__ - INFO - OCR 處理第 2/2 頁完成
2025-09-19 04:08:54,570 - __main__ - INFO -   提取文字: 1486 字元, 2 頁
2025-09-19 04:09:04,457 - __main__ - INFO - PDF 類型: SCANNED（掃描檔）
2025-09-19 04:09:04,458 - __main__ - INFO - 偵測到文檔類型: ECN
2025-09-19 04:09:04,460 - __main__ - WARNING - 資料庫連線已斷開，嘗試重新連線...
2025-09-19 04:09:04,462 - __main__ - INFO - ✅ 資料庫連線成功: mysql:3306/fuhsin_erp_demo
2025-09-19 04:09:04,471 - __main__ - WARNING - 資料庫連線已斷開，嘗試重新連線...
2025-09-19 04:09:04,472 - __main__ - INFO - ✅ 資料庫連線成功: mysql:3306/fuhsin_erp_demo
2025-09-19 04:09:04,474 - __main__ - INFO -   ✅ 成功處理，耗時: 39896ms
2025-09-19 04:09:05,518 - __main__ - INFO - 📄 開始處理: T鎖-設變單申請單-3.pdf (5097.2 KB)
2025-09-19 04:09:05,519 - __main__ - WARNING - 資料庫連線已斷開，嘗試重新連線...
2025-09-19 04:09:05,521 - __main__ - INFO - ✅ 資料庫連線成功: mysql:3306/fuhsin_erp_demo
2025-09-19 04:09:14,909 - __main__ - INFO - PDF 類型: SCANNED（掃描檔）
2025-09-19 04:09:26,851 - __main__ - WARNING - 文字提取結果過少，嘗試 OCR: T鎖-設變單申請單-3.pdf
2025-09-19 04:09:26,852 - __main__ - INFO - 開始 OCR 處理: T鎖-設變單申請單-3.pdf
2025-09-19 04:09:30,646 - __main__ - INFO - OCR 處理第 1/2 頁完成
2025-09-19 04:09:32,162 - __main__ - INFO - OCR 處理第 2/2 頁完成
2025-09-19 04:09:32,163 - __main__ - INFO -   提取文字: 1502 字元, 2 頁
2025-09-19 04:09:41,240 - __main__ - INFO - PDF 類型: SCANNED（掃描檔）
2025-09-19 04:09:41,242 - __main__ - INFO - 偵測到文檔類型: ECN
2025-09-19 04:09:41,243 - __main__ - WARNING - 資料庫連線已斷開，嘗試重新連線...
2025-09-19 04:09:41,245 - __main__ - INFO - ✅ 資料庫連線成功: mysql:3306/fuhsin_erp_demo
2025-09-19 04:09:41,250 - __main__ - WARNING - 資料庫連線已斷開，嘗試重新連線...
2025-09-19 04:09:41,251 - __main__ - INFO - ✅ 資料庫連線成功: mysql:3306/fuhsin_erp_demo
2025-09-19 04:09:41,254 - __main__ - INFO -   ✅ 成功處理，耗時: 35748ms
2025-09-19 04:09:42,255 - __main__ - INFO - ✨ 本輪處理完成，共 3 個檔案
2025-09-19 04:09:42,258 - __main__ - WARNING - 資料庫連線已斷開，嘗試重新連線...
2025-09-19 04:09:42,261 - __main__ - INFO - ✅ 資料庫連線成功: mysql:3306/fuhsin_erp_demo
2025-09-19 04:09:42,265 - __main__ - INFO - 📊 累計處理 16 份文檔
2025-09-19 04:09:42,268 - __main__ - INFO - 🔍 發現 4 個待處理檔案
2025-09-19 04:09:42,307 - __main__ - INFO - 📄 開始處理: T鎖-設變單申請單.pdf (5424.7 KB)
2025-09-19 04:09:42,307 - __main__ - WARNING - 資料庫連線已斷開，嘗試重新連線...
2025-09-19 04:09:42,309 - __main__ - INFO - ✅ 資料庫連線成功: mysql:3306/fuhsin_erp_demo
2025-09-19 04:09:51,769 - __main__ - INFO - PDF 類型: SCANNED（掃描檔）
2025-09-19 04:10:04,562 - __main__ - WARNING - 文字提取結果過少，嘗試 OCR: T鎖-設變單申請單.pdf
2025-09-19 04:10:04,563 - __main__ - INFO - 開始 OCR 處理: T鎖-設變單申請單.pdf
2025-09-19 04:10:08,437 - __main__ - INFO - OCR 處理第 1/2 頁完成
2025-09-19 04:10:10,046 - __main__ - INFO - OCR 處理第 2/2 頁完成
2025-09-19 04:10:10,047 - __main__ - INFO -   提取文字: 1591 字元, 2 頁
2025-09-19 04:10:19,385 - __main__ - INFO - PDF 類型: SCANNED（掃描檔）
2025-09-19 04:10:19,386 - __main__ - INFO - 偵測到文檔類型: ECN
2025-09-19 04:10:19,388 - __main__ - WARNING - 資料庫連線已斷開，嘗試重新連線...
2025-09-19 04:10:19,389 - __main__ - INFO - ✅ 資料庫連線成功: mysql:3306/fuhsin_erp_demo
2025-09-19 04:10:19,395 - __main__ - WARNING - 資料庫連線已斷開，嘗試重新連線...
2025-09-19 04:10:19,396 - __main__ - INFO - ✅ 資料庫連線成功: mysql:3306/fuhsin_erp_demo
2025-09-19 04:10:19,398 - __main__ - INFO -   ✅ 成功處理，耗時: 37103ms
2025-09-19 04:10:20,412 - __main__ - INFO - 📄 開始處理: T鎖-設變單通知單-2.pdf (1678.1 KB)
2025-09-19 04:10:20,412 - __main__ - WARNING - 資料庫連線已斷開，嘗試重新連線...
2025-09-19 04:10:20,414 - __main__ - INFO - ✅ 資料庫連線成功: mysql:3306/fuhsin_erp_demo
2025-09-19 04:10:20,418 - __main__ - INFO - PDF 類型: SCANNED（掃描檔）
2025-09-19 04:10:20,422 - __main__ - WARNING - 文字提取結果過少，嘗試 OCR: T鎖-設變單通知單-2.pdf
2025-09-19 04:10:20,424 - __main__ - INFO - 開始 OCR 處理: T鎖-設變單通知單-2.pdf
2025-09-19 04:10:23,851 - __main__ - INFO - OCR 處理第 1/4 頁完成
2025-09-19 04:10:28,348 - __main__ - INFO - OCR 處理第 2/4 頁完成
2025-09-19 04:10:32,606 - __main__ - INFO - OCR 處理第 3/4 頁完成
2025-09-19 04:10:36,467 - __main__ - INFO - OCR 處理第 4/4 頁完成
2025-09-19 04:10:36,469 - __main__ - INFO -   提取文字: 4118 字元, 4 頁
2025-09-19 04:10:36,473 - __main__ - INFO - PDF 類型: SCANNED（掃描檔）
2025-09-19 04:10:36,475 - __main__ - INFO - 偵測到文檔類型: ECN
2025-09-19 04:10:36,491 - __main__ - WARNING - 資料庫連線已斷開，嘗試重新連線...
2025-09-19 04:10:36,497 - __main__ - INFO - ✅ 資料庫連線成功: mysql:3306/fuhsin_erp_demo
2025-09-19 04:10:36,519 - __main__ - WARNING - 資料庫連線已斷開，嘗試重新連線...
2025-09-19 04:10:36,520 - __main__ - INFO - ✅ 資料庫連線成功: mysql:3306/fuhsin_erp_demo
2025-09-19 04:10:36,524 - __main__ - INFO -   ✅ 成功處理，耗時: 16111ms
2025-09-19 04:10:37,554 - __main__ - INFO - 📄 開始處理: T鎖-設變單通知單-3.pdf (1234.9 KB)
2025-09-19 04:10:37,555 - __main__ - WARNING - 資料庫連線已斷開，嘗試重新連線...
2025-09-19 04:10:37,557 - __main__ - INFO - ✅ 資料庫連線成功: mysql:3306/fuhsin_erp_demo
2025-09-19 04:10:37,565 - __main__ - INFO - PDF 類型: SCANNED（掃描檔）
2025-09-19 04:10:37,570 - __main__ - WARNING - 文字提取結果過少，嘗試 OCR: T鎖-設變單通知單-3.pdf
2025-09-19 04:10:37,570 - __main__ - INFO - 開始 OCR 處理: T鎖-設變單通知單-3.pdf
2025-09-19 04:10:40,325 - __main__ - INFO - OCR 處理第 1/4 頁完成
2025-09-19 04:10:43,236 - __main__ - INFO - OCR 處理第 2/4 頁完成
2025-09-19 04:10:46,149 - __main__ - INFO - OCR 處理第 3/4 頁完成
2025-09-19 04:10:49,160 - __main__ - INFO - OCR 處理第 4/4 頁完成
2025-09-19 04:10:49,162 - __main__ - INFO -   提取文字: 3004 字元, 4 頁
2025-09-19 04:10:49,165 - __main__ - INFO - PDF 類型: SCANNED（掃描檔）
2025-09-19 04:10:49,165 - __main__ - INFO - 偵測到文檔類型: ECN
2025-09-19 04:10:49,167 - __main__ - WARNING - 資料庫連線已斷開，嘗試重新連線...
2025-09-19 04:10:49,169 - __main__ - INFO - ✅ 資料庫連線成功: mysql:3306/fuhsin_erp_demo
2025-09-19 04:10:49,178 - __main__ - WARNING - 資料庫連線已斷開，嘗試重新連線...
2025-09-19 04:10:49,179 - __main__ - INFO - ✅ 資料庫連線成功: mysql:3306/fuhsin_erp_demo
2025-09-19 04:10:49,182 - __main__ - INFO -   ✅ 成功處理，耗時: 11628ms
2025-09-19 04:10:50,184 - __main__ - INFO - ✨ 本輪處理完成，共 3 個檔案
2025-09-19 04:10:50,187 - __main__ - WARNING - 資料庫連線已斷開，嘗試重新連線...
2025-09-19 04:10:50,191 - __main__ - INFO - ✅ 資料庫連線成功: mysql:3306/fuhsin_erp_demo
2025-09-19 04:10:50,195 - __main__ - INFO - 📊 累計處理 19 份文檔
2025-09-19 04:10:50,197 - __main__ - INFO - 🔍 發現 1 個待處理檔案
2025-09-19 04:10:50,218 - __main__ - INFO - 📄 開始處理: T鎖-設變單通知單.pdf (2156.4 KB)
2025-09-19 04:10:50,218 - __main__ - WARNING - 資料庫連線已斷開，嘗試重新連線...
2025-09-19 04:10:50,220 - __main__ - INFO - ✅ 資料庫連線成功: mysql:3306/fuhsin_erp_demo
2025-09-19 04:10:50,226 - __main__ - INFO - PDF 類型: SCANNED（掃描檔）
2025-09-19 04:10:50,232 - __main__ - WARNING - 文字提取結果過少，嘗試 OCR: T鎖-設變單通知單.pdf
2025-09-19 04:10:50,232 - __main__ - INFO - 開始 OCR 處理: T鎖-設變單通知單.pdf
2025-09-19 04:10:53,783 - __main__ - INFO - OCR 處理第 1/5 頁完成
2025-09-19 04:10:58,558 - __main__ - INFO - OCR 處理第 2/5 頁完成
2025-09-19 04:11:02,746 - __main__ - INFO - OCR 處理第 3/5 頁完成
2025-09-19 04:11:07,560 - __main__ - INFO - OCR 處理第 4/5 頁完成
2025-09-19 04:11:12,171 - __main__ - INFO - OCR 處理第 5/5 頁完成
2025-09-19 04:11:12,174 - __main__ - INFO -   提取文字: 6223 字元, 5 頁
2025-09-19 04:11:12,178 - __main__ - INFO - PDF 類型: SCANNED（掃描檔）
2025-09-19 04:11:12,179 - __main__ - INFO - 偵測到文檔類型: ECN
2025-09-19 04:11:12,184 - __main__ - WARNING - 資料庫連線已斷開，嘗試重新連線...
2025-09-19 04:11:12,185 - __main__ - INFO - ✅ 資料庫連線成功: mysql:3306/fuhsin_erp_demo
2025-09-19 04:11:12,192 - __main__ - WARNING - 資料庫連線已斷開，嘗試重新連線...
2025-09-19 04:11:12,193 - __main__ - INFO - ✅ 資料庫連線成功: mysql:3306/fuhsin_erp_demo
2025-09-19 04:11:12,195 - __main__ - INFO -   ✅ 成功處理，耗時: 21982ms
2025-09-19 04:11:13,197 - __main__ - INFO - ✨ 本輪處理完成，共 1 個檔案
2025-09-19 04:11:13,199 - __main__ - WARNING - 資料庫連線已斷開，嘗試重新連線...
2025-09-19 04:11:13,213 - __main__ - INFO - ✅ 資料庫連線成功: mysql:3306/fuhsin_erp_demo
2025-09-19 04:11:13,215 - __main__ - INFO - 📊 累計處理 20 份文檔
2025-09-19 07:03:36,007 - __main__ - INFO - 🛑 收到中斷信號，準備優雅關閉...
2025-09-19 07:03:37,545 - __main__ - INFO - 正在清理資源...
2025-09-19 07:03:37,555 - __main__ - INFO - 資料庫連線已關閉
2025-09-19 07:03:37,555 - __main__ - INFO - 👋 PDF 處理服務已關閉
2025-09-19 07:08:39,393 - __main__ - INFO - ✅ 資料庫連線成功: mysql:3306/fuhsin_erp_demo
2025-09-19 07:08:39,396 - __main__ - WARNING - 資料庫連線已斷開，嘗試重新連線...
2025-09-19 07:08:39,398 - __main__ - INFO - ✅ 資料庫連線成功: mysql:3306/fuhsin_erp_demo
2025-09-19 07:08:39,494 - __main__ - INFO - ✅ 確認表格存在: technical_documents
2025-09-19 07:08:39,496 - __main__ - INFO - ✅ 確認表格存在: pdf_processing_log
2025-09-19 07:08:39,498 - __main__ - INFO - ✅ 確認表格存在: product_document_mapping
2025-09-19 07:08:39,499 - __main__ - INFO - ✅ 確認表格存在: document_keywords
2025-09-19 07:08:39,500 - __main__ - INFO - ============================================================
2025-09-19 07:08:39,500 - __main__ - INFO - 📊 資料庫表格統計
2025-09-19 07:08:39,500 - __main__ - INFO - ============================================================
2025-09-19 07:08:39,501 - __main__ - INFO -   technical_documents: 0 筆記錄
2025-09-19 07:08:39,502 - __main__ - INFO -   pdf_processing_log: 0 筆記錄
2025-09-19 07:08:39,502 - __main__ - INFO -   product_document_mapping: 0 筆記錄
2025-09-19 07:08:39,502 - __main__ - INFO -   document_keywords: 0 筆記錄
2025-09-19 07:08:39,503 - __main__ - INFO - ============================================================
2025-09-19 07:08:39,503 - __main__ - INFO - PDF 處理服務初始化完成（增強版）
2025-09-19 07:08:39,503 - __main__ - INFO - ============================================================
2025-09-19 07:08:39,503 - __main__ - INFO - 🚀 PDF 處理服務啟動（增強版）
2025-09-19 07:08:39,504 - __main__ - INFO - 📁 監控目錄: /mnt/pdf/incoming
2025-09-19 07:08:39,504 - __main__ - INFO - ⏱ 掃描間隔: 20 秒
2025-09-19 07:08:39,504 - __main__ - INFO - 📦 批次大小: 3
2025-09-19 07:08:39,504 - __main__ - INFO - 🔍 OCR 狀態: 啟用
2025-09-19 07:08:39,504 - __main__ - INFO - 🐛 調試模式: 關閉
2025-09-19 07:08:39,504 - __main__ - INFO - ============================================================
2025-09-19 07:08:39,504 - __main__ - WARNING - 資料庫連線已斷開，嘗試重新連線...
2025-09-19 07:08:39,505 - __main__ - INFO - ✅ 資料庫連線成功: mysql:3306/fuhsin_erp_demo
2025-09-19 07:08:39,507 - __main__ - INFO - 📊 目前資料庫狀態：
2025-09-19 07:08:39,507 - __main__ - INFO -   總文檔數: 0
2025-09-19 07:08:39,507 - __main__ - INFO -   今日處理: 0 份
2025-09-19 07:08:39,507 - __main__ - INFO - ============================================================
2025-09-19 07:08:59,515 - __main__ - INFO - 🔍 發現 19 個待處理檔案
2025-09-19 07:08:59,609 - __main__ - INFO - 📄 開始處理: G鎖-客訴資料.pdf (15395.5 KB)
2025-09-19 07:08:59,610 - __main__ - WARNING - 資料庫連線已斷開，嘗試重新連線...
2025-09-19 07:08:59,614 - __main__ - INFO - ✅ 資料庫連線成功: mysql:3306/fuhsin_erp_demo
2025-09-19 07:09:06,699 - __main__ - INFO - PDF 類型: SCANNED（掃描檔）
2025-09-19 07:09:47,413 - __main__ - WARNING - 文字提取結果過少，嘗試 OCR: G鎖-客訴資料.pdf
2025-09-19 07:09:47,414 - __main__ - INFO - 開始 OCR 處理: G鎖-客訴資料.pdf
2025-09-19 07:09:53,578 - __main__ - INFO - OCR 處理第 1/4 頁完成
2025-09-19 07:09:57,268 - __main__ - INFO - OCR 處理第 2/4 頁完成
2025-09-19 07:10:03,199 - __main__ - INFO - OCR 處理第 3/4 頁完成
2025-09-19 07:10:06,128 - __main__ - INFO - OCR 處理第 4/4 頁完成
2025-09-19 07:10:06,129 - __main__ - INFO -   提取文字: 4397 字元, 4 頁
2025-09-19 07:10:16,618 - __main__ - INFO - PDF 類型: SCANNED（掃描檔）
2025-09-19 07:10:16,620 - __main__ - INFO - 偵測到文檔類型: ECN
2025-09-19 07:10:16,626 - __main__ - WARNING - 資料庫連線已斷開，嘗試重新連線...
2025-09-19 07:10:16,628 - __main__ - INFO - ✅ 資料庫連線成功: mysql:3306/fuhsin_erp_demo
2025-09-19 07:10:16,646 - __main__ - WARNING - 資料庫連線已斷開，嘗試重新連線...
2025-09-19 07:10:16,647 - __main__ - INFO - ✅ 資料庫連線成功: mysql:3306/fuhsin_erp_demo
2025-09-19 07:10:16,650 - __main__ - INFO -   ✅ 成功處理，耗時: 77068ms
2025-09-19 07:10:17,659 - __main__ - INFO - 📄 開始處理: G鎖-設變單通知單-2.pdf (390.5 KB)
2025-09-19 07:10:17,660 - __main__ - WARNING - 資料庫連線已斷開，嘗試重新連線...
2025-09-19 07:10:17,663 - __main__ - INFO - ✅ 資料庫連線成功: mysql:3306/fuhsin_erp_demo
2025-09-19 07:10:17,670 - __main__ - INFO - PDF 類型: SCANNED（掃描檔）
2025-09-19 07:10:17,673 - __main__ - WARNING - 文字提取結果過少，嘗試 OCR: G鎖-設變單通知單-2.pdf
2025-09-19 07:10:17,673 - __main__ - INFO - 開始 OCR 處理: G鎖-設變單通知單-2.pdf
2025-09-19 07:10:20,302 - __main__ - INFO - OCR 處理第 1/1 頁完成
2025-09-19 07:10:20,302 - __main__ - INFO -   提取文字: 520 字元, 1 頁
2025-09-19 07:10:20,305 - __main__ - INFO - PDF 類型: SCANNED（掃描檔）
2025-09-19 07:10:20,305 - __main__ - INFO - 偵測到文檔類型: ECN
2025-09-19 07:10:20,306 - __main__ - WARNING - 資料庫連線已斷開，嘗試重新連線...
2025-09-19 07:10:20,310 - __main__ - INFO - ✅ 資料庫連線成功: mysql:3306/fuhsin_erp_demo
2025-09-19 07:10:20,315 - __main__ - WARNING - 資料庫連線已斷開，嘗試重新連線...
2025-09-19 07:10:20,316 - __main__ - INFO - ✅ 資料庫連線成功: mysql:3306/fuhsin_erp_demo
2025-09-19 07:10:20,318 - __main__ - INFO -   ✅ 成功處理，耗時: 2658ms
2025-09-19 07:10:21,327 - __main__ - INFO - 📄 開始處理: G鎖-設變單通知單-3.pdf (707.9 KB)
2025-09-19 07:10:21,328 - __main__ - WARNING - 資料庫連線已斷開，嘗試重新連線...
2025-09-19 07:10:21,331 - __main__ - INFO - ✅ 資料庫連線成功: mysql:3306/fuhsin_erp_demo
2025-09-19 07:10:21,339 - __main__ - INFO - PDF 類型: SCANNED（掃描檔）
2025-09-19 07:10:21,345 - __main__ - WARNING - 文字提取結果過少，嘗試 OCR: G鎖-設變單通知單-3.pdf
2025-09-19 07:10:21,345 - __main__ - INFO - 開始 OCR 處理: G鎖-設變單通知單-3.pdf
2025-09-19 07:10:23,316 - __main__ - INFO - OCR 處理第 1/2 頁完成
2025-09-19 07:10:23,991 - __main__ - INFO - OCR 處理第 2/2 頁完成
2025-09-19 07:10:23,992 - __main__ - INFO -   提取文字: 443 字元, 2 頁
2025-09-19 07:10:23,995 - __main__ - INFO - PDF 類型: SCANNED（掃描檔）
2025-09-19 07:10:23,995 - __main__ - INFO - 偵測到文檔類型: ECN
2025-09-19 07:10:23,996 - __main__ - WARNING - 資料庫連線已斷開，嘗試重新連線...
2025-09-19 07:10:23,998 - __main__ - INFO - ✅ 資料庫連線成功: mysql:3306/fuhsin_erp_demo
2025-09-19 07:10:24,000 - __main__ - WARNING - 資料庫連線已斷開，嘗試重新連線...
2025-09-19 07:10:24,001 - __main__ - INFO - ✅ 資料庫連線成功: mysql:3306/fuhsin_erp_demo
2025-09-19 07:10:24,003 - __main__ - INFO -   ✅ 成功處理，耗時: 2676ms
2025-09-19 07:10:25,004 - __main__ - INFO - ✨ 本輪處理完成，共 3 個檔案
2025-09-19 07:10:25,006 - __main__ - WARNING - 資料庫連線已斷開，嘗試重新連線...
2025-09-19 07:10:25,011 - __main__ - INFO - ✅ 資料庫連線成功: mysql:3306/fuhsin_erp_demo
2025-09-19 07:10:25,015 - __main__ - INFO - 📊 累計處理 3 份文檔
2025-09-19 07:10:25,018 - __main__ - INFO - 🔍 發現 18 個待處理檔案
2025-09-19 07:10:25,022 - __main__ - INFO - 📄 開始處理: G鎖-FMEA.pdf (164.3 KB)
2025-09-19 07:10:25,022 - __main__ - WARNING - 資料庫連線已斷開，嘗試重新連線...
2025-09-19 07:10:25,035 - __main__ - INFO - ✅ 資料庫連線成功: mysql:3306/fuhsin_erp_demo
2025-09-19 07:10:25,108 - __main__ - INFO - PDF 類型: TABLE_FORM（表單型）
2025-09-19 07:10:25,138 - __main__ - INFO -   提取文字: 611 字元, 1 頁
2025-09-19 07:10:25,184 - __main__ - INFO - PDF 類型: TABLE_FORM（表單型）
2025-09-19 07:10:25,214 - __main__ - INFO -   提取表單欄位: 13 個
2025-09-19 07:10:25,214 - __main__ - INFO - 偵測到文檔類型: DFMEA
2025-09-19 07:10:25,215 - __main__ - WARNING - 資料庫連線已斷開，嘗試重新連線...
2025-09-19 07:10:25,216 - __main__ - INFO - ✅ 資料庫連線成功: mysql:3306/fuhsin_erp_demo
2025-09-19 07:10:25,222 - __main__ - WARNING - 資料庫連線已斷開，嘗試重新連線...
2025-09-19 07:10:25,223 - __main__ - INFO - ✅ 資料庫連線成功: mysql:3306/fuhsin_erp_demo
2025-09-19 07:10:25,225 - __main__ - INFO -   ✅ 成功處理，耗時: 201ms
2025-09-19 07:10:26,253 - __main__ - INFO - 📄 開始處理: G鎖-設變單通知單-4.pdf (2333.8 KB)
2025-09-19 07:10:26,254 - __main__ - WARNING - 資料庫連線已斷開，嘗試重新連線...
2025-09-19 07:10:26,256 - __main__ - INFO - ✅ 資料庫連線成功: mysql:3306/fuhsin_erp_demo
2025-09-19 07:10:26,263 - __main__ - INFO - PDF 類型: SCANNED（掃描檔）
2025-09-19 07:10:26,271 - __main__ - WARNING - 文字提取結果過少，嘗試 OCR: G鎖-設變單通知單-4.pdf
2025-09-19 07:10:26,271 - __main__ - INFO - 開始 OCR 處理: G鎖-設變單通知單-4.pdf
2025-09-19 07:10:31,581 - __main__ - INFO - OCR 處理第 1/6 頁完成
2025-09-19 07:10:32,194 - __main__ - INFO - OCR 處理第 2/6 頁完成
2025-09-19 07:10:32,860 - __main__ - INFO - OCR 處理第 3/6 頁完成
2025-09-19 07:10:33,438 - __main__ - INFO - OCR 處理第 4/6 頁完成
2025-09-19 07:10:35,694 - __main__ - INFO - OCR 處理第 5/6 頁完成
2025-09-19 07:10:38,438 - __main__ - INFO - OCR 處理第 6/6 頁完成
2025-09-19 07:10:38,440 - __main__ - INFO -   提取文字: 3562 字元, 6 頁
2025-09-19 07:10:38,443 - __main__ - INFO - PDF 類型: SCANNED（掃描檔）
2025-09-19 07:10:38,443 - __main__ - INFO - 偵測到文檔類型: ECN
2025-09-19 07:10:38,447 - __main__ - WARNING - 資料庫連線已斷開，嘗試重新連線...
2025-09-19 07:10:38,449 - __main__ - INFO - ✅ 資料庫連線成功: mysql:3306/fuhsin_erp_demo
2025-09-19 07:10:38,453 - __main__ - WARNING - 資料庫連線已斷開，嘗試重新連線...
2025-09-19 07:10:38,454 - __main__ - INFO - ✅ 資料庫連線成功: mysql:3306/fuhsin_erp_demo
2025-09-19 07:10:38,455 - __main__ - INFO -   ✅ 成功處理，耗時: 12213ms
2025-09-19 07:10:39,478 - __main__ - INFO - 📄 開始處理: G鎖-設變單通知單.pdf (651.5 KB)
2025-09-19 07:10:39,479 - __main__ - WARNING - 資料庫連線已斷開，嘗試重新連線...
2025-09-19 07:10:39,480 - __main__ - INFO - ✅ 資料庫連線成功: mysql:3306/fuhsin_erp_demo
2025-09-19 07:10:39,485 - __main__ - INFO - PDF 類型: SCANNED（掃描檔）
2025-09-19 07:10:39,487 - __main__ - WARNING - 文字提取結果過少，嘗試 OCR: G鎖-設變單通知單.pdf
2025-09-19 07:10:39,487 - __main__ - INFO - 開始 OCR 處理: G鎖-設變單通知單.pdf
2025-09-19 07:10:41,904 - __main__ - INFO - OCR 處理第 1/2 頁完成
2025-09-19 07:10:44,057 - __main__ - INFO - OCR 處理第 2/2 頁完成
2025-09-19 07:10:44,057 - __main__ - INFO -   提取文字: 1056 字元, 2 頁
2025-09-19 07:10:44,060 - __main__ - INFO - PDF 類型: SCANNED（掃描檔）
2025-09-19 07:10:44,060 - __main__ - INFO - 偵測到文檔類型: ECN
2025-09-19 07:10:44,061 - __main__ - WARNING - 資料庫連線已斷開，嘗試重新連線...
2025-09-19 07:10:44,063 - __main__ - INFO - ✅ 資料庫連線成功: mysql:3306/fuhsin_erp_demo
2025-09-19 07:10:44,066 - __main__ - WARNING - 資料庫連線已斷開，嘗試重新連線...
2025-09-19 07:10:44,066 - __main__ - INFO - ✅ 資料庫連線成功: mysql:3306/fuhsin_erp_demo
2025-09-19 07:10:44,068 - __main__ - INFO -   ✅ 成功處理，耗時: 4590ms
2025-09-19 07:10:45,070 - __main__ - INFO - ✨ 本輪處理完成，共 3 個檔案
2025-09-19 07:10:45,071 - __main__ - WARNING - 資料庫連線已斷開，嘗試重新連線...
2025-09-19 07:10:45,073 - __main__ - INFO - ✅ 資料庫連線成功: mysql:3306/fuhsin_erp_demo
2025-09-19 07:10:45,075 - __main__ - INFO - 📊 累計處理 6 份文檔
2025-09-19 07:10:45,077 - __main__ - INFO - 🔍 發現 15 個待處理檔案
2025-09-19 07:10:45,141 - __main__ - INFO - 📄 開始處理: G鎖-設變申請單-2.pdf (4549.1 KB)
2025-09-19 07:10:45,142 - __main__ - WARNING - 資料庫連線已斷開，嘗試重新連線...
2025-09-19 07:10:45,144 - __main__ - INFO - ✅ 資料庫連線成功: mysql:3306/fuhsin_erp_demo
2025-09-19 07:10:54,971 - __main__ - INFO - PDF 類型: SCANNED（掃描檔）
2025-09-19 07:11:05,799 - __main__ - WARNING - 文字提取結果過少，嘗試 OCR: G鎖-設變申請單-2.pdf
2025-09-19 07:11:05,800 - __main__ - INFO - 開始 OCR 處理: G鎖-設變申請單-2.pdf
2025-09-19 07:11:09,429 - __main__ - INFO - OCR 處理第 1/2 頁完成
2025-09-19 07:11:10,622 - __main__ - INFO - OCR 處理第 2/2 頁完成
2025-09-19 07:11:10,622 - __main__ - INFO -   提取文字: 1271 字元, 2 頁
2025-09-19 07:11:19,809 - __main__ - INFO - PDF 類型: SCANNED（掃描檔）
2025-09-19 07:11:19,810 - __main__ - INFO - 偵測到文檔類型: ECN
2025-09-19 07:11:19,812 - __main__ - WARNING - 資料庫連線已斷開，嘗試重新連線...
2025-09-19 07:11:19,813 - __main__ - INFO - ✅ 資料庫連線成功: mysql:3306/fuhsin_erp_demo
2025-09-19 07:11:19,822 - __main__ - WARNING - 資料庫連線已斷開，嘗試重新連線...
2025-09-19 07:11:19,823 - __main__ - INFO - ✅ 資料庫連線成功: mysql:3306/fuhsin_erp_demo
2025-09-19 07:11:19,825 - __main__ - INFO -   ✅ 成功處理，耗時: 34693ms
2025-09-19 07:11:20,861 - __main__ - INFO - 📄 開始處理: G鎖-設變申請單-3.pdf (4077.5 KB)
2025-09-19 07:11:20,862 - __main__ - WARNING - 資料庫連線已斷開，嘗試重新連線...
2025-09-19 07:11:20,864 - __main__ - INFO - ✅ 資料庫連線成功: mysql:3306/fuhsin_erp_demo
2025-09-19 07:11:29,759 - __main__ - INFO - PDF 類型: SCANNED（掃描檔）
2025-09-19 07:11:39,450 - __main__ - WARNING - 文字提取結果過少，嘗試 OCR: G鎖-設變申請單-3.pdf
2025-09-19 07:11:39,451 - __main__ - INFO - 開始 OCR 處理: G鎖-設變申請單-3.pdf
2025-09-19 07:11:43,108 - __main__ - INFO - OCR 處理第 1/2 頁完成
2025-09-19 07:11:44,040 - __main__ - INFO - OCR 處理第 2/2 頁完成
2025-09-19 07:11:44,041 - __main__ - INFO -   提取文字: 1268 字元, 2 頁
2025-09-19 07:11:53,132 - __main__ - INFO - PDF 類型: SCANNED（掃描檔）
2025-09-19 07:11:53,133 - __main__ - INFO - 偵測到文檔類型: ECN
2025-09-19 07:11:53,135 - __main__ - WARNING - 資料庫連線已斷開，嘗試重新連線...
2025-09-19 07:11:53,137 - __main__ - INFO - ✅ 資料庫連線成功: mysql:3306/fuhsin_erp_demo
2025-09-19 07:11:53,145 - __main__ - WARNING - 資料庫連線已斷開，嘗試重新連線...
2025-09-19 07:11:53,147 - __main__ - INFO - ✅ 資料庫連線成功: mysql:3306/fuhsin_erp_demo
2025-09-19 07:11:53,149 - __main__ - INFO -   ✅ 成功處理，耗時: 32300ms
2025-09-19 07:11:54,197 - __main__ - INFO - 📄 開始處理: G鎖-設變申請單-4.pdf (5435.5 KB)
2025-09-19 07:11:54,198 - __main__ - WARNING - 資料庫連線已斷開，嘗試重新連線...
2025-09-19 07:11:54,200 - __main__ - INFO - ✅ 資料庫連線成功: mysql:3306/fuhsin_erp_demo
2025-09-19 07:12:04,996 - __main__ - INFO - PDF 類型: SCANNED（掃描檔）
2025-09-19 07:12:18,148 - __main__ - WARNING - 文字提取結果過少，嘗試 OCR: G鎖-設變申請單-4.pdf
2025-09-19 07:12:18,149 - __main__ - INFO - 開始 OCR 處理: G鎖-設變申請單-4.pdf
2025-09-19 07:12:22,461 - __main__ - INFO - OCR 處理第 1/2 頁完成
2025-09-19 07:12:23,693 - __main__ - INFO - OCR 處理第 2/2 頁完成
2025-09-19 07:12:23,693 - __main__ - INFO -   提取文字: 1465 字元, 2 頁
2025-09-19 07:12:34,440 - __main__ - INFO - PDF 類型: SCANNED（掃描檔）
2025-09-19 07:12:34,441 - __main__ - INFO - 偵測到文檔類型: ECN
2025-09-19 07:12:34,443 - __main__ - WARNING - 資料庫連線已斷開，嘗試重新連線...
2025-09-19 07:12:34,444 - __main__ - INFO - ✅ 資料庫連線成功: mysql:3306/fuhsin_erp_demo
2025-09-19 07:12:34,455 - __main__ - WARNING - 資料庫連線已斷開，嘗試重新連線...
2025-09-19 07:12:34,457 - __main__ - INFO - ✅ 資料庫連線成功: mysql:3306/fuhsin_erp_demo
2025-09-19 07:12:34,459 - __main__ - INFO -   ✅ 成功處理，耗時: 40275ms
2025-09-19 07:12:35,461 - __main__ - INFO - ✨ 本輪處理完成，共 3 個檔案
2025-09-19 07:12:35,463 - __main__ - WARNING - 資料庫連線已斷開，嘗試重新連線...
2025-09-19 07:12:35,470 - __main__ - INFO - ✅ 資料庫連線成功: mysql:3306/fuhsin_erp_demo
2025-09-19 07:12:35,475 - __main__ - INFO - 📊 累計處理 9 份文檔
2025-09-19 07:12:35,478 - __main__ - INFO - 🔍 發現 12 個待處理檔案
2025-09-19 07:12:35,520 - __main__ - INFO - 📄 開始處理: G鎖-設變申請單.pdf (5890.8 KB)
2025-09-19 07:12:35,521 - __main__ - WARNING - 資料庫連線已斷開，嘗試重新連線...
2025-09-19 07:12:35,522 - __main__ - INFO - ✅ 資料庫連線成功: mysql:3306/fuhsin_erp_demo
2025-09-19 07:12:44,687 - __main__ - INFO - PDF 類型: SCANNED（掃描檔）
2025-09-19 07:12:58,643 - __main__ - WARNING - 文字提取結果過少，嘗試 OCR: G鎖-設變申請單.pdf
2025-09-19 07:12:58,644 - __main__ - INFO - 開始 OCR 處理: G鎖-設變申請單.pdf
2025-09-19 07:13:02,555 - __main__ - INFO - OCR 處理第 1/2 頁完成
2025-09-19 07:13:04,825 - __main__ - INFO - OCR 處理第 2/2 頁完成
2025-09-19 07:13:04,826 - __main__ - INFO -   提取文字: 1902 字元, 2 頁
2025-09-19 07:13:14,161 - __main__ - INFO - PDF 類型: SCANNED（掃描檔）
2025-09-19 07:13:14,162 - __main__ - INFO - 偵測到文檔類型: ECN
2025-09-19 07:13:14,165 - __main__ - WARNING - 資料庫連線已斷開，嘗試重新連線...
2025-09-19 07:13:14,166 - __main__ - INFO - ✅ 資料庫連線成功: mysql:3306/fuhsin_erp_demo
2025-09-19 07:13:14,173 - __main__ - WARNING - 資料庫連線已斷開，嘗試重新連線...
2025-09-19 07:13:14,174 - __main__ - INFO - ✅ 資料庫連線成功: mysql:3306/fuhsin_erp_demo
2025-09-19 07:13:14,176 - __main__ - INFO -   ✅ 成功處理，耗時: 38668ms
2025-09-19 07:13:15,286 - __main__ - INFO - 📄 開始處理: L鎖-客訴資料.pdf (18806.2 KB)
2025-09-19 07:13:15,287 - __main__ - WARNING - 資料庫連線已斷開，嘗試重新連線...
2025-09-19 07:13:15,289 - __main__ - INFO - ✅ 資料庫連線成功: mysql:3306/fuhsin_erp_demo
2025-09-19 07:13:36,248 - __main__ - INFO - PDF 類型: TABLE_FORM（表單型）
2025-09-19 07:14:48,559 - __main__ - INFO - ✅ 資料庫連線成功: mysql:3306/fuhsin_erp_demo
2025-09-19 07:14:48,563 - __main__ - WARNING - 資料庫連線已斷開，嘗試重新連線...
2025-09-19 07:14:48,564 - __main__ - INFO - ✅ 資料庫連線成功: mysql:3306/fuhsin_erp_demo
2025-09-19 07:14:48,567 - __main__ - INFO - ✅ 確認表格存在: technical_documents
2025-09-19 07:14:48,568 - __main__ - INFO - ✅ 確認表格存在: pdf_processing_log
2025-09-19 07:14:48,569 - __main__ - INFO - ✅ 確認表格存在: product_document_mapping
2025-09-19 07:14:48,570 - __main__ - INFO - ✅ 確認表格存在: document_keywords
2025-09-19 07:14:48,570 - __main__ - INFO - ============================================================
2025-09-19 07:14:48,570 - __main__ - INFO - 📊 資料庫表格統計
2025-09-19 07:14:48,570 - __main__ - INFO - ============================================================
2025-09-19 07:14:48,571 - __main__ - INFO -   technical_documents: 10 筆記錄
2025-09-19 07:14:48,571 - __main__ - INFO -   pdf_processing_log: 21 筆記錄
2025-09-19 07:14:48,571 - __main__ - INFO -   product_document_mapping: 13 筆記錄
2025-09-19 07:14:48,571 - __main__ - INFO -   document_keywords: 45 筆記錄
2025-09-19 07:14:48,572 - __main__ - INFO - ============================================================
2025-09-19 07:14:48,572 - __main__ - INFO - 載入狀態檔案，已處理 10 個檔案
2025-09-19 07:14:48,573 - __main__ - INFO - PDF 處理服務初始化完成（增強版）
2025-09-19 07:14:48,573 - __main__ - INFO - ============================================================
2025-09-19 07:14:48,573 - __main__ - INFO - 🚀 PDF 處理服務啟動（增強版）
2025-09-19 07:14:48,573 - __main__ - INFO - 📁 監控目錄: /mnt/pdf/incoming
2025-09-19 07:14:48,573 - __main__ - INFO - ⏱ 掃描間隔: 20 秒
2025-09-19 07:14:48,573 - __main__ - INFO - 📦 批次大小: 3
2025-09-19 07:14:48,573 - __main__ - INFO - 🔍 OCR 狀態: 啟用
2025-09-19 07:14:48,573 - __main__ - INFO - 🐛 調試模式: 關閉
2025-09-19 07:14:48,574 - __main__ - INFO - ============================================================
2025-09-19 07:14:48,574 - __main__ - WARNING - 資料庫連線已斷開，嘗試重新連線...
2025-09-19 07:14:48,575 - __main__ - INFO - ✅ 資料庫連線成功: mysql:3306/fuhsin_erp_demo
2025-09-19 07:14:48,576 - __main__ - INFO - 📊 目前資料庫狀態：
2025-09-19 07:14:48,576 - __main__ - INFO -   總文檔數: 10
2025-09-19 07:14:48,576 - __main__ - INFO -     - DFMEA: 1 份
2025-09-19 07:14:48,576 - __main__ - INFO -     - ECN: 9 份
2025-09-19 07:14:48,576 - __main__ - INFO -   今日處理: 21 份
2025-09-19 07:14:48,576 - __main__ - INFO - ============================================================
2025-09-19 07:14:48,578 - __main__ - INFO - 🔍 發現 10 個待處理檔案
2025-09-19 07:14:48,605 - __main__ - INFO - 📄 開始處理: L鎖-設變單申請單.pdf (4574.5 KB)
2025-09-19 07:14:48,606 - __main__ - WARNING - 資料庫連線已斷開，嘗試重新連線...
2025-09-19 07:14:48,608 - __main__ - INFO - ✅ 資料庫連線成功: mysql:3306/fuhsin_erp_demo
2025-09-19 07:14:58,484 - __main__ - INFO - PDF 類型: SCANNED（掃描檔）
2025-09-19 07:15:09,548 - __main__ - WARNING - 文字提取結果過少，嘗試 OCR: L鎖-設變單申請單.pdf
2025-09-19 07:15:09,548 - __main__ - INFO - 開始 OCR 處理: L鎖-設變單申請單.pdf
2025-09-19 07:15:13,497 - __main__ - INFO - OCR 處理第 1/2 頁完成
2025-09-19 07:15:14,682 - __main__ - INFO - OCR 處理第 2/2 頁完成
2025-09-19 07:15:14,683 - __main__ - INFO -   提取文字: 1216 字元, 2 頁
2025-09-19 07:15:24,253 - __main__ - INFO - PDF 類型: SCANNED（掃描檔）
2025-09-19 07:15:24,254 - __main__ - INFO - 偵測到文檔類型: ECN
2025-09-19 07:15:24,256 - __main__ - WARNING - 資料庫連線已斷開，嘗試重新連線...
2025-09-19 07:15:24,258 - __main__ - INFO - ✅ 資料庫連線成功: mysql:3306/fuhsin_erp_demo
2025-09-19 07:15:24,262 - __main__ - WARNING - 資料庫連線已斷開，嘗試重新連線...
2025-09-19 07:15:24,263 - __main__ - INFO - ✅ 資料庫連線成功: mysql:3306/fuhsin_erp_demo
2025-09-19 07:15:24,265 - __main__ - INFO -   ✅ 成功處理，耗時: 35667ms
2025-09-19 07:15:25,273 - __main__ - INFO - 📄 開始處理: L鎖-設變單通知單.pdf (298.5 KB)
2025-09-19 07:15:25,275 - __main__ - WARNING - 資料庫連線已斷開，嘗試重新連線...
2025-09-19 07:15:25,280 - __main__ - INFO - ✅ 資料庫連線成功: mysql:3306/fuhsin_erp_demo
2025-09-19 07:15:25,288 - __main__ - INFO - PDF 類型: SCANNED（掃描檔）
2025-09-19 07:15:25,291 - __main__ - WARNING - 文字提取結果過少，嘗試 OCR: L鎖-設變單通知單.pdf
2025-09-19 07:15:25,291 - __main__ - INFO - 開始 OCR 處理: L鎖-設變單通知單.pdf
2025-09-19 07:15:26,958 - __main__ - INFO - OCR 處理第 1/1 頁完成
2025-09-19 07:15:26,959 - __main__ - INFO -   提取文字: 360 字元, 1 頁
2025-09-19 07:15:26,961 - __main__ - INFO - PDF 類型: SCANNED（掃描檔）
2025-09-19 07:15:26,962 - __main__ - INFO - 偵測到文檔類型: ECN
2025-09-19 07:15:26,962 - __main__ - WARNING - 資料庫連線已斷開，嘗試重新連線...
2025-09-19 07:15:26,964 - __main__ - INFO - ✅ 資料庫連線成功: mysql:3306/fuhsin_erp_demo
2025-09-19 07:15:26,968 - __main__ - WARNING - 資料庫連線已斷開，嘗試重新連線...
2025-09-19 07:15:26,969 - __main__ - INFO - ✅ 資料庫連線成功: mysql:3306/fuhsin_erp_demo
2025-09-19 07:15:26,971 - __main__ - INFO -   ✅ 成功處理，耗時: 1696ms
2025-09-19 07:15:27,976 - __main__ - INFO - 📄 開始處理: T鎖-FMEA.pdf (154.1 KB)
2025-09-19 07:15:27,977 - __main__ - WARNING - 資料庫連線已斷開，嘗試重新連線...
2025-09-19 07:15:27,980 - __main__ - INFO - ✅ 資料庫連線成功: mysql:3306/fuhsin_erp_demo
2025-09-19 07:15:28,082 - __main__ - INFO - PDF 類型: TABLE_FORM（表單型）
2025-09-19 07:15:28,605 - __main__ - INFO -   提取文字: 1331 字元, 1 頁
2025-09-19 07:15:28,666 - __main__ - INFO - PDF 類型: TABLE_FORM（表單型）
2025-09-19 07:15:28,725 - __main__ - INFO -   提取表單欄位: 33 個
2025-09-19 07:15:28,725 - __main__ - INFO - 偵測到文檔類型: DFMEA
2025-09-19 07:15:28,726 - __main__ - WARNING - 資料庫連線已斷開，嘗試重新連線...
2025-09-19 07:15:28,727 - __main__ - INFO - ✅ 資料庫連線成功: mysql:3306/fuhsin_erp_demo
2025-09-19 07:15:28,731 - __main__ - WARNING - 資料庫連線已斷開，嘗試重新連線...
2025-09-19 07:15:28,732 - __main__ - INFO - ✅ 資料庫連線成功: mysql:3306/fuhsin_erp_demo
2025-09-19 07:15:28,734 - __main__ - INFO -   ✅ 成功處理，耗時: 756ms
2025-09-19 07:15:29,735 - __main__ - INFO - ✨ 本輪處理完成，共 3 個檔案
2025-09-19 07:15:29,738 - __main__ - WARNING - 資料庫連線已斷開，嘗試重新連線...
2025-09-19 07:15:29,742 - __main__ - INFO - ✅ 資料庫連線成功: mysql:3306/fuhsin_erp_demo
2025-09-19 07:15:29,746 - __main__ - INFO - 📊 累計處理 13 份文檔
2025-09-19 07:15:29,748 - __main__ - INFO - 🔍 發現 7 個待處理檔案
2025-09-19 07:15:29,823 - __main__ - INFO - 📄 開始處理: T鎖-客訴資料.pdf (12679.3 KB)
2025-09-19 07:15:29,823 - __main__ - WARNING - 資料庫連線已斷開，嘗試重新連線...
2025-09-19 07:15:29,825 - __main__ - INFO - ✅ 資料庫連線成功: mysql:3306/fuhsin_erp_demo
2025-09-19 07:15:38,129 - __main__ - INFO - PDF 類型: TABLE_FORM（表單型）
2025-09-19 07:16:12,176 - __main__ - WARNING - 文字提取結果過少，嘗試 OCR: T鎖-客訴資料.pdf
2025-09-19 07:16:12,177 - __main__ - INFO - 開始 OCR 處理: T鎖-客訴資料.pdf
2025-09-19 07:16:17,837 - __main__ - INFO - OCR 處理第 1/4 頁完成
2025-09-19 07:16:20,296 - __main__ - INFO - OCR 處理第 2/4 頁完成
2025-09-19 07:16:23,875 - __main__ - INFO - OCR 處理第 3/4 頁完成
2025-09-19 07:16:26,345 - __main__ - INFO - OCR 處理第 4/4 頁完成
2025-09-19 07:16:26,349 - __main__ - INFO -   提取文字: 3342 字元, 4 頁
2025-09-19 07:16:37,028 - __main__ - INFO - PDF 類型: TABLE_FORM（表單型）
2025-09-19 07:17:10,611 - __main__ - INFO - 偵測到文檔類型: ECN
2025-09-19 07:17:10,615 - __main__ - WARNING - 資料庫連線已斷開，嘗試重新連線...
2025-09-19 07:17:10,618 - __main__ - INFO - ✅ 資料庫連線成功: mysql:3306/fuhsin_erp_demo
2025-09-19 07:17:10,630 - __main__ - WARNING - 資料庫連線已斷開，嘗試重新連線...
2025-09-19 07:17:10,631 - __main__ - INFO - ✅ 資料庫連線成功: mysql:3306/fuhsin_erp_demo
2025-09-19 07:17:10,634 - __main__ - INFO -   ✅ 成功處理，耗時: 100835ms
2025-09-19 07:17:11,679 - __main__ - INFO - 📄 開始處理: T鎖-設變單申請單-2.pdf (4930.4 KB)
2025-09-19 07:17:11,679 - __main__ - WARNING - 資料庫連線已斷開，嘗試重新連線...
2025-09-19 07:17:11,682 - __main__ - INFO - ✅ 資料庫連線成功: mysql:3306/fuhsin_erp_demo
2025-09-19 07:17:23,540 - __main__ - INFO - PDF 類型: SCANNED（掃描檔）
2025-09-19 07:17:35,241 - __main__ - WARNING - 文字提取結果過少，嘗試 OCR: T鎖-設變單申請單-2.pdf
2025-09-19 07:17:35,241 - __main__ - INFO - 開始 OCR 處理: T鎖-設變單申請單-2.pdf
2025-09-19 07:17:39,191 - __main__ - INFO - OCR 處理第 1/2 頁完成
2025-09-19 07:17:40,537 - __main__ - INFO - OCR 處理第 2/2 頁完成
2025-09-19 07:17:40,539 - __main__ - INFO -   提取文字: 1486 字元, 2 頁
2025-09-19 07:17:50,157 - __main__ - INFO - PDF 類型: SCANNED（掃描檔）
2025-09-19 07:17:50,158 - __main__ - INFO - 偵測到文檔類型: ECN
2025-09-19 07:17:50,160 - __main__ - WARNING - 資料庫連線已斷開，嘗試重新連線...
2025-09-19 07:17:50,162 - __main__ - INFO - ✅ 資料庫連線成功: mysql:3306/fuhsin_erp_demo
2025-09-19 07:17:50,169 - __main__ - WARNING - 資料庫連線已斷開，嘗試重新連線...
2025-09-19 07:17:50,170 - __main__ - INFO - ✅ 資料庫連線成功: mysql:3306/fuhsin_erp_demo
2025-09-19 07:17:50,172 - __main__ - INFO -   ✅ 成功處理，耗時: 38506ms
2025-09-19 07:17:51,222 - __main__ - INFO - 📄 開始處理: T鎖-設變單申請單-3.pdf (5097.2 KB)
2025-09-19 07:17:51,223 - __main__ - WARNING - 資料庫連線已斷開，嘗試重新連線...
2025-09-19 07:17:51,226 - __main__ - INFO - ✅ 資料庫連線成功: mysql:3306/fuhsin_erp_demo
2025-09-19 07:18:00,367 - __main__ - INFO - PDF 類型: SCANNED（掃描檔）
2025-09-19 07:18:12,173 - __main__ - WARNING - 文字提取結果過少，嘗試 OCR: T鎖-設變單申請單-3.pdf
2025-09-19 07:18:12,174 - __main__ - INFO - 開始 OCR 處理: T鎖-設變單申請單-3.pdf
2025-09-19 07:18:15,889 - __main__ - INFO - OCR 處理第 1/2 頁完成
2025-09-19 07:18:17,435 - __main__ - INFO - OCR 處理第 2/2 頁完成
2025-09-19 07:18:17,436 - __main__ - INFO -   提取文字: 1502 字元, 2 頁
2025-09-19 07:18:26,812 - __main__ - INFO - PDF 類型: SCANNED（掃描檔）
2025-09-19 07:18:26,814 - __main__ - INFO - 偵測到文檔類型: ECN
2025-09-19 07:18:26,816 - __main__ - WARNING - 資料庫連線已斷開，嘗試重新連線...
2025-09-19 07:18:26,818 - __main__ - INFO - ✅ 資料庫連線成功: mysql:3306/fuhsin_erp_demo
2025-09-19 07:18:26,823 - __main__ - WARNING - 資料庫連線已斷開，嘗試重新連線...
2025-09-19 07:18:26,824 - __main__ - INFO - ✅ 資料庫連線成功: mysql:3306/fuhsin_erp_demo
2025-09-19 07:18:26,826 - __main__ - INFO -   ✅ 成功處理，耗時: 35617ms
2025-09-19 07:18:27,827 - __main__ - INFO - ✨ 本輪處理完成，共 3 個檔案
2025-09-19 07:18:27,832 - __main__ - WARNING - 資料庫連線已斷開，嘗試重新連線...
2025-09-19 07:18:27,836 - __main__ - INFO - ✅ 資料庫連線成功: mysql:3306/fuhsin_erp_demo
2025-09-19 07:18:27,839 - __main__ - INFO - 📊 累計處理 16 份文檔
2025-09-19 07:18:27,841 - __main__ - INFO - 🔍 發現 4 個待處理檔案
2025-09-19 07:18:27,879 - __main__ - INFO - 📄 開始處理: T鎖-設變單申請單.pdf (5424.7 KB)
2025-09-19 07:18:27,880 - __main__ - WARNING - 資料庫連線已斷開，嘗試重新連線...
2025-09-19 07:18:27,881 - __main__ - INFO - ✅ 資料庫連線成功: mysql:3306/fuhsin_erp_demo
2025-09-19 07:18:37,379 - __main__ - INFO - PDF 類型: SCANNED（掃描檔）
2025-09-19 07:18:50,021 - __main__ - WARNING - 文字提取結果過少，嘗試 OCR: T鎖-設變單申請單.pdf
2025-09-19 07:18:50,022 - __main__ - INFO - 開始 OCR 處理: T鎖-設變單申請單.pdf
2025-09-19 07:18:53,923 - __main__ - INFO - OCR 處理第 1/2 頁完成
2025-09-19 07:18:55,592 - __main__ - INFO - OCR 處理第 2/2 頁完成
2025-09-19 07:18:55,593 - __main__ - INFO -   提取文字: 1591 字元, 2 頁
2025-09-19 07:19:04,736 - __main__ - INFO - PDF 類型: SCANNED（掃描檔）
2025-09-19 07:19:04,737 - __main__ - INFO - 偵測到文檔類型: ECN
2025-09-19 07:19:04,739 - __main__ - WARNING - 資料庫連線已斷開，嘗試重新連線...
2025-09-19 07:19:04,740 - __main__ - INFO - ✅ 資料庫連線成功: mysql:3306/fuhsin_erp_demo
2025-09-19 07:19:04,745 - __main__ - WARNING - 資料庫連線已斷開，嘗試重新連線...
2025-09-19 07:19:04,747 - __main__ - INFO - ✅ 資料庫連線成功: mysql:3306/fuhsin_erp_demo
2025-09-19 07:19:04,749 - __main__ - INFO -   ✅ 成功處理，耗時: 36881ms
2025-09-19 07:19:05,773 - __main__ - INFO - 📄 開始處理: T鎖-設變單通知單-2.pdf (1678.1 KB)
2025-09-19 07:19:05,774 - __main__ - WARNING - 資料庫連線已斷開，嘗試重新連線...
2025-09-19 07:19:05,781 - __main__ - INFO - ✅ 資料庫連線成功: mysql:3306/fuhsin_erp_demo
2025-09-19 07:19:05,792 - __main__ - INFO - PDF 類型: SCANNED（掃描檔）
2025-09-19 07:19:05,800 - __main__ - WARNING - 文字提取結果過少，嘗試 OCR: T鎖-設變單通知單-2.pdf
2025-09-19 07:19:05,800 - __main__ - INFO - 開始 OCR 處理: T鎖-設變單通知單-2.pdf
2025-09-19 07:19:09,196 - __main__ - INFO - OCR 處理第 1/4 頁完成
2025-09-19 07:19:13,829 - __main__ - INFO - OCR 處理第 2/4 頁完成
2025-09-19 07:19:18,083 - __main__ - INFO - OCR 處理第 3/4 頁完成
2025-09-19 07:19:21,957 - __main__ - INFO - OCR 處理第 4/4 頁完成
2025-09-19 07:19:21,959 - __main__ - INFO -   提取文字: 4118 字元, 4 頁
2025-09-19 07:19:21,963 - __main__ - INFO - PDF 類型: SCANNED（掃描檔）
2025-09-19 07:19:21,965 - __main__ - INFO - 偵測到文檔類型: ECN
2025-09-19 07:19:21,968 - __main__ - WARNING - 資料庫連線已斷開，嘗試重新連線...
2025-09-19 07:19:21,970 - __main__ - INFO - ✅ 資料庫連線成功: mysql:3306/fuhsin_erp_demo
2025-09-19 07:19:21,990 - __main__ - WARNING - 資料庫連線已斷開，嘗試重新連線...
2025-09-19 07:19:21,991 - __main__ - INFO - ✅ 資料庫連線成功: mysql:3306/fuhsin_erp_demo
2025-09-19 07:19:21,994 - __main__ - INFO -   ✅ 成功處理，耗時: 16226ms
2025-09-19 07:19:23,011 - __main__ - INFO - 📄 開始處理: T鎖-設變單通知單-3.pdf (1234.9 KB)
2025-09-19 07:19:23,012 - __main__ - WARNING - 資料庫連線已斷開，嘗試重新連線...
2025-09-19 07:19:23,014 - __main__ - INFO - ✅ 資料庫連線成功: mysql:3306/fuhsin_erp_demo
2025-09-19 07:19:23,022 - __main__ - INFO - PDF 類型: SCANNED（掃描檔）
2025-09-19 07:19:23,027 - __main__ - WARNING - 文字提取結果過少，嘗試 OCR: T鎖-設變單通知單-3.pdf
2025-09-19 07:19:23,027 - __main__ - INFO - 開始 OCR 處理: T鎖-設變單通知單-3.pdf
2025-09-19 07:19:26,387 - __main__ - INFO - OCR 處理第 1/4 頁完成
2025-09-19 07:19:29,349 - __main__ - INFO - OCR 處理第 2/4 頁完成
2025-09-19 07:19:32,324 - __main__ - INFO - OCR 處理第 3/4 頁完成
2025-09-19 07:19:35,328 - __main__ - INFO - OCR 處理第 4/4 頁完成
2025-09-19 07:19:35,329 - __main__ - INFO -   提取文字: 3004 字元, 4 頁
2025-09-19 07:19:35,331 - __main__ - INFO - PDF 類型: SCANNED（掃描檔）
2025-09-19 07:19:35,331 - __main__ - INFO - 偵測到文檔類型: ECN
2025-09-19 07:19:35,334 - __main__ - WARNING - 資料庫連線已斷開，嘗試重新連線...
2025-09-19 07:19:35,335 - __main__ - INFO - ✅ 資料庫連線成功: mysql:3306/fuhsin_erp_demo
2025-09-19 07:19:35,340 - __main__ - WARNING - 資料庫連線已斷開，嘗試重新連線...
2025-09-19 07:19:35,340 - __main__ - INFO - ✅ 資料庫連線成功: mysql:3306/fuhsin_erp_demo
2025-09-19 07:19:35,343 - __main__ - INFO -   ✅ 成功處理，耗時: 12335ms
2025-09-19 07:19:36,350 - __main__ - INFO - ✨ 本輪處理完成，共 3 個檔案
2025-09-19 07:19:36,351 - __main__ - WARNING - 資料庫連線已斷開，嘗試重新連線...
2025-09-19 07:19:36,353 - __main__ - INFO - ✅ 資料庫連線成功: mysql:3306/fuhsin_erp_demo
2025-09-19 07:19:36,355 - __main__ - INFO - 📊 累計處理 19 份文檔
2025-09-19 07:19:36,355 - __main__ - INFO - 🔍 發現 1 個待處理檔案
2025-09-19 07:19:36,367 - __main__ - INFO - 📄 開始處理: T鎖-設變單通知單.pdf (2156.4 KB)
2025-09-19 07:19:36,368 - __main__ - WARNING - 資料庫連線已斷開，嘗試重新連線...
2025-09-19 07:19:36,369 - __main__ - INFO - ✅ 資料庫連線成功: mysql:3306/fuhsin_erp_demo
2025-09-19 07:19:36,373 - __main__ - INFO - PDF 類型: SCANNED（掃描檔）
2025-09-19 07:19:36,379 - __main__ - WARNING - 文字提取結果過少，嘗試 OCR: T鎖-設變單通知單.pdf
2025-09-19 07:19:36,379 - __main__ - INFO - 開始 OCR 處理: T鎖-設變單通知單.pdf
2025-09-19 07:19:40,014 - __main__ - INFO - OCR 處理第 1/5 頁完成
2025-09-19 07:19:44,840 - __main__ - INFO - OCR 處理第 2/5 頁完成
2025-09-19 07:19:49,146 - __main__ - INFO - OCR 處理第 3/5 頁完成
2025-09-19 07:19:53,868 - __main__ - INFO - OCR 處理第 4/5 頁完成
2025-09-19 07:19:58,761 - __main__ - INFO - OCR 處理第 5/5 頁完成
2025-09-19 07:19:58,764 - __main__ - INFO -   提取文字: 6223 字元, 5 頁
2025-09-19 07:19:58,766 - __main__ - INFO - PDF 類型: SCANNED（掃描檔）
2025-09-19 07:19:58,767 - __main__ - INFO - 偵測到文檔類型: ECN
2025-09-19 07:19:58,772 - __main__ - WARNING - 資料庫連線已斷開，嘗試重新連線...
2025-09-19 07:19:58,773 - __main__ - INFO - ✅ 資料庫連線成功: mysql:3306/fuhsin_erp_demo
2025-09-19 07:19:58,780 - __main__ - WARNING - 資料庫連線已斷開，嘗試重新連線...
2025-09-19 07:19:58,781 - __main__ - INFO - ✅ 資料庫連線成功: mysql:3306/fuhsin_erp_demo
2025-09-19 07:19:58,783 - __main__ - INFO -   ✅ 成功處理，耗時: 22417ms
2025-09-19 07:19:59,784 - __main__ - INFO - ✨ 本輪處理完成，共 1 個檔案
2025-09-19 07:19:59,787 - __main__ - WARNING - 資料庫連線已斷開，嘗試重新連線...
2025-09-19 07:19:59,792 - __main__ - INFO - ✅ 資料庫連線成功: mysql:3306/fuhsin_erp_demo
2025-09-19 07:19:59,800 - __main__ - INFO - 📊 累計處理 20 份文檔
2025-09-19 08:13:09,293 - __main__ - INFO - 🛑 收到中斷信號，準備優雅關閉...
